Date,AUD/USD,Crude Oil Price,Aluminum Price,Iron Ore Price,Australia Inflation Rate,Stock Market Index,GDP Growth Rate,Balance of Trade,Interest Rate,US Fed Funds Rate,USDX
2015-12-31,0.7295159999999999,37.04,1501.0,42.9,2.15,5295.9,0.6,-3524.0,2.0,0.5,98.693
2015-12-30,0.728334,36.6,1534.0,42.5,2.15,5319.941999999999,0.6,-3524.0,2.0,0.5,98.26299999999999
2015-12-29,0.727007,37.87,1525.0,41.4,2.15,5267.344,0.6,-3524.0,2.0,0.5,98.16799999999999
2015-12-28,0.726536,36.81,1532.0,40.5,2.15,5222.04,0.6,-3524.0,2.0,0.5,97.946
2015-12-24,0.724828,38.1,1540.5,40.2,2.15,5207.6,0.6,-3524.0,2.0,0.5,97.984
2015-12-23,0.722751,37.5,1543.0,40.2,2.15,5141.779,0.6,-3524.0,2.0,0.5,98.31700000000001
2015-12-22,0.7203229999999999,36.14,1506.5,40.2,2.15,5116.691,0.6,-3524.0,2.0,0.5,98.21700000000001
2015-12-21,0.716146,34.74,1515.0,39.4,2.15,5109.049,0.6,-3524.0,2.0,0.5,98.47
2015-12-18,0.715615,34.73,1506.0,39.3,2.15,5106.659000000001,0.6,-3524.0,2.0,0.5,98.70299999999999
2015-12-17,0.718329,34.95,1476.0,38.5,2.15,5102.008,0.6,-3524.0,2.0,0.5,99.27
2015-12-16,0.721318,35.52,1486.0,38.2,2.15,5028.447,0.6,-3524.0,2.0,0.5,97.87100000000001
2015-12-15,0.7223350000000001,37.35,1471.0,37.5,2.15,4909.555,0.6,-3524.0,2.0,0.25,98.21700000000001
2015-12-14,0.7218939999999999,36.31,1491.5,37.5,2.15,4928.598,0.6,-3524.0,2.0,0.25,97.604
2015-12-11,0.725273,35.62,1482.0,37.0,2.15,5029.45,0.6,-3524.0,2.0,0.25,97.565
2015-12-10,0.726105,36.76,1491.0,37.5,2.15,5037.717000000001,0.6,-3524.0,2.0,0.25,97.939
2015-12-09,0.722106,37.16,1490.0,38.3,2.15,5080.4529999999995,0.6,-3524.0,2.0,0.25,97.345
2015-12-08,0.725953,37.51,1477.0,38.8,2.15,5108.605,0.6,-3524.0,2.0,0.25,98.47399999999999
2015-12-07,0.7315520000000001,37.65,1485.0,38.9,2.15,5155.697,0.6,-3524.0,2.0,0.25,98.655
2015-12-04,0.732597,39.97,1514.5,39.4,2.15,5151.607,0.6,-3524.0,2.0,0.25,98.354
2015-12-03,0.730287,41.08,1473.0,40.3,2.15,5227.717000000001,0.6,-3524.0,2.0,0.25,97.62100000000001
2015-12-02,0.730287,39.94,1485.5,40.6,2.15,5258.339,0.6,-3524.0,2.0,0.25,99.993
2015-12-01,0.725213,41.85,1469.0,41.6,2.15,5266.139,0.6,-3524.0,2.0,0.25,99.795
2015-11-30,0.720719,41.65,1446.0,42.8,2.15,5166.518,0.6,-2801.0,2.0,0.25,100.17
2015-11-27,0.7217439999999999,41.71,1457.5,43.5,2.15,5202.584,0.6,-2801.0,2.0,0.25,100.02
2015-11-26,0.724183,42.46,1501.0,43.6,2.15,5210.697,0.6,-2801.0,2.0,0.25,99.795
2015-11-25,0.724073,43.04,1460.0,43.4,2.15,5193.681,0.6,-2801.0,2.0,0.25,99.795
2015-11-24,0.720441,42.87,1446.0,43.4,2.15,5226.389,0.6,-2801.0,2.0,0.25,99.527
2015-11-23,0.719954,41.75,1435.5,44.2,2.15,5276.422,0.6,-2801.0,2.0,0.25,99.803
2015-11-20,0.7194159999999999,40.39,1447.0,45.0,2.15,5256.144,0.6,-2801.0,2.0,0.25,99.565
2015-11-19,0.714109,40.54,1466.0,45.1,2.15,5242.566,0.6,-2801.0,2.0,0.25,98.98899999999999
2015-11-18,0.71021,40.75,1472.0,45.8,2.15,5133.113,0.6,-2801.0,2.0,0.25,99.652
2015-11-17,0.710516,40.67,1474.0,45.8,2.15,5118.2429999999995,0.6,-2801.0,2.0,0.25,99.631
2015-11-16,0.711572,41.74,1467.0,47.3,2.15,5003.818,0.6,-2801.0,2.0,0.25,99.44200000000001
2015-11-13,0.712593,40.74,1491.0,47.4,2.15,5051.255,0.6,-2801.0,2.0,0.25,98.99799999999999
2015-11-12,0.7095090000000001,41.75,1492.0,47.8,2.15,5125.692,0.6,-2801.0,2.0,0.25,98.649
2015-11-11,0.705083,42.93,1518.0,47.7,2.15,5122.624,0.6,-2801.0,2.0,0.25,99.01299999999999
2015-11-10,0.704579,44.21,1508.0,47.7,2.15,5099.233,0.6,-2801.0,2.0,0.25,99.29299999999999
2015-11-09,0.707354,43.87,1512.0,47.7,2.15,5119.494000000001,0.6,-2801.0,2.0,0.25,98.979
2015-11-06,0.712635,44.29,1523.0,47.4,2.15,5215.008,0.6,-2801.0,2.0,0.25,99.16799999999999
2015-11-05,0.715795,45.2,1507.0,47.7,2.15,5192.971,0.6,-2801.0,2.0,0.25,97.936
2015-11-04,0.718108,46.32,1504.0,48.3,2.15,5242.293,0.6,-2801.0,2.0,0.25,97.95
2015-11-03,0.716382,47.9,1501.0,48.7,2.15,5239.215999999999,0.6,-2801.0,2.0,0.25,97.15799999999999
2015-11-02,0.712715,46.14,1493.0,49.1,2.15,5165.751,0.6,-2801.0,2.0,0.25,96.928
2015-10-30,0.7102510000000001,46.59,1478.5,49.5,2.15,5239.439,0.6,-2801.0,2.0,0.25,96.946
2015-10-29,0.7110479999999999,46.06,1470.0,49.0,2.15,5266.857,0.6,-2801.0,2.0,0.25,97.28200000000001
2015-10-28,0.7174729999999999,45.94,1483.0,49.5,2.15,5335.223000000001,0.6,-2801.0,2.0,0.25,97.78200000000001
2015-10-27,0.723855,43.2,1476.0,50.8,2.15,5346.151999999999,0.6,-2801.0,2.0,0.25,96.906
2015-10-26,0.724383,43.98,1479.0,50.8,2.15,5347.993,0.6,-2801.0,2.0,0.25,96.861
2015-10-23,0.7228829999999999,44.6,1496.0,50.9,2.15,5351.565,0.6,-2801.0,2.0,0.25,97.12700000000001
2015-10-22,0.722355,45.38,1490.0,51.4,2.15,5263.844,0.6,-2801.0,2.0,0.25,96.37799999999999
2015-10-21,0.7249909999999999,45.2,1515.0,51.9,2.15,5248.305,0.6,-2801.0,2.0,0.25,95.035
2015-10-20,0.727488,45.55,1545.0,52.1,2.15,5235.5740000000005,0.6,-2801.0,2.0,0.25,94.913
2015-10-19,0.727488,45.89,1549.5,52.5,2.15,5269.709,0.6,-2801.0,2.0,0.25,94.928
2015-10-16,0.730087,47.26,1572.5,52.6,2.15,5268.209,0.6,-2801.0,2.0,0.25,94.54
2015-10-15,0.729746,46.38,1574.0,53.2,2.15,5230.045,0.6,-2801.0,2.0,0.25,94.37100000000001
2015-10-14,0.726962,46.64,1593.0,54.3,2.15,5197.251,0.6,-2801.0,2.0,0.25,93.931
2015-10-13,0.732179,46.66,1594.0,54.9,2.15,5202.854,0.6,-2801.0,2.0,0.25,94.759
2015-10-12,0.733064,47.1,1594.0,55.7,2.15,5232.867,0.6,-2801.0,2.0,0.25,94.84100000000001
2015-10-09,0.726263,49.63,1613.0,55.5,2.15,5279.689,0.6,-2801.0,2.0,0.25,94.81299999999999
2015-10-08,0.719902,49.43,1561.0,54.8,2.15,5210.4,0.6,-2801.0,2.0,0.25,95.318
2015-10-07,0.716449,47.81,1577.0,54.4,2.15,5197.874,0.6,-2801.0,2.0,0.25,95.49700000000001
2015-10-06,0.710178,48.53,1553.0,54.0,2.15,5167.402,0.6,-2801.0,2.0,0.25,95.455
2015-10-05,0.70605,46.26,1564.5,54.0,2.15,5150.534000000001,0.6,-2801.0,2.0,0.25,96.10600000000001
2015-10-02,0.7037359999999999,45.54,1558.0,54.0,2.15,5052.017,0.6,-2801.0,2.0,0.25,95.83
2015-10-01,0.703372,44.74,1566.0,54.5,2.15,5112.141,0.6,-2801.0,2.0,0.25,96.185
2015-09-30,0.700036,45.09,1577.0,54.4,2.07,5021.629,1.1,-2431.0,2.0,0.25,96.35
2015-09-29,0.698917,45.23,1564.0,54.7,2.07,4918.429,1.1,-2431.0,2.0,0.25,95.855
2015-09-28,0.701171,44.43,1551.0,56.0,2.07,5113.494000000001,1.1,-2431.0,2.0,0.25,96.03399999999999
2015-09-25,0.7005680000000001,45.7,1567.0,56.2,2.07,5042.11,1.1,-2431.0,2.0,0.25,96.26899999999999
2015-09-24,0.701064,44.91,1579.0,56.8,2.07,5071.666,1.1,-2431.0,2.0,0.25,95.994
2015-09-23,0.706418,44.48,1577.0,56.8,2.07,4998.1320000000005,1.1,-2431.0,2.0,0.25,96.068
2015-09-22,0.712865,45.83,1589.0,57.1,2.07,5103.552,1.1,-2431.0,2.0,0.25,96.28299999999999
2015-09-21,0.718138,46.68,1616.0,57.1,2.07,5066.244000000001,1.1,-2431.0,2.0,0.25,95.89399999999999
2015-09-18,0.7202,44.68,1624.0,57.1,2.07,5170.502,1.1,-2431.0,2.0,0.25,94.863
2015-09-17,0.717208,46.9,1632.0,56.8,2.07,5146.82,1.1,-2431.0,2.0,0.25,94.55
2015-09-16,0.714758,47.15,1626.5,56.0,2.07,5098.861,1.1,-2431.0,2.0,0.25,95.42
2015-09-15,0.712136,44.59,1613.5,56.4,2.07,5018.436,1.1,-2431.0,2.0,0.25,95.611
2015-09-14,0.7096100000000001,44.0,1621.0,57.5,2.07,5096.47,1.1,-2431.0,2.0,0.25,95.24600000000001
2015-09-11,0.705739,44.63,1640.0,58.5,2.07,5071.084,1.1,-2431.0,2.0,0.25,95.194
2015-09-10,0.703637,45.92,1637.5,58.5,2.07,5095.016,1.1,-2431.0,2.0,0.25,95.456
2015-09-09,0.701435,44.15,1630.0,56.9,2.07,5221.128,1.1,-2431.0,2.0,0.25,96.012
2015-09-08,0.6960649999999999,45.94,1631.0,56.4,2.07,5115.25,1.1,-2431.0,2.0,0.25,95.985
2015-09-07,0.6944100000000001,44.26,1600.5,56.0,2.07,5030.420999999999,1.1,-2431.0,2.0,0.25,96.229
2015-09-04,0.6986640000000001,46.05,1608.0,55.0,2.07,5040.603,1.1,-2431.0,2.0,0.25,96.229
2015-09-03,0.7020649999999999,46.75,1630.0,55.8,2.07,5027.799,1.1,-2431.0,2.0,0.25,96.405
2015-09-02,0.704255,46.25,1600.0,55.8,2.07,5101.464,1.1,-2431.0,2.0,0.25,95.82799999999999
2015-09-01,0.71001,45.41,1603.0,55.7,2.07,5096.41,1.1,-2431.0,2.0,0.25,95.45
2015-08-31,0.714256,49.2,1587.75,55.7,2.07,5206.976,1.1,-2561.0,2.0,0.25,95.824
2015-08-28,0.715547,45.22,1603.0,55.5,2.07,5263.559,1.1,-2561.0,2.0,0.25,96.10600000000001
2015-08-27,0.7133520000000001,42.56,1560.0,53.3,2.07,5233.3240000000005,1.1,-2561.0,2.0,0.25,95.61
2015-08-26,0.714579,38.6,1531.5,53.1,2.07,5172.775,1.1,-2561.0,2.0,0.25,95.1
2015-08-25,0.720355,39.31,1557.0,53.3,2.07,5137.252,1.1,-2561.0,2.0,0.25,94.53
2015-08-24,0.726785,38.24,1521.0,53.3,2.07,5001.28,1.1,-2561.0,2.0,0.25,93.33200000000001
2015-08-21,0.732982,40.45,1548.0,55.6,2.07,5214.6,1.1,-2561.0,2.0,0.25,95.008
2015-08-20,0.733712,41.14,1575.0,55.6,2.07,5288.584,1.1,-2561.0,2.0,0.25,95.98
2015-08-19,0.7344970000000001,40.8,1556.5,55.9,2.07,5380.191,1.1,-2561.0,2.0,0.25,96.359
2015-08-18,0.735974,42.62,1554.0,56.0,2.07,5303.149,1.1,-2561.0,2.0,0.25,97.04
2015-08-17,0.7373890000000001,41.87,1568.0,56.0,2.07,5367.656,1.1,-2561.0,2.0,0.25,96.806
2015-08-14,0.737168,42.5,1580.5,56.2,2.07,5356.536999999999,1.1,-2561.0,2.0,0.25,96.52
2015-08-13,0.734521,42.23,1574.0,56.2,2.07,5387.868,1.1,-2561.0,2.0,0.25,96.445
2015-08-12,0.732471,43.3,1589.0,55.8,2.07,5382.0830000000005,1.1,-2561.0,2.0,0.25,96.262
2015-08-11,0.735541,43.08,1587.0,55.9,2.07,5473.229,1.1,-2561.0,2.0,0.25,97.29
2015-08-10,0.738592,44.96,1618.5,56.3,2.07,5509.155,1.1,-2561.0,2.0,0.25,97.15899999999999
2015-08-07,0.736158,43.87,1589.0,56.3,2.07,5474.778,1.1,-2561.0,2.0,0.25,97.56299999999999
2015-08-06,0.734817,44.66,1592.5,56.3,2.07,5610.101,1.1,-2561.0,2.0,0.25,97.833
2015-08-05,0.735966,45.15,1595.0,56.4,2.07,5673.975,1.1,-2561.0,2.0,0.25,97.958
2015-08-04,0.7331310000000001,45.74,1617.0,55.0,2.07,5697.9,1.1,-2561.0,2.0,0.25,97.931
2015-08-03,0.729183,45.17,1612.0,55.3,2.07,5679.344,1.1,-2561.0,2.0,0.25,97.494
2015-07-31,0.7295590000000001,47.12,1618.0,52.9,2.07,5699.164000000001,1.1,-2482.0,2.0,0.25,97.336
2015-07-30,0.7303069999999999,48.52,1643.0,54.6,2.07,5669.523,1.1,-2482.0,2.0,0.25,97.56
2015-07-29,0.7315050000000001,48.79,1662.5,55.3,2.07,5624.156999999999,1.1,-2482.0,2.0,0.25,96.976
2015-07-28,0.7299140000000001,47.98,1655.0,52.2,2.07,5584.685,1.1,-2482.0,2.0,0.25,96.772
2015-07-27,0.7292609999999999,47.39,1639.0,51.4,2.07,5589.8859999999995,1.1,-2482.0,2.0,0.25,96.50200000000001
2015-07-24,0.73302,48.14,1642.5,50.7,2.07,5566.104,1.1,-2482.0,2.0,0.25,97.244
2015-07-23,0.7387060000000001,48.45,1636.0,50.6,2.07,5590.286,1.1,-2482.0,2.0,0.25,97.115
2015-07-22,0.739394,49.19,1659.0,50.7,2.07,5614.569,1.1,-2482.0,2.0,0.25,97.598
2015-07-21,0.7381,50.36,1661.0,52.1,2.07,5706.715,1.1,-2482.0,2.0,0.25,97.32799999999999
2015-07-20,0.738146,50.15,1689.0,51.9,2.07,5686.891,1.1,-2482.0,2.0,0.25,98.029
2015-07-17,0.73943,50.89,1697.0,50.0,2.07,5670.108,1.1,-2482.0,2.0,0.25,97.86200000000001
2015-07-16,0.740647,50.91,1716.0,50.0,2.07,5669.607,1.1,-2482.0,2.0,0.25,97.66799999999999
2015-07-15,0.743354,51.41,1718.0,50.1,2.07,5636.225,1.1,-2482.0,2.0,0.25,97.166
2015-07-14,0.742853,53.04,1707.0,49.4,2.07,5577.403,1.1,-2482.0,2.0,0.25,96.64299999999999
2015-07-13,0.743557,52.2,1713.0,49.9,2.07,5473.17,1.1,-2482.0,2.0,0.25,96.85799999999999
2015-07-10,0.745186,52.74,1699.0,49.9,2.07,5492.0380000000005,1.1,-2482.0,2.0,0.25,96.025
2015-07-09,0.743728,52.78,1700.0,48.3,2.07,5470.974,1.1,-2482.0,2.0,0.25,96.60600000000001
2015-07-08,0.743557,51.65,1671.0,44.1,2.07,5469.528,1.1,-2482.0,2.0,0.25,96.294
2015-07-07,0.747256,52.33,1674.0,49.7,2.07,5581.420999999999,1.1,-2482.0,2.0,0.25,96.865
2015-07-06,0.752436,52.53,1695.0,52.0,2.07,5474.996,1.1,-2482.0,2.0,0.25,96.29799999999999
2015-07-03,0.758699,56.93,1710.0,54.1,2.07,5538.291,1.1,-2482.0,2.0,0.25,96.113
2015-07-02,0.7652,56.93,1724.0,55.8,2.07,5599.816999999999,1.1,-2482.0,2.0,0.25,96.113
2015-07-01,0.768984,56.96,1727.0,58.9,2.07,5515.664000000001,1.1,-2482.0,2.0,0.25,96.31
2015-06-30,0.76753,59.47,1691.0,59.3,1.98,5459.01,0.3,-3657.0,2.0,0.25,95.485
2015-06-29,0.766939,58.33,1701.0,60.5,1.98,5422.486999999999,0.3,-3657.0,2.0,0.25,94.79
2015-06-26,0.770717,59.41,1665.5,60.7,1.98,5545.9,0.3,-3657.0,2.0,0.25,95.47
2015-06-25,0.7730319999999999,59.59,1684.75,61.3,1.98,5632.7,0.3,-3657.0,2.0,0.25,95.19
2015-06-24,0.772417,60.01,1676.25,61.7,1.98,5686.8,0.3,-3657.0,2.0,0.25,95.26
2015-06-23,0.773727,61.05,1684.5,60.5,1.98,5684.3,0.3,-3657.0,2.0,0.25,95.43
2015-06-22,0.776618,60.01,1668.25,60.6,1.98,5610.2,0.3,-3657.0,2.0,0.25,94.33
2015-06-19,0.777404,59.62,1652.75,60.7,1.98,5597.0,0.3,-3657.0,2.0,0.25,94.08
2015-06-18,0.775462,60.41,1663.0,60.9,1.98,5524.9,0.3,-3657.0,2.0,0.25,94.04
2015-06-17,0.772679,59.89,1665.5,60.9,1.98,5595.4,0.3,-3657.0,2.0,0.25,94.3
2015-06-16,0.774688,60.01,1666.0,62.1,1.98,5535.8,0.3,-3657.0,2.0,0.25,95.0
2015-06-15,0.7737,59.53,1676.75,64.5,1.98,5538.8,0.3,-3657.0,2.0,0.25,94.81
2015-06-12,0.77359,59.96,1701.5,65.0,1.98,5545.3,0.3,-3657.0,2.0,0.25,94.97
2015-06-11,0.773734,60.74,1713.25,65.4,1.98,5556.6,0.3,-3657.0,2.0,0.25,94.98
2015-06-10,0.7711680000000001,61.36,1722.5,65.1,1.98,5478.6,0.3,-3657.0,2.0,0.25,94.65
2015-06-09,0.766785,60.15,1711.75,63.9,1.98,5471.3,0.3,-3657.0,2.0,0.25,95.17
2015-06-08,0.7651020000000001,58.15,1710.0,63.8,1.98,5498.5,0.3,-3657.0,2.0,0.25,95.3
2015-06-05,0.769083,59.11,1712.5,63.8,1.98,5498.5,0.3,-3657.0,2.0,0.25,96.31
2015-06-04,0.774859,58.0,1705.75,63.5,1.98,5504.3,0.3,-3657.0,2.0,0.25,95.46
2015-06-03,0.774807,59.67,1714.25,62.6,1.98,5583.6,0.3,-3657.0,2.0,0.25,95.46
2015-06-02,0.766944,61.3,1701.25,62.1,1.98,5636.0,0.3,-3657.0,2.0,0.25,95.83
2015-06-01,0.7642979999999999,60.24,1722.5,61.4,1.98,5735.4,0.3,-3657.0,2.0,0.25,97.39
2015-05-29,0.7662899999999999,60.25,1700.5,61.4,1.98,5777.2,0.3,-3657.0,2.0,0.25,96.91
2015-05-28,0.769678,57.69,1739.75,62.3,1.98,5713.1,0.3,-3657.0,2.0,0.25,96.96
2015-05-27,0.775219,57.51,1699.0,62.6,1.98,5725.3,0.3,-3657.0,2.0,0.25,97.37
2015-05-26,0.780303,57.29,1713.25,62.1,1.98,5773.4,0.3,-3657.0,2.0,0.25,97.3
2015-05-25,0.784499,58.88,1729.75,61.1,1.98,5721.5,0.3,-3657.0,2.0,0.25,96.01
2015-05-22,0.788089,58.88,1729.75,59.9,1.98,5664.7,0.3,-3657.0,2.0,0.25,96.14
2015-05-21,0.789303,60.18,1734.5,57.6,1.98,5662.3,0.3,-3657.0,2.0,0.25,95.25
2015-05-20,0.7925369999999999,58.96,1744.25,57.8,1.98,5610.3,0.3,-3657.0,2.0,0.25,95.45
2015-05-19,0.7978270000000001,57.3,1749.75,58.4,1.98,5615.5,0.3,-3657.0,2.0,0.25,95.27
2015-05-18,0.8021119999999999,59.44,1783.0,59.0,1.98,5659.2,0.3,-3657.0,2.0,0.25,94.22
2015-05-15,0.806578,59.73,1817.75,61.0,1.98,5735.5,0.3,-3657.0,2.0,0.25,93.13
2015-05-14,0.8077310000000001,59.89,1834.0,61.2,1.98,5696.6,0.3,-3657.0,2.0,0.25,93.46
2015-05-13,0.7999890000000001,60.5,1847.5,62.0,1.98,5715.1,0.3,-3657.0,2.0,0.25,93.62
2015-05-12,0.792917,60.72,1861.0,62.3,1.98,5674.7,0.3,-3657.0,2.0,0.25,94.53
2015-05-11,0.79056,59.23,1846.25,62.5,1.98,5625.2,0.3,-3657.0,2.0,0.25,95.01
2015-05-08,0.79238,59.41,1859.5,60.5,1.98,5634.6,0.3,-3657.0,2.0,0.25,94.79
2015-05-07,0.795771,58.99,1855.5,60.0,1.98,5645.7,0.3,-3657.0,2.0,0.25,94.63
2015-05-06,0.793921,60.93,1900.0,60.1,1.98,5692.2,0.3,-3657.0,2.0,0.25,94.09
2015-05-05,0.786787,60.38,1959.25,59.1,1.98,5826.5,0.3,-3657.0,2.0,0.25,95.08
2015-05-04,0.784741,58.92,1902.25,57.8,1.98,5827.5,0.3,-3657.0,2.25,0.25,95.48
2015-05-01,0.7898689999999999,59.1,1902.25,56.2,1.98,5814.4,0.3,-3657.0,2.25,0.25,95.3
2015-04-30,0.797103,59.62,1933.25,56.2,1.98,5790.0,0.3,-4103.0,2.25,0.25,94.6
2015-04-29,0.797955,58.55,1891.75,56.9,1.98,5838.6,0.3,-4103.0,2.25,0.25,95.21
2015-04-28,0.789097,57.05,1878.75,59.2,1.98,5948.5,0.3,-4103.0,2.25,0.25,96.09
2015-04-27,0.781787,55.56,1846.75,58.7,1.98,5982.7,0.3,-4103.0,2.25,0.25,96.76
2015-04-24,0.777805,55.98,1843.25,57.0,1.98,5933.3,0.3,-4103.0,2.25,0.25,96.92
2015-04-23,0.775413,56.59,1797.75,53.8,1.98,5844.8,0.3,-4103.0,2.25,0.25,97.28
2015-04-22,0.774345,56.17,1820.75,52.9,1.98,5837.5,0.3,-4103.0,2.25,0.25,97.93
2015-04-21,0.773753,55.58,1834.25,50.8,1.98,5872.3,0.3,-4103.0,2.25,0.25,98.0
2015-04-20,0.778213,56.37,1829.25,50.8,1.98,5833.1,0.3,-4103.0,2.25,0.25,97.94
2015-04-17,0.7778,55.71,1834.25,50.7,1.98,5877.9,0.3,-4103.0,2.25,0.25,97.52
2015-04-16,0.770228,56.69,1836.5,50.0,1.98,5947.5,0.3,-4103.0,2.25,0.25,97.41
2015-04-15,0.761178,56.25,1827.0,49.7,1.98,5908.4,0.3,-4103.0,2.25,0.25,98.32
2015-04-14,0.760323,53.3,1792.25,50.1,1.98,5946.6,0.3,-4103.0,2.25,0.25,98.73
2015-04-13,0.763263,51.95,1775.0,48.8,1.98,5960.3,0.3,-4103.0,2.25,0.25,99.49
2015-04-10,0.768996,51.63,1770.0,47.3,1.98,5968.4,0.3,-4103.0,2.25,0.25,99.34
2015-04-09,0.769274,50.79,1765.0,47.8,1.98,5932.2,0.3,-4103.0,2.25,0.25,99.15
2015-04-08,0.766662,50.44,1769.5,47.9,1.98,5960.7,0.3,-4103.0,2.25,0.25,97.94
2015-04-07,0.763779,53.95,1781.75,47.6,1.98,5926.0,0.3,-4103.0,2.25,0.25,97.83
2015-04-06,0.762424,52.08,1781.25,46.7,1.98,5898.6,0.3,-4103.0,2.25,0.25,96.78
2015-04-03,0.760051,49.13,1781.25,46.7,1.98,5898.6,0.3,-4103.0,2.25,0.25,96.54
2015-04-02,0.75946,49.13,1781.25,46.7,1.98,5898.6,0.3,-4103.0,2.25,0.25,97.44
2015-04-01,0.762015,50.12,1775.5,49.0,1.98,5860.8,0.3,-4103.0,2.25,0.25,98.18
2015-03-31,0.765083,47.72,1781.25,51.0,2.27,5891.5,0.9,-1731.0,2.25,0.25,98.36
2015-03-30,0.773141,48.66,1792.0,52.9,2.27,5846.1,0.9,-1731.0,2.25,0.25,97.97
2015-03-27,0.781025,48.83,1775.5,54.1,2.27,5919.9,0.9,-1731.0,2.25,0.25,97.29
2015-03-26,0.784798,51.41,1783.25,54.8,2.27,5879.1,0.9,-1731.0,2.25,0.25,97.44
2015-03-25,0.786981,48.75,1769.0,55.5,2.27,5973.3,0.9,-1731.0,2.25,0.25,96.98
2015-03-24,0.785291,47.03,1781.75,55.6,2.27,5969.1,0.9,-1731.0,2.25,0.25,97.19
2015-03-23,0.7776,47.4,1787.75,54.2,2.27,5956.1,0.9,-1731.0,2.25,0.25,97.03
2015-03-20,0.769949,46.0,1791.75,55.0,2.27,5975.5,0.9,-1731.0,2.25,0.25,97.91
2015-03-19,0.767563,44.02,1778.5,54.5,2.27,5950.8,0.9,-1731.0,2.25,0.25,99.26
2015-03-18,0.76381,44.63,1759.0,54.5,2.27,5842.3,0.9,-1731.0,2.25,0.25,98.55
2015-03-17,0.7638590000000001,43.39,1788.5,57.6,2.27,5842.1,0.9,-1731.0,2.25,0.25,99.58
2015-03-16,0.765266,43.93,1772.5,58.1,2.27,5797.7,0.9,-1731.0,2.25,0.25,99.6
2015-03-13,0.766099,44.88,1769.25,58.1,2.27,5814.5,0.9,-1731.0,2.25,0.25,100.33
2015-03-12,0.76364,47.12,1738.0,57.9,2.27,5850.2,0.9,-1731.0,2.25,0.25,99.43
2015-03-11,0.76251,48.06,1733.25,57.7,2.27,5793.2,0.9,-1731.0,2.25,0.25,99.79
2015-03-10,0.76756,48.42,1746.0,58.5,2.27,5824.2,0.9,-1731.0,2.25,0.25,98.62
2015-03-09,0.773628,49.95,1765.75,58.0,2.27,5821.3,0.9,-1731.0,2.25,0.25,97.59
2015-03-06,0.778621,49.61,1769.25,58.2,2.27,5898.9,0.9,-1731.0,2.25,0.25,97.61
2015-03-05,0.781042,50.76,1786.25,59.3,2.27,5904.2,0.9,-1731.0,2.25,0.25,96.38
2015-03-04,0.7817109999999999,51.53,1786.25,62.1,2.27,5901.6,0.9,-1731.0,2.25,0.25,95.96
2015-03-03,0.779713,50.43,1781.25,62.3,2.27,5933.9,0.9,-1731.0,2.25,0.25,95.38
2015-03-02,0.77913,49.59,1789.0,62.8,2.27,5958.9,0.9,-1731.0,2.25,0.25,95.46
2015-02-27,0.782619,49.84,1801.75,63.0,2.27,5928.8,0.9,-1731.0,2.25,0.25,95.29
2015-02-26,0.786269,47.65,1791.25,62.5,2.27,5908.5,0.9,-1731.0,2.25,0.25,95.29
2015-02-25,0.784253,50.25,1778.75,62.9,2.27,5944.9,0.9,-1731.0,2.25,0.25,94.21
2015-02-24,0.779672,48.48,1792.0,63.4,2.27,5927.0,0.9,-1731.0,2.25,0.25,94.49
2015-02-23,0.78169,49.56,1771.75,63.4,2.27,5908.0,0.9,-1731.0,2.25,0.25,94.57
2015-02-20,0.781161,49.95,1774.5,63.4,2.27,5881.5,0.9,-1731.0,2.25,0.25,94.31
2015-02-19,0.780138,51.12,1799.25,63.4,2.27,5904.2,0.9,-1731.0,2.25,0.25,94.4
2015-02-18,0.780423,52.13,1799.0,63.4,2.27,5915.7,0.9,-1731.0,2.25,0.25,94.2
2015-02-17,0.779119,53.56,1798.5,63.6,2.27,5858.2,0.9,-1731.0,2.25,0.25,94.06
2015-02-16,0.776844,52.66,1804.5,65.1,2.27,5888.7,0.9,-1731.0,2.25,0.25,94.2
2015-02-13,0.773221,52.66,1822.5,63.3,2.27,5877.5,0.9,-1731.0,2.25,0.25,94.2
2015-02-12,0.771466,51.17,1826.4,62.8,2.27,5743.6,0.9,-1731.0,2.25,0.25,94.09
2015-02-11,0.776674,48.8,1802.5,62.2,2.27,5769.1,0.9,-1731.0,2.25,0.25,94.98
2015-02-10,0.779324,50.06,1815.75,62.2,2.27,5800.6,0.9,-1731.0,2.25,0.25,94.76
2015-02-09,0.780217,52.99,1859.0,61.6,2.27,5814.9,0.9,-1731.0,2.25,0.25,94.45
2015-02-06,0.78071,51.66,1856.25,61.8,2.27,5820.2,0.9,-1731.0,2.25,0.25,94.65
2015-02-05,0.778838,50.48,1871.0,61.1,2.27,5811.0,0.9,-1731.0,2.25,0.25,93.57
2015-02-04,0.776587,48.45,1862.0,61.4,2.27,5777.3,0.9,-1731.0,2.25,0.25,93.99
2015-02-03,0.77513,53.04,1855.75,62.0,2.27,5707.4,0.9,-1731.0,2.25,0.25,93.6
2015-02-02,0.778469,49.25,1855.75,61.3,2.27,5625.3,0.9,-1731.0,2.5,0.25,94.5
2015-01-30,0.779343,47.79,1853.75,61.7,2.27,5588.3,0.9,-1731.0,2.5,0.25,94.8
2015-01-29,0.787994,44.12,1808.0,62.3,2.27,5569.5,0.9,-1731.0,2.5,0.25,94.78
2015-01-28,0.795736,44.08,1839.5,62.7,2.27,5552.8,0.9,-1731.0,2.5,0.25,94.47
2015-01-27,0.792431,45.84,1848.0,62.8,2.27,5547.2,0.9,-1731.0,2.5,0.25,94.02
2015-01-26,0.7929229999999999,44.8,1876.75,63.3,2.27,5501.8,0.9,-1731.0,2.5,0.25,94.8
2015-01-23,0.801441,45.26,1823.0,65.9,2.27,5501.8,0.9,-1731.0,2.5,0.25,94.76
2015-01-22,0.812062,45.93,1863.0,66.3,2.27,5419.9,0.9,-1731.0,2.5,0.25,94.08
2015-01-21,0.817851,47.85,1870.75,66.5,2.27,5393.4,0.9,-1731.0,2.5,0.25,92.9
2015-01-20,0.819749,46.13,1842.25,67.4,2.27,5307.7,0.9,-1731.0,2.5,0.25,93.05
2015-01-19,0.821708,48.49,1815.75,67.8,2.27,5309.1,0.9,-1731.0,2.5,0.25,92.52
2015-01-16,0.821326,48.49,1840.25,68.0,2.27,5299.2,0.9,-1731.0,2.5,0.25,92.52
2015-01-15,0.817778,46.37,1781.6,68.0,2.27,5331.4,0.9,-1731.0,2.5,0.25,92.35
2015-01-14,0.814558,48.49,1765.5,67.8,2.27,5353.6,0.9,-1731.0,2.5,0.25,92.16
2015-01-13,0.817258,45.92,1779.25,67.9,2.27,5404.7,0.9,-1731.0,2.5,0.25,92.31
2015-01-12,0.8175439999999999,46.06,1791.0,68.5,2.27,5422.7,0.9,-1731.0,2.5,0.25,91.98
2015-01-09,0.813079,48.35,1789.75,69.8,2.27,5465.6,0.9,-1731.0,2.5,0.25,91.93
2015-01-08,0.809009,48.8,1811.5,70.6,2.27,5381.4,0.9,-1731.0,2.5,0.25,92.37
2015-01-07,0.808579,48.69,1761.75,70.9,2.27,5353.6,0.9,-1731.0,2.5,0.25,91.89
2015-01-06,0.810465,47.98,1755.25,71.1,2.27,5364.8,0.9,-1731.0,2.5,0.25,91.5
2015-01-05,0.809673,50.03,1787.25,70.8,2.27,5450.3,0.9,-1731.0,2.5,0.25,91.38
2015-01-02,0.81439,52.72,1805.25,71.2,2.27,5435.9,0.9,-1731.0,2.5,0.25,91.08
2015-01-01,0.81705,53.45,1825.0,71.2,2.27,5411.0,0.9,-1731.0,2.5,0.25,90.27
2014-12-31,0.817515,53.45,1825.0,71.2,2.1,5411.0,0.4,-786.0,2.5,0.25,90.27
2014-12-30,0.814952,54.14,1831.0,71.2,2.1,5416.6,0.4,-786.0,2.5,0.25,89.99
2014-12-29,0.813037,53.46,1833.5,67.9,2.1,5473.8,0.4,-786.0,2.5,0.25,90.19
2014-12-26,0.811643,54.59,1833.5,66.7,2.1,5394.5,0.4,-786.0,2.5,0.25,90.03
2014-12-25,0.8110390000000001,55.7,1833.5,66.2,2.1,5394.5,0.4,-786.0,2.5,0.25,89.97
2014-12-24,0.811276,55.7,1833.5,66.2,2.1,5394.5,0.4,-786.0,2.5,0.25,89.97
2014-12-23,0.812704,56.78,1843.75,65.6,2.1,5380.9,0.4,-786.0,2.5,0.25,90.06
2014-12-22,0.8152689999999999,55.25,1853.25,68.0,2.1,5442.0,0.4,-786.0,2.5,0.25,89.77
2014-12-19,0.81601,56.91,1880.75,69.5,2.1,5338.6,0.4,-786.0,2.5,0.25,89.6
2014-12-18,0.816533,54.18,1882.75,68.0,2.1,5210.8,0.4,-786.0,2.5,0.25,89.23
2014-12-17,0.8198639999999999,56.43,1892.0,67.9,2.1,5161.9,0.4,-786.0,2.5,0.25,89.13
2014-12-16,0.822857,55.97,1876.5,68.1,2.1,5152.3,0.4,-786.0,2.5,0.25,88.13
2014-12-15,0.8244020000000001,55.96,1895.75,68.6,2.1,5186.1,0.4,-786.0,2.5,0.25,88.46
2014-12-12,0.827702,57.81,1913.15,68.7,2.1,5219.6,0.4,-786.0,2.5,0.25,88.36
2014-12-11,0.8302780000000001,60.01,1927.75,68.8,2.1,5231.0,0.4,-786.0,2.5,0.25,88.66
2014-12-10,0.830041,60.99,1937.75,68.9,2.1,5259.0,0.4,-786.0,2.5,0.25,88.27
2014-12-09,0.8290139999999999,63.74,1956.0,69.4,2.1,5282.7,0.4,-786.0,2.5,0.25,88.69
2014-12-08,0.8320549999999999,63.13,1949.5,69.7,2.1,5372.7,0.4,-786.0,2.5,0.25,89.04
2014-12-05,0.8371620000000001,65.89,1977.75,70.9,2.1,5335.3,0.4,-786.0,2.5,0.25,89.33
2014-12-04,0.8398680000000001,66.73,1994.5,71.1,2.1,5368.8,0.4,-786.0,2.5,0.25,88.7
2014-12-03,0.84399,67.3,1967.0,69.5,2.1,5321.8,0.4,-786.0,2.5,0.25,88.96
2014-12-02,0.847672,66.99,1983.5,69.7,2.1,5281.3,0.4,-786.0,2.5,0.25,88.65
2014-12-01,0.849074,68.98,2044.0,70.6,2.1,5207.7,0.4,-786.0,2.5,0.25,87.95
2014-11-28,0.853355,65.94,2030.5,69.8,2.1,5313.0,0.4,-786.0,2.5,0.25,88.36
2014-11-27,0.8550629999999999,73.7,2075.0,69.7,2.1,5400.9,0.4,-786.0,2.5,0.25,87.61
2014-11-26,0.8542280000000001,73.7,2082.0,68.0,2.1,5396.2,0.4,-786.0,2.5,0.25,87.61
2014-11-25,0.8598309999999999,74.04,2077.5,68.6,2.1,5334.8,0.4,-786.0,2.5,0.25,87.92
2014-11-24,0.865339,75.74,2067.75,70.0,2.1,5361.8,0.4,-786.0,2.5,0.25,88.15
2014-11-21,0.8637309999999999,76.52,2064.75,69.8,2.1,5304.3,0.4,-786.0,2.5,0.25,88.31
2014-11-20,0.8626799999999999,75.63,2042.5,70.0,2.1,5316.2,0.4,-786.0,2.5,0.25,87.59
2014-11-19,0.868072,74.55,2026.0,70.0,2.1,5368.8,0.4,-786.0,2.5,0.25,87.65
2014-11-18,0.8730180000000001,74.55,2021.0,72.1,2.1,5399.7,0.4,-786.0,2.5,0.25,87.57
2014-11-17,0.8732040000000001,75.64,2042.0,75.1,2.1,5412.5,0.4,-786.0,2.5,0.25,87.93
2014-11-14,0.871316,75.91,2028.6,75.5,2.1,5454.3,0.4,-786.0,2.5,0.25,87.52
2014-11-13,0.8716219999999999,74.13,2047.25,75.5,2.1,5442.7,0.4,-786.0,2.5,0.25,87.67
2014-11-12,0.8681180000000001,77.16,2070.25,75.4,2.1,5463.1,0.4,-786.0,2.5,0.25,87.82
2014-11-11,0.864502,77.85,2055.5,75.5,2.1,5517.1,0.4,-786.0,2.5,0.25,87.53
2014-11-10,0.862952,77.43,2037.75,75.5,2.1,5524.0,0.4,-786.0,2.5,0.25,87.81
2014-11-07,0.858943,78.71,2059.75,75.5,2.1,5549.1,0.4,-786.0,2.5,0.25,87.64
2014-11-06,0.8619979999999999,77.87,2082.0,75.6,2.1,5506.1,0.4,-786.0,2.5,0.25,88.01
2014-11-05,0.8686729999999999,78.71,2062.5,76.0,2.1,5517.9,0.4,-786.0,2.5,0.25,87.44
2014-11-04,0.8720959999999999,77.15,2062.5,77.1,2.1,5519.9,0.4,-786.0,2.5,0.25,86.98
2014-11-03,0.875602,78.77,2076.0,77.8,2.1,5506.9,0.4,-786.0,2.5,0.25,87.31
2014-10-31,0.880434,80.53,2057.0,78.5,2.1,5526.6,0.4,-1038.0,2.5,0.25,86.92
2014-10-30,0.882064,81.06,2044.0,79.0,2.1,5476.2,0.4,-1038.0,2.5,0.25,86.15
2014-10-29,0.8852469999999999,82.25,2037.0,78.6,2.1,5447.7,0.4,-1038.0,2.5,0.25,85.95
2014-10-28,0.8822620000000001,81.36,1995.25,78.8,2.1,5452.6,0.4,-1038.0,2.5,0.25,85.41
2014-10-27,0.879495,81.26,1976.25,79.6,2.1,5458.9,0.4,-1038.0,2.5,0.25,85.49
2014-10-24,0.877415,81.27,1959.5,79.8,2.1,5412.2,0.4,-1038.0,2.5,0.25,85.73
2014-10-23,0.877505,82.81,1984.5,80.0,2.1,5383.1,0.4,-1038.0,2.5,0.25,85.84
2014-10-22,0.8790520000000001,80.52,2008.0,81.5,2.1,5385.9,0.4,-1038.0,2.5,0.25,85.74
2014-10-21,0.8790899999999999,83.25,1982.5,81.5,2.1,5325.0,0.4,-1038.0,2.5,0.25,85.3
2014-10-20,0.8771389999999999,82.76,1959.75,81.2,2.1,5319.4,0.4,-1038.0,2.5,0.25,84.95
2014-10-17,0.87561,82.8,1955.5,80.6,2.1,5271.7,0.4,-1038.0,2.5,0.25,85.11
2014-10-16,0.87561,82.33,1888.0,80.5,2.1,5254.9,0.4,-1038.0,2.5,0.25,84.95
2014-10-15,0.8744430000000001,81.82,1892.0,82.2,2.1,5245.6,0.4,-1038.0,2.5,0.25,85.15
2014-10-14,0.874417,81.72,1920.75,83.1,2.1,5207.4,0.4,-1038.0,2.5,0.25,85.82
2014-10-13,0.873576,85.73,1916.0,83.1,2.1,5155.5,0.4,-1038.0,2.5,0.25,85.53
2014-10-10,0.8777379999999999,85.87,1901.75,79.9,2.1,5188.3,0.4,-1038.0,2.5,0.25,85.91
2014-10-09,0.8820959999999999,85.76,1920.1,79.5,2.1,5296.7,0.4,-1038.0,2.5,0.25,85.52
2014-10-08,0.8787879999999999,87.29,1907.25,79.8,2.1,5241.3,0.4,-1038.0,2.5,0.25,85.3
2014-10-07,0.8760100000000001,88.89,1924.5,80.0,2.1,5284.2,0.4,-1038.0,2.5,0.25,85.67
2014-10-06,0.8725709999999999,90.33,1900.25,78.9,2.1,5292.9,0.4,-1038.0,2.5,0.25,85.93
2014-10-03,0.876009,89.76,1885.25,78.9,2.1,5318.2,0.4,-1038.0,2.5,0.25,86.69
2014-10-02,0.875532,91.02,1858.75,78.8,2.1,5297.7,0.4,-1038.0,2.5,0.25,85.6
2014-10-01,0.872122,90.74,1888.5,78.3,2.1,5334.1,0.4,-1038.0,2.5,0.25,85.97
2014-09-30,0.87316,91.17,1928.75,77.5,2.11,5292.8,0.4,-2351.0,2.5,0.25,85.94
2014-09-29,0.8744940000000001,94.53,1930.0,77.7,2.11,5264.2,0.4,-2351.0,2.5,0.25,85.59
2014-09-26,0.8793549999999999,95.55,1913.5,78.6,2.11,5313.4,0.4,-2351.0,2.5,0.25,85.64
2014-09-25,0.883893,93.59,1917.5,78.6,2.11,5382.2,0.4,-2351.0,2.5,0.25,85.19
2014-09-24,0.88723,93.6,1941.0,79.4,2.11,5375.8,0.4,-2351.0,2.5,0.25,85.04
2014-09-23,0.8886059999999999,91.55,1932.0,79.4,2.11,5415.7,0.4,-2351.0,2.5,0.25,84.66
2014-09-22,0.892035,91.46,1941.75,79.8,2.11,5363.0,0.4,-2351.0,2.5,0.25,84.75
2014-09-19,0.8960969999999999,92.43,1941.75,81.7,2.11,5433.1,0.4,-2351.0,2.5,0.25,84.73
2014-09-18,0.899803,93.07,1947.0,83.0,2.11,5415.8,0.4,-2351.0,2.5,0.25,84.32
2014-09-17,0.9049780000000001,94.33,1961.25,84.2,2.11,5407.3,0.4,-2351.0,2.5,0.25,84.34
2014-09-16,0.903118,94.91,1988.5,84.5,2.11,5445.4,0.4,-2351.0,2.5,0.25,84.07
2014-09-15,0.903452,92.86,1952.25,85.2,2.11,5473.5,0.4,-2351.0,2.5,0.25,84.26
2014-09-12,0.9091459999999999,92.18,1992.5,82.0,2.11,5531.1,0.4,-2351.0,2.5,0.25,84.24
2014-09-11,0.915034,92.89,2002.75,81.9,2.11,5546.1,0.4,-2351.0,2.5,0.25,84.3
2014-09-10,0.919867,91.71,2019.75,82.2,2.11,5574.3,0.4,-2351.0,2.5,0.25,84.28
2014-09-09,0.928575,92.73,2032.5,83.2,2.11,5607.9,0.4,-2351.0,2.5,0.25,84.28
2014-09-08,0.9346899999999999,92.64,2065.75,83.6,2.11,5577.0,0.4,-2351.0,2.5,0.25,84.23
2014-09-05,0.9356450000000001,93.32,2066.0,83.6,2.11,5598.7,0.4,-2351.0,2.5,0.25,83.74
2014-09-04,0.933823,94.51,2083.75,84.3,2.11,5631.3,0.4,-2351.0,2.5,0.25,83.82
2014-09-03,0.930685,95.5,2061.5,85.7,2.11,5656.1,0.4,-2351.0,2.5,0.25,82.86
2014-09-02,0.931211,92.92,2089.0,86.7,2.11,5658.5,0.4,-2351.0,2.5,0.25,82.99
2014-09-01,0.9342370000000001,97.86,2080.75,87.1,2.11,5629.8,0.4,-2351.0,2.5,0.25,82.75
2014-08-29,0.934989,97.86,2086.5,87.9,2.11,5625.9,0.4,-2351.0,2.5,0.25,82.75
2014-08-28,0.934408,96.44,2084.25,87.3,2.11,5624.4,0.4,-2351.0,2.5,0.25,82.48
2014-08-27,0.931834,95.82,2085.5,88.2,2.11,5650.2,0.4,-2351.0,2.5,0.25,82.43
2014-08-26,0.9304180000000001,95.78,2071.75,88.9,2.11,5637.6,0.4,-2351.0,2.5,0.25,82.65
2014-08-25,0.9308930000000001,95.39,2058.0,89.2,2.11,5634.9,0.4,-2351.0,2.5,0.25,82.55
2014-08-22,0.930215,93.61,2058.0,90.1,2.11,5645.6,0.4,-2351.0,2.5,0.25,82.34
2014-08-21,0.928826,93.97,2050.25,91.9,2.11,5638.9,0.4,-2351.0,2.5,0.25,82.15
2014-08-20,0.9307979999999999,96.4,2064.0,92.3,2.11,5634.6,0.4,-2351.0,2.5,0.25,82.23
2014-08-19,0.932407,94.35,2024.0,93.0,2.11,5623.8,0.4,-2351.0,2.5,0.25,81.88
2014-08-18,0.932026,96.44,2017.75,93.3,2.11,5587.1,0.4,-2351.0,2.5,0.25,81.58
2014-08-15,0.9315100000000001,97.3,1993.85,93.4,2.11,5566.5,0.4,-2351.0,2.5,0.25,81.42
2014-08-14,0.930258,95.54,1986.5,93.2,2.11,5548.5,0.4,-2351.0,2.5,0.25,81.59
2014-08-13,0.928092,97.57,2009.0,93.2,2.11,5514.7,0.4,-2351.0,2.5,0.25,81.6
2014-08-12,0.926733,97.36,2032.75,94.0,2.11,5530.3,0.4,-2351.0,2.5,0.25,81.5
2014-08-11,0.926903,98.09,2020.25,95.7,2.11,5457.0,0.4,-2351.0,2.5,0.25,81.47
2014-08-08,0.9275129999999999,97.61,2019.75,95.7,2.11,5435.3,0.4,-2351.0,2.5,0.25,81.4
2014-08-07,0.9300139999999999,97.34,2017.5,96.0,2.11,5509.0,0.4,-2351.0,2.5,0.25,81.52
2014-08-06,0.931917,96.93,2013.25,95.9,2.11,5512.0,0.4,-2351.0,2.5,0.25,81.44
2014-08-05,0.9312530000000001,97.34,1998.75,95.5,2.11,5518.6,0.4,-2351.0,2.5,0.25,81.33
2014-08-04,0.9312530000000001,98.26,2013.75,95.4,2.11,5540.9,0.4,-2351.0,2.5,0.25,81.33
2014-08-01,0.930156,97.86,1962.5,95.2,2.11,5556.4,0.4,-2351.0,2.5,0.25,81.3
2014-07-31,0.932668,98.23,1978.5,95.6,2.11,5632.9,0.4,-1132.0,2.5,0.25,81.46
2014-07-30,0.9373600000000001,104.29,2011.0,95.9,2.11,5622.9,0.4,-1132.0,2.5,0.25,81.43
2014-07-29,0.939681,100.91,1965.5,95.3,2.11,5588.4,0.4,-1132.0,2.5,0.25,81.21
2014-07-28,0.940383,105.68,1999.75,94.3,2.11,5577.4,0.4,-1132.0,2.5,0.25,81.02
2014-07-25,0.942069,105.23,1980.0,94.3,2.11,5583.5,0.4,-1132.0,2.5,0.25,81.03
2014-07-24,0.943623,102.76,2008.25,93.6,2.11,5587.8,0.4,-1132.0,2.5,0.25,80.87
2014-07-23,0.9417969999999999,103.11,1996.5,94.3,2.11,5576.7,0.4,-1132.0,2.5,0.25,80.82
2014-07-22,0.9386209999999999,103.89,2024.75,95.4,2.11,5543.3,0.4,-1132.0,2.5,0.25,80.78
2014-07-21,0.9380729999999999,104.64,2003.25,96.0,2.11,5539.9,0.4,-1132.0,2.5,0.25,80.56
2014-07-18,0.937191,103.13,1964.5,96.6,2.11,5531.7,0.4,-1132.0,2.5,0.25,80.52
2014-07-17,0.936401,103.14,1974.25,97.5,2.11,5522.4,0.4,-1132.0,2.5,0.25,80.5
2014-07-16,0.9363469999999999,101.18,1954.5,98.0,2.11,5518.9,0.4,-1132.0,2.5,0.25,80.56
2014-07-15,0.938476,99.86,1940.5,98.0,2.11,5511.3,0.4,-1132.0,2.5,0.25,80.39
2014-07-14,0.93929,101.03,1921.75,97.9,2.11,5511.4,0.4,-1132.0,2.5,0.25,80.19
2014-07-11,0.939536,100.78,1920.0,96.9,2.11,5486.8,0.4,-1132.0,2.5,0.25,80.19
2014-07-10,0.939536,102.91,1898.75,96.9,2.11,5464.4,0.4,-1132.0,2.5,0.25,80.13
2014-07-09,0.939826,102.23,1913.25,96.6,2.11,5452.5,0.4,-1132.0,2.5,0.25,79.99
2014-07-08,0.9381700000000001,103.36,1912.5,96.5,2.11,5510.9,0.4,-1132.0,2.5,0.25,80.18
2014-07-07,0.936024,103.49,1892.25,95.9,2.11,5518.9,0.4,-1132.0,2.5,0.25,80.22
2014-07-04,0.9364790000000001,104.06,1893.25,96.5,2.11,5525.0,0.4,-1132.0,2.5,0.25,80.27
2014-07-03,0.9408290000000001,104.06,1907.0,96.5,2.11,5491.2,0.4,-1132.0,2.5,0.25,80.21
2014-07-02,0.94421,104.48,1896.75,94.7,2.11,5455.4,0.4,-1132.0,2.5,0.25,79.96
2014-07-01,0.94421,105.36,1854.25,94.2,2.11,5375.9,0.4,-1132.0,2.5,0.25,79.81
2014-06-30,0.941725,105.37,1856.75,93.8,2.81,5395.7,0.5,-1671.0,2.5,0.25,79.77
2014-06-27,0.941559,105.76,1849.75,94.9,2.81,5445.1,0.5,-1671.0,2.5,0.25,80.02
2014-06-26,0.9395690000000001,105.79,1862.25,95.3,2.81,5464.3,0.5,-1671.0,2.5,0.25,80.22
2014-06-25,0.9385379999999999,107.04,1866.0,93.7,2.81,5402.0,0.5,-1671.0,2.5,0.25,80.22
2014-06-24,0.9409559999999999,106.64,1862.75,93.3,2.81,5432.8,0.5,-1671.0,2.5,0.25,80.33
2014-06-23,0.9411729999999999,106.83,1852.25,93.4,2.81,5453.3,0.5,-1671.0,2.5,0.25,80.27
2014-06-20,0.9400809999999999,107.3,1847.75,92.1,2.81,5419.5,0.5,-1671.0,2.5,0.25,80.37
2014-06-19,0.938509,106.43,1850.0,90.7,2.81,5468.2,0.5,-1671.0,2.5,0.25,80.32
2014-06-18,0.934998,105.99,1833.25,90.3,2.81,5382.7,0.5,-1671.0,2.5,0.25,80.58
2014-06-17,0.937192,106.3,1807.75,89.3,2.81,5400.7,0.5,-1671.0,2.5,0.25,80.63
2014-06-16,0.9398989999999999,106.87,1809.25,89.0,2.81,5412.3,0.5,-1671.0,2.5,0.25,80.47
2014-06-13,0.9404049999999999,106.84,1803.75,90.9,2.81,5405.1,0.5,-1671.0,2.5,0.25,80.58
2014-06-12,0.9394389999999999,106.55,1803.75,91.5,2.81,5428.8,0.5,-1671.0,2.5,0.25,80.58
2014-06-11,0.93758,104.39,1827.0,93.5,2.81,5454.0,0.5,-1671.0,2.5,0.25,80.77
2014-06-10,0.9357280000000001,104.37,1865.5,93.6,2.81,5469.7,0.5,-1671.0,2.5,0.25,80.82
2014-06-09,0.934457,104.44,1886.0,94.3,2.81,5464.0,0.5,-1671.0,2.5,0.25,80.65
2014-06-06,0.932204,102.67,1856.75,94.5,2.81,5464.0,0.5,-1671.0,2.5,0.25,80.41
2014-06-05,0.9287280000000001,102.52,1824.25,94.3,2.81,5436.9,0.5,-1671.0,2.5,0.25,80.37
2014-06-04,0.9265260000000001,102.62,1812.75,94.6,2.81,5444.8,0.5,-1671.0,2.5,0.25,80.66
2014-06-03,0.9259700000000001,102.69,1824.0,92.5,2.81,5479.7,0.5,-1671.0,2.5,0.25,80.55
2014-06-02,0.928032,102.42,1816.5,92.1,2.81,5518.5,0.5,-1671.0,2.5,0.25,80.64
2014-05-30,0.929794,102.75,1806.5,91.8,2.81,5492.5,0.5,-1671.0,2.5,0.25,80.37
2014-05-29,0.926537,103.61,1810.0,95.7,2.81,5519.5,0.5,-1671.0,2.5,0.25,80.49
2014-05-28,0.924795,102.72,1801.25,96.8,2.81,5527.2,0.5,-1671.0,2.5,0.25,80.57
2014-05-27,0.924839,104.13,1788.25,98.1,2.81,5511.7,0.5,-1671.0,2.5,0.25,80.35
2014-05-26,0.9237049999999999,105.01,1776.0,98.6,2.81,5512.8,0.5,-1671.0,2.5,0.25,80.39
2014-05-23,0.9237569999999999,105.01,1776.0,97.5,2.81,5492.8,0.5,-1671.0,2.5,0.25,80.39
2014-05-22,0.923839,104.03,1757.5,98.8,2.81,5479.9,0.5,-1671.0,2.5,0.25,80.25
2014-05-21,0.925006,104.31,1726.75,98.5,2.81,5424.6,0.5,-1671.0,2.5,0.25,80.09
2014-05-20,0.930881,102.51,1728.75,97.5,2.81,5420.4,0.5,-1671.0,2.5,0.25,80.04
2014-05-19,0.935514,102.66,1732.25,98.5,2.81,5409.0,0.5,-1671.0,2.5,0.25,79.99
2014-05-16,0.936119,102.02,1728.25,100.7,2.81,5479.0,0.5,-1671.0,2.5,0.25,80.04
2014-05-15,0.937248,101.45,1733.0,102.8,2.81,5510.8,0.5,-1671.0,2.5,0.25,80.0
2014-05-14,0.9374680000000001,102.34,1765.75,103.5,2.81,5496.5,0.5,-1671.0,2.5,0.25,80.07
2014-05-13,0.935959,101.72,1736.75,103.0,2.81,5498.2,0.5,-1671.0,2.5,0.25,80.14
2014-05-12,0.936425,100.6,1742.25,103.0,2.81,5448.4,0.5,-1671.0,2.5,0.25,79.9
2014-05-09,0.936536,100.03,1718.0,102.7,2.81,5460.8,0.5,-1671.0,2.5,0.25,79.9
2014-05-08,0.935846,100.23,1722.75,103.7,2.81,5476.8,0.5,-1671.0,2.5,0.25,79.36
2014-05-07,0.9331280000000001,100.77,1723.5,105.1,2.81,5435.8,0.5,-1671.0,2.5,0.25,79.2
2014-05-06,0.929983,99.52,1738.75,106.0,2.81,5481.4,0.5,-1671.0,2.5,0.25,79.09
2014-05-05,0.926824,99.45,1742.5,105.9,2.81,5462.2,0.5,-1671.0,2.5,0.25,79.49
2014-05-02,0.9270889999999999,99.8,1742.5,106.0,2.81,5458.1,0.5,-1671.0,2.5,0.25,79.52
2014-05-01,0.928119,99.4,1742.25,105.4,2.81,5448.8,0.5,-1671.0,2.5,0.25,79.53
2014-04-30,0.927057,99.78,1756.25,105.4,2.81,5489.1,0.5,-387.0,2.5,0.25,79.47
2014-04-29,0.9264819999999999,101.27,1771.0,108.3,2.81,5486.6,0.5,-387.0,2.5,0.25,79.81
2014-04-28,0.927527,100.84,1787.75,108.6,2.81,5536.1,0.5,-387.0,2.5,0.25,79.68
2014-04-25,0.927475,100.85,1814.25,111.0,2.81,5531.0,0.5,-387.0,2.5,0.25,79.75
2014-04-24,0.928473,102.2,1839.5,113.2,2.81,5531.0,0.5,-387.0,2.5,0.25,79.8
2014-04-23,0.9319850000000001,101.47,1837.25,112.2,2.81,5517.8,0.5,-387.0,2.5,0.25,79.85
2014-04-22,0.9345620000000001,101.69,1854.75,112.5,2.81,5479.3,0.5,-387.0,2.5,0.25,79.9
2014-04-21,0.933076,104.35,1829.5,113.3,2.81,5454.2,0.5,-387.0,2.5,0.25,79.94
2014-04-18,0.934113,104.33,1829.5,116.5,2.81,5454.2,0.5,-387.0,2.5,0.25,79.83
2014-04-17,0.935782,104.33,1829.5,116.5,2.81,5454.2,0.5,-387.0,2.5,0.25,79.83
2014-04-16,0.937049,103.71,1839.0,116.2,2.81,5420.3,0.5,-387.0,2.5,0.25,79.8
2014-04-15,0.9389299999999999,103.7,1813.5,117.1,2.81,5388.2,0.5,-387.0,2.5,0.25,79.8
2014-04-14,0.939901,104.05,1844.0,117.0,2.81,5358.9,0.5,-387.0,2.5,0.25,79.73
2014-04-11,0.940167,103.68,1848.0,116.9,2.81,5428.6,0.5,-387.0,2.5,0.25,79.45
2014-04-10,0.939702,103.37,1858.25,119.1,2.81,5480.8,0.5,-387.0,2.5,0.25,79.38
2014-04-09,0.9348879999999999,103.55,1827.0,119.4,2.81,5463.8,0.5,-387.0,2.5,0.25,79.48
2014-04-08,0.930163,102.57,1784.75,118.2,2.81,5410.6,0.5,-387.0,2.5,0.25,79.75
2014-04-07,0.926873,100.43,1782.0,117.2,2.81,5413.7,0.5,-387.0,2.5,0.25,80.23
2014-04-04,0.92464,101.16,1785.75,115.7,2.81,5422.8,0.5,-387.0,2.5,0.25,80.42
2014-04-03,0.923407,100.29,1796.5,115.5,2.81,5409.9,0.5,-387.0,2.5,0.25,80.47
2014-04-02,0.9247920000000001,99.6,1789.75,115.3,2.81,5403.3,0.5,-387.0,2.5,0.25,80.21
2014-04-01,0.925383,99.69,1754.75,117.6,2.81,5389.2,0.5,-387.0,2.5,0.25,80.09
2014-03-31,0.9252469999999999,101.57,1744.25,116.8,2.73,5394.8,0.9,810.0,2.5,0.25,80.1
2014-03-28,0.9253170000000001,101.73,1716.1,112.3,2.73,5366.9,0.9,810.0,2.5,0.25,80.18
2014-03-27,0.9225409999999999,101.25,1695.5,112.3,2.73,5350.1,0.9,810.0,2.5,0.25,80.11
2014-03-26,0.9180780000000001,100.61,1685.5,111.9,2.73,5376.8,0.9,810.0,2.5,0.25,80.03
2014-03-25,0.913048,99.66,1709.25,111.8,2.73,5336.6,0.9,810.0,2.5,0.25,79.94
2014-03-24,0.909115,100.05,1687.5,110.5,2.73,5346.9,0.9,810.0,2.5,0.25,79.93
2014-03-21,0.905315,99.97,1681.5,110.7,2.73,5338.1,0.9,810.0,2.5,0.25,80.1
2014-03-20,0.905567,99.38,1668.5,110.7,2.73,5294.0,0.9,810.0,2.5,0.25,80.19
2014-03-19,0.910399,100.41,1694.0,110.5,2.73,5355.6,0.9,810.0,2.5,0.25,79.99
2014-03-18,0.908443,99.78,1691.85,110.5,2.73,5344.6,0.9,810.0,2.5,0.25,79.41
2014-03-17,0.904925,98.13,1681.25,109.6,2.73,5317.6,0.9,810.0,2.5,0.25,79.38
2014-03-14,0.903479,98.93,1697.5,110.1,2.73,5329.4,0.9,810.0,2.5,0.25,79.45
2014-03-13,0.901639,98.27,1698.75,111.5,2.73,5412.6,0.9,810.0,2.5,0.25,79.62
2014-03-12,0.8984700000000001,97.99,1715.5,107.4,2.73,5384.2,0.9,810.0,2.5,0.25,79.61
2014-03-11,0.902651,99.99,1707.75,104.9,2.73,5413.8,0.9,810.0,2.5,0.25,79.74
2014-03-10,0.905792,101.09,1732.5,104.7,2.73,5411.5,0.9,810.0,2.5,0.25,79.77
2014-03-07,0.9073379999999999,102.52,1723.5,114.2,2.73,5462.3,0.9,810.0,2.5,0.25,79.72
2014-03-06,0.901272,101.52,1753.75,116.9,2.73,5445.9,0.9,810.0,2.5,0.25,79.66
2014-03-05,0.895927,101.45,1730.25,116.7,2.73,5430.5,0.9,810.0,2.5,0.25,80.11
2014-03-04,0.8933530000000001,103.34,1722.75,116.8,2.73,5400.2,0.9,810.0,2.5,0.25,80.17
2014-03-03,0.8932329999999999,105.04,1675.25,117.7,2.73,5384.3,0.9,810.0,2.5,0.25,80.08
2014-02-28,0.89495,102.58,1711.15,118.1,2.73,5404.8,0.9,1437.0,2.5,0.25,79.69
2014-02-27,0.8960629999999999,102.38,1724.75,118.0,2.73,5411.4,0.9,1437.0,2.5,0.25,80.28
2014-02-26,0.900394,102.63,1729.5,117.8,2.73,5437.0,0.9,1437.0,2.5,0.25,80.43
2014-02-25,0.9013899999999999,102.2,1725.75,119.1,2.73,5433.8,0.9,1437.0,2.5,0.25,80.14
2014-02-24,0.8988940000000001,103.17,1718.5,119.9,2.73,5440.2,0.9,1437.0,2.5,0.25,80.2
2014-02-21,0.8983459999999999,102.53,1727.5,122.4,2.73,5438.7,0.9,1437.0,2.5,0.25,80.24
2014-02-20,0.8993049999999999,103.2,1728.5,122.9,2.73,5412.3,0.9,1437.0,2.5,0.25,80.29
2014-02-19,0.9027709999999999,103.46,1725.25,123.9,2.73,5408.2,0.9,1437.0,2.5,0.25,80.14
2014-02-18,0.903919,102.54,1721.75,124.4,2.73,5392.8,0.9,1437.0,2.5,0.25,80.01
2014-02-17,0.9029219999999999,100.89,1689.25,124.4,2.73,5382.9,0.9,1437.0,2.5,0.25,80.14
2014-02-14,0.899561,100.31,1702.5,123.2,2.73,5356.3,0.9,1437.0,2.5,0.25,80.15
2014-02-13,0.8997940000000001,100.27,1700.25,122.0,2.73,5308.1,0.9,1437.0,2.5,0.25,80.32
2014-02-12,0.9030040000000001,100.38,1692.5,121.0,2.73,5310.1,0.9,1437.0,2.5,0.25,80.68
2014-02-11,0.8983969999999999,99.96,1663.6,120.0,2.73,5254.5,0.9,1437.0,2.5,0.25,80.64
2014-02-10,0.894358,100.12,1658.75,120.8,2.73,5222.1,0.9,1437.0,2.5,0.25,80.64
2014-02-07,0.8952620000000001,99.98,1677.25,120.9,2.73,5166.5,0.9,1437.0,2.5,0.25,80.69
2014-02-06,0.893835,97.84,1671.5,121.0,2.73,5131.4,0.9,1437.0,2.5,0.25,80.91
2014-02-05,0.8892100000000001,97.4,1657.25,122.4,2.73,5070.3,0.9,1437.0,2.5,0.25,81.04
2014-02-04,0.8827149999999999,97.24,1644.25,122.6,2.73,5097.1,0.9,1437.0,2.5,0.25,81.12
2014-02-03,0.87664,96.44,1633.55,122.6,2.73,5187.9,0.9,1437.0,2.5,0.25,81.01
2014-01-31,0.875619,97.55,1663.25,122.6,2.73,5190.0,0.9,541.0,2.5,0.25,81.31
2014-01-30,0.8762209999999999,98.25,1685.25,122.6,2.73,5188.1,0.9,541.0,2.5,0.25,81.08
2014-01-29,0.8776639999999999,97.34,1697.5,122.6,2.73,5229.0,0.9,541.0,2.5,0.25,80.5
2014-01-28,0.875445,97.49,1710.25,123.9,2.73,5175.1,0.9,541.0,2.5,0.25,80.57
2014-01-27,0.8748309999999999,95.82,1710.25,124.3,2.73,5240.9,0.9,541.0,2.5,0.25,80.52
2014-01-24,0.8748309999999999,96.66,1718.5,124.3,2.73,5240.9,0.9,541.0,2.5,0.25,80.46
2014-01-23,0.881951,97.23,1719.0,123.9,2.73,5263.0,0.9,541.0,2.5,0.25,80.44
2014-01-22,0.883517,96.35,1738.75,123.5,2.73,5319.8,0.9,541.0,2.5,0.25,81.17
2014-01-21,0.8800709999999999,94.89,1754.0,123.2,2.73,5331.5,0.9,541.0,2.5,0.25,81.1
2014-01-20,0.8796129999999999,93.34,1762.65,124.8,2.73,5295.0,0.9,541.0,2.5,0.25,81.22
2014-01-17,0.880691,94.34,1780.15,127.3,2.73,5305.9,0.9,541.0,2.5,0.25,81.22
2014-01-16,0.885712,93.92,1757.25,128.3,2.73,5309.1,0.9,541.0,2.5,0.25,80.91
2014-01-15,0.895875,94.16,1740.25,129.6,2.73,5245.4,0.9,541.0,2.5,0.25,81.03
2014-01-14,0.902214,92.53,1715.5,129.5,2.73,5212.0,0.9,541.0,2.5,0.25,80.66
2014-01-13,0.899206,91.83,1734.5,130.9,2.73,5292.1,0.9,541.0,2.5,0.25,80.51
2014-01-10,0.8909,92.77,1721.75,130.7,2.73,5312.4,0.9,541.0,2.5,0.25,80.66
2014-01-09,0.8899469999999999,91.74,1705.0,131.0,2.73,5324.4,0.9,541.0,2.5,0.25,81.0
2014-01-08,0.892484,92.28,1730.25,131.5,2.73,5316.0,0.9,541.0,2.5,0.25,81.02
2014-01-07,0.894094,93.69,1738.5,133.8,2.73,5317.0,0.9,541.0,2.5,0.25,80.83
2014-01-06,0.89571,93.5,1735.25,134.8,2.73,5324.9,0.9,541.0,2.5,0.25,80.65
2014-01-03,0.893626,94.04,1727.25,135.0,2.73,5350.1,0.9,541.0,2.5,0.25,80.79
2014-01-02,0.891141,95.52,1758.0,135.0,2.73,5367.9,0.9,541.0,2.5,0.25,80.63
2014-01-01,0.892727,98.04,1754.75,134.2,2.73,5352.2,0.9,541.0,2.5,0.25,80.03
2013-12-31,0.8907149999999999,98.55,1754.75,134.2,2.64,5352.2,0.8,-176.0,2.5,0.25,80.03
2013-12-30,0.8882639999999999,99.28,1776.75,134.2,2.64,5356.8,0.8,-176.0,2.5,0.25,80.0
2013-12-27,0.889553,100.32,1764.0,134.0,2.64,5324.1,0.8,-176.0,2.5,0.25,80.39
2013-12-26,0.890589,99.56,1714.5,132.1,2.64,5327.2,0.8,-176.0,2.5,0.25,80.48
2013-12-25,0.8924190000000001,98.84,1714.5,132.0,2.64,5327.2,0.8,-176.0,2.5,0.25,80.45
2013-12-24,0.892561,98.87,1714.5,132.0,2.64,5327.2,0.8,-176.0,2.5,0.25,80.45
2013-12-23,0.8915139999999999,98.62,1714.5,131.9,2.64,5291.9,0.8,-176.0,2.5,0.25,80.45
2013-12-20,0.8871629999999999,99.11,1740.1,132.7,2.64,5265.2,0.8,-176.0,2.5,0.25,80.57
2013-12-19,0.8870049999999999,98.63,1728.25,132.7,2.64,5202.2,0.8,-176.0,2.5,0.25,80.63
2013-12-18,0.891173,97.82,1752.0,133.4,2.64,5096.1,0.8,-176.0,2.5,0.25,80.1
2013-12-17,0.893532,97.22,1752.75,134.3,2.64,5103.2,0.8,-176.0,2.5,0.25,80.06
2013-12-16,0.894589,97.41,1748.25,134.9,2.64,5089.6,0.8,-176.0,2.5,0.25,80.07
2013-12-13,0.896496,96.5,1755.25,136.0,2.64,5098.4,0.8,-176.0,2.5,0.25,80.21
2013-12-12,0.904758,97.44,1748.6,137.9,2.64,5062.5,0.8,-176.0,2.5,0.25,80.21
2013-12-11,0.911501,97.48,1773.25,139.1,2.64,5104.3,0.8,-176.0,2.5,0.25,79.89
2013-12-10,0.911125,98.55,1759.25,139.4,2.64,5143.6,0.8,-176.0,2.5,0.25,79.97
2013-12-09,0.908543,97.33,1747.25,139.4,2.64,5144.4,0.8,-176.0,2.5,0.25,80.13
2013-12-06,0.905752,97.71,1734.75,139.2,2.64,5186.0,0.8,-176.0,2.5,0.25,80.31
2013-12-05,0.9043200000000001,97.37,1714.0,139.5,2.64,5198.0,0.8,-176.0,2.5,0.25,80.23
2013-12-04,0.9071370000000001,97.2,1727.25,139.7,2.64,5273.8,0.8,-176.0,2.5,0.25,80.62
2013-12-03,0.911668,96.06,1694.0,138.2,2.64,5256.1,0.8,-176.0,2.5,0.25,80.92
2013-12-02,0.911848,93.84,1696.75,136.8,2.64,5279.5,0.8,-176.0,2.5,0.25,80.92
2013-11-29,0.910409,92.78,1710.0,136.4,2.64,5320.1,0.8,-176.0,2.5,0.25,80.68
2013-11-28,0.910974,92.28,1708.5,136.4,2.64,5334.3,0.8,-176.0,2.5,0.25,80.72
2013-11-27,0.9123870000000001,92.28,1709.75,136.0,2.64,5332.9,0.8,-176.0,2.5,0.25,80.72
2013-11-26,0.91545,93.64,1726.75,135.9,2.64,5357.0,0.8,-176.0,2.5,0.25,80.61
2013-11-25,0.9168459999999999,93.86,1728.25,136.5,2.64,5352.8,0.8,-176.0,2.5,0.25,80.92
2013-11-22,0.9221590000000001,94.53,1737.75,136.5,2.64,5335.9,0.8,-176.0,2.5,0.25,80.71
2013-11-21,0.932616,95.35,1738.75,136.3,2.64,5288.3,0.8,-176.0,2.5,0.25,81.07
2013-11-20,0.939818,93.34,1735.5,136.4,2.64,5307.7,0.8,-176.0,2.5,0.25,81.11
2013-11-19,0.939826,93.35,1748.5,136.3,2.64,5352.9,0.8,-176.0,2.5,0.25,80.7
2013-11-18,0.9373520000000001,93.03,1736.75,137.0,2.64,5384.7,0.8,-176.0,2.5,0.25,80.82
2013-11-15,0.933637,93.8,1745.25,136.8,2.64,5401.7,0.8,-176.0,2.5,0.25,80.85
2013-11-14,0.9320870000000001,93.76,1745.5,136.6,2.64,5355.4,0.8,-176.0,2.5,0.25,81.02
2013-11-13,0.931368,93.91,1748.5,136.1,2.64,5319.2,0.8,-176.0,2.5,0.25,80.93
2013-11-12,0.93442,93.12,1753.25,135.9,2.64,5393.1,0.8,-176.0,2.5,0.25,81.19
2013-11-11,0.9395959999999999,95.13,1763.0,135.9,2.64,5387.1,0.8,-176.0,2.5,0.25,81.09
2013-11-08,0.945168,94.56,1771.25,135.9,2.64,5400.7,0.8,-176.0,2.5,0.25,81.3
2013-11-07,0.9494809999999999,94.25,1777.25,136.9,2.64,5422.0,0.8,-176.0,2.5,0.25,80.84
2013-11-06,0.9509280000000001,94.74,1775.75,137.1,2.64,5433.8,0.8,-176.0,2.5,0.25,80.48
2013-11-05,0.9494469999999999,93.4,1771.5,136.8,2.64,5432.0,0.8,-176.0,2.5,0.25,80.71
2013-11-04,0.947889,94.58,1776.25,135.8,2.64,5390.5,0.8,-176.0,2.5,0.25,80.55
2013-11-01,0.9470209999999999,94.56,1799.25,135.3,2.64,5411.1,0.8,-176.0,2.5,0.25,80.72
2013-10-31,0.9486709999999999,96.29,1814.75,131.9,2.64,5425.5,0.8,-910.0,2.5,0.25,80.19
2013-10-30,0.9496610000000001,96.81,1847.25,131.2,2.64,5430.9,0.8,-910.0,2.5,0.25,79.78
2013-10-29,0.954255,98.29,1837.5,131.3,2.64,5415.5,0.8,-910.0,2.5,0.25,79.61
2013-10-28,0.959455,98.74,1849.5,131.8,2.64,5441.4,0.8,-910.0,2.5,0.25,79.25
2013-10-25,0.960751,97.4,1836.5,133.3,2.64,5386.3,0.8,-910.0,2.5,0.25,79.19
2013-10-24,0.9637620000000001,96.64,1815.0,133.5,2.64,5372.9,0.8,-910.0,2.5,0.25,79.18
2013-10-23,0.966412,96.9,1797.75,133.2,2.64,5356.1,0.8,-910.0,2.5,0.25,79.26
2013-10-22,0.967046,97.63,1832.75,133.3,2.64,5373.1,0.8,-910.0,2.5,0.25,79.23
2013-10-21,0.965665,99.28,1803.5,134.4,2.64,5351.8,0.8,-910.0,2.5,0.25,79.69
2013-10-18,0.9624309999999999,100.87,1802.25,134.4,2.64,5321.5,0.8,-910.0,2.5,0.25,79.65
2013-10-17,0.9567760000000001,100.72,1804.0,134.4,2.64,5283.1,0.8,-910.0,2.5,0.25,79.65
2013-10-16,0.95288,102.34,1809.0,133.7,2.64,5262.9,0.8,-910.0,2.5,0.25,80.47
2013-10-15,0.9501780000000001,101.15,1801.5,133.6,2.64,5259.1,0.8,-910.0,2.5,0.25,80.48
2013-10-14,0.9467399999999999,102.46,1822.75,133.6,2.64,5207.9,0.8,-910.0,2.5,0.25,80.26
2013-10-11,0.945737,102.17,1836.0,133.1,2.64,5230.9,0.8,-910.0,2.5,0.25,80.41
2013-10-10,0.9438700000000001,103.08,1836.25,133.0,2.64,5147.1,0.8,-910.0,2.5,0.25,80.42
2013-10-09,0.944076,101.63,1811.25,131.8,2.64,5153.0,0.8,-910.0,2.5,0.25,80.38
2013-10-08,0.943558,103.54,1818.25,131.7,2.64,5149.4,0.8,-910.0,2.5,0.25,80.06
2013-10-07,0.942581,103.07,1807.9,131.4,2.64,5161.1,0.8,-910.0,2.5,0.25,79.94
2013-10-04,0.9414100000000001,103.83,1799.75,131.4,2.64,5208.0,0.8,-910.0,2.5,0.25,80.13
2013-10-03,0.93811,103.29,1781.75,131.4,2.64,5234.9,0.8,-910.0,2.5,0.25,79.75
2013-10-02,0.937174,104.15,1791.25,131.4,2.64,5215.6,0.8,-910.0,2.5,0.25,79.9
2013-10-01,0.935566,102.09,1779.0,131.4,2.64,5206.8,0.8,-910.0,2.5,0.25,80.14
2013-09-30,0.932524,102.36,1798.35,131.4,2.36,5218.9,0.5,-861.0,2.5,0.25,80.22
2013-09-27,0.9347479999999999,102.86,1794.25,131.9,2.36,5307.1,0.5,-861.0,2.5,0.25,80.29
2013-09-26,0.9369120000000001,103.1,1775.75,133.8,2.36,5294.5,0.5,-861.0,2.5,0.25,80.52
2013-09-25,0.938317,102.68,1757.5,133.8,2.36,5275.9,0.5,-861.0,2.5,0.25,80.33
2013-09-24,0.9410649999999999,103.22,1749.25,132.7,2.36,5234.2,0.5,-861.0,2.5,0.25,80.56
2013-09-23,0.942581,103.62,1770.75,132.4,2.36,5252.5,0.5,-861.0,2.5,0.25,80.45
2013-09-20,0.945024,104.7,1754.5,131.8,2.36,5276.7,0.5,-861.0,2.5,0.25,80.43
2013-09-19,0.944498,106.26,1784.0,131.8,2.36,5295.6,0.5,-861.0,2.5,0.25,80.37
2013-09-18,0.9354819999999999,108.23,1738.0,131.7,2.36,5238.1,0.5,-861.0,2.5,0.25,80.24
2013-09-17,0.9335969999999999,105.36,1730.75,131.1,2.36,5251.2,0.5,-861.0,2.5,0.25,81.14
2013-09-16,0.930724,106.54,1735.5,134.1,2.36,5248.0,0.5,-861.0,2.5,0.25,81.29
2013-09-13,0.92579,108.31,1744.5,134.5,2.36,5219.6,0.5,-861.0,2.5,0.25,81.45
2013-09-12,0.928378,108.72,1766.25,135.2,2.36,5242.5,0.5,-861.0,2.5,0.25,81.49
2013-09-11,0.9292309999999999,107.65,1755.25,135.1,2.36,5234.4,0.5,-861.0,2.5,0.25,81.52
2013-09-10,0.9250209999999999,107.48,1749.0,135.2,2.36,5201.2,0.5,-861.0,2.5,0.25,81.82
2013-09-09,0.919034,109.62,1758.0,134.8,2.36,5181.5,0.5,-861.0,2.5,0.25,81.79
2013-09-06,0.915381,110.62,1777.0,134.1,2.36,5145.0,0.5,-861.0,2.5,0.25,82.15
2013-09-05,0.914017,108.5,1751.05,137.1,2.36,5142.5,0.5,-861.0,2.5,0.25,82.63
2013-09-04,0.9089780000000001,107.29,1741.75,138.0,2.36,5161.6,0.5,-861.0,2.5,0.25,82.17
2013-09-03,0.900789,108.67,1774.5,138.7,2.36,5196.6,0.5,-861.0,2.5,0.25,82.36
2013-09-02,0.895611,107.98,1781.5,138.7,2.36,5188.3,0.5,-861.0,2.5,0.25,82.09
2013-08-30,0.8932450000000001,107.98,1766.0,137.7,2.36,5135.0,0.5,-861.0,2.5,0.25,82.09
2013-08-29,0.8941790000000001,108.51,1787.25,138.3,2.36,5092.4,0.5,-861.0,2.5,0.25,81.95
2013-08-28,0.895185,110.17,1815.25,138.5,2.36,5087.2,0.5,-861.0,2.5,0.25,81.43
2013-08-27,0.899683,109.11,1837.5,138.7,2.36,5141.2,0.5,-861.0,2.5,0.25,81.17
2013-08-26,0.902502,105.88,1846.6,138.7,2.36,5135.4,0.5,-861.0,2.5,0.25,81.41
2013-08-23,0.900789,106.47,1846.6,138.6,2.36,5123.4,0.5,-861.0,2.5,0.25,81.36
2013-08-22,0.900866,104.92,1837.0,137.7,2.36,5075.7,0.5,-861.0,2.5,0.25,81.49
2013-08-21,0.9047219999999999,103.92,1848.25,137.8,2.36,5100.0,0.5,-861.0,2.5,0.25,81.21
2013-08-20,0.911479,104.89,1865.25,139.0,2.36,5078.2,0.5,-861.0,2.5,0.25,80.91
2013-08-19,0.9171030000000001,107.13,1865.75,139.2,2.36,5112.5,0.5,-861.0,2.5,0.25,81.23
2013-08-16,0.9159,107.57,1898.5,137.9,2.36,5113.9,0.5,-861.0,2.5,0.25,81.26
2013-08-15,0.91327,107.42,1861.0,141.2,2.36,5152.4,0.5,-861.0,2.5,0.25,81.18
2013-08-14,0.9115700000000001,106.88,1844.5,142.8,2.36,5157.4,0.5,-861.0,2.5,0.25,81.71
2013-08-13,0.914004,106.77,1833.55,141.8,2.36,5157.7,0.5,-861.0,2.5,0.25,81.77
2013-08-12,0.9165280000000001,106.18,1837.55,138.7,2.36,5108.7,0.5,-861.0,2.5,0.25,81.33
2013-08-09,0.9116559999999999,106.03,1825.6,133.1,2.36,5055.2,0.5,-861.0,2.5,0.25,81.13
2013-08-08,0.9029370000000001,103.44,1794.55,133.1,2.36,5064.8,0.5,-861.0,2.5,0.25,80.98
2013-08-07,0.89669,104.4,1750.25,133.1,2.36,5011.3,0.5,-861.0,2.5,0.25,81.29
2013-08-06,0.8937299999999999,105.31,1741.8,131.4,2.36,5105.6,0.5,-861.0,2.5,0.25,81.6
2013-08-05,0.8903790000000001,106.6,1753.55,130.2,2.36,5111.3,0.5,-861.0,2.75,0.25,81.88
2013-08-02,0.892684,106.93,1764.5,130.1,2.36,5116.8,0.5,-861.0,2.75,0.25,81.91
2013-08-01,0.897699,107.92,1766.75,129.7,2.36,5061.5,0.5,-861.0,2.75,0.25,82.34
2013-07-31,0.9046799999999999,105.09,1757.25,129.9,2.36,5052.0,0.5,-1773.0,2.75,0.25,81.45
2013-07-30,0.9149729999999999,103.13,1729.0,130.9,2.36,5047.2,0.5,-1773.0,2.75,0.25,81.83
2013-07-29,0.924789,104.6,1748.5,131.7,2.36,5046.3,0.5,-1773.0,2.75,0.25,81.66
2013-07-26,0.9227639999999999,104.75,1750.0,132.6,2.36,5042.0,0.5,-1773.0,2.75,0.25,81.66
2013-07-25,0.9195190000000001,105.47,1778.75,132.1,2.36,5035.6,0.5,-1773.0,2.75,0.25,81.97
2013-07-24,0.9241879999999999,105.4,1805.25,132.1,2.36,5035.1,0.5,-1773.0,2.75,0.25,82.29
2013-07-23,0.924758,107.13,1800.25,131.9,2.36,5017.1,0.5,-1773.0,2.75,0.25,81.94
2013-07-22,0.9208780000000001,106.61,1803.25,131.5,2.36,5001.9,0.5,-1773.0,2.75,0.25,82.22
2013-07-19,0.9184120000000001,108.0,1781.5,131.7,2.36,4972.1,0.5,-1773.0,2.75,0.25,82.62
2013-07-18,0.9198049999999999,107.94,1760.75,131.9,2.36,4993.4,0.5,-1773.0,2.75,0.25,82.82
2013-07-17,0.9213,106.39,1758.5,130.4,2.36,4981.7,0.5,-1773.0,2.75,0.25,82.71
2013-07-16,0.9150159999999999,105.88,1770.25,129.0,2.36,4986.0,0.5,-1773.0,2.75,0.25,82.5
2013-07-15,0.909852,106.2,1760.0,126.9,2.36,4981.1,0.5,-1773.0,2.75,0.25,83.04
2013-07-12,0.9151600000000001,105.85,1802.5,126.8,2.36,4973.9,0.5,-1773.0,2.75,0.25,82.99
2013-07-11,0.9198639999999999,104.77,1791.25,125.2,2.36,4965.7,0.5,-1773.0,2.75,0.25,82.75
2013-07-10,0.9165139999999999,106.41,1773.0,123.9,2.36,4901.4,0.5,-1773.0,2.75,0.25,84.04
2013-07-09,0.912718,103.46,1745.5,123.7,2.36,4881.7,0.5,-1773.0,2.75,0.25,84.58
2013-07-08,0.909781,103.03,1757.25,121.9,2.36,4809.5,0.5,-1773.0,2.75,0.25,84.19
2013-07-05,0.912162,103.09,1723.75,122.6,2.36,4841.7,0.5,-1773.0,2.75,0.25,84.44
2013-07-04,0.9114620000000001,101.92,1767.75,122.0,2.36,4794.7,0.5,-1773.0,2.75,0.25,83.23
2013-07-03,0.912898,101.92,1763.25,120.5,2.36,4744.1,0.5,-1773.0,2.75,0.25,83.23
2013-07-02,0.9186770000000001,99.65,1789.5,119.3,2.36,4834.0,0.5,-1773.0,2.75,0.25,83.54
2013-07-01,0.9199620000000001,97.94,1784.0,116.9,2.36,4710.3,0.5,-1773.0,2.75,0.25,83.05
2013-06-28,0.924658,96.36,1729.75,116.5,2.36,4802.6,0.5,-1773.0,2.75,0.25,83.14
2013-06-27,0.9289799999999999,97.0,1721.0,115.3,2.36,4811.3,0.5,-1773.0,2.75,0.25,82.9
2013-06-26,0.926825,95.47,1725.75,113.8,2.36,4731.7,0.5,-1773.0,2.75,0.25,82.98
2013-06-25,0.924316,95.25,1738.75,114.0,2.36,4656.0,0.5,-1773.0,2.75,0.25,82.58
2013-06-24,0.922458,95.06,1725.6,116.6,2.36,4669.1,0.5,-1773.0,2.75,0.25,82.42
2013-06-21,0.922458,93.81,1747.55,118.6,2.36,4738.8,0.5,-1773.0,2.75,0.25,82.41
2013-06-20,0.931674,94.89,1752.0,120.6,2.36,4758.4,0.5,-1773.0,2.75,0.25,81.91
2013-06-19,0.9484379999999999,98.24,1783.75,120.0,2.36,4861.4,0.5,-1773.0,2.75,0.25,81.43
2013-06-18,0.9533799999999999,98.46,1795.75,117.7,2.36,4814.4,0.5,-1773.0,2.75,0.25,80.61
2013-06-17,0.9593780000000001,97.86,1800.75,115.0,2.36,4825.9,0.5,-1773.0,2.75,0.25,80.79
2013-06-14,0.95754,97.83,1810.0,113.6,2.36,4791.8,0.5,-1773.0,2.75,0.25,80.62
2013-06-13,0.95136,96.66,1815.85,112.0,2.36,4695.8,0.5,-1773.0,2.75,0.25,80.75
2013-06-12,0.945573,95.98,1821.25,110.9,2.36,4724.5,0.5,-1773.0,2.75,0.25,80.95
2013-06-11,0.9416680000000001,95.5,1846.25,110.9,2.36,4757.1,0.5,-1773.0,2.75,0.25,81.11
2013-06-10,0.946469,95.82,1883.0,110.9,2.36,4737.7,0.5,-1773.0,2.75,0.25,81.65
2013-06-07,0.951204,96.11,1903.25,110.9,2.36,4737.7,0.5,-1773.0,2.75,0.25,81.67
2013-06-06,0.954365,94.71,1928.75,113.9,2.36,4781.2,0.5,-1773.0,2.75,0.25,81.54
2013-06-05,0.962434,93.66,1944.0,116.6,2.36,4835.2,0.5,-1773.0,2.75,0.25,82.59
2013-06-04,0.967935,93.36,1920.0,116.6,2.36,4900.8,0.5,-1773.0,2.75,0.25,82.77
2013-06-03,0.9647979999999999,93.41,1897.75,111.9,2.36,4888.3,0.5,-1773.0,2.75,0.25,82.66
2013-05-31,0.9631620000000001,91.93,1877.75,110.4,2.36,4926.6,0.5,-664.0,2.75,0.25,83.26
2013-05-30,0.9631540000000001,93.57,1876.0,111.6,2.36,4930.7,0.5,-664.0,2.75,0.25,83.04
2013-05-29,0.9615040000000001,93.13,1828.5,112.9,2.36,4974.7,0.5,-664.0,2.75,0.25,83.66
2013-05-28,0.9642959999999999,94.65,1817.25,117.8,2.36,4970.7,0.5,-664.0,2.75,0.25,84.1
2013-05-27,0.9653959999999999,93.84,1805.5,120.9,2.36,4959.9,0.5,-664.0,2.75,0.25,83.7
2013-05-24,0.968173,93.84,1805.5,123.2,2.36,4983.5,0.5,-664.0,2.75,0.25,83.7
2013-05-23,0.971374,94.11,1816.5,123.2,2.36,5062.4,0.5,-664.0,2.75,0.25,83.8
2013-05-22,0.9773139999999999,93.97,1850.0,123.2,2.36,5165.4,0.5,-664.0,2.75,0.25,84.35
2013-05-21,0.9791139999999999,95.54,1827.0,123.6,2.36,5180.1,0.5,-664.0,2.75,0.25,83.86
2013-05-20,0.977151,96.28,1829.5,123.0,2.36,5209.0,0.5,-664.0,2.75,0.25,83.74
2013-05-17,0.97955,95.71,1820.0,123.1,2.36,5180.8,0.5,-664.0,2.75,0.25,84.25
2013-05-16,0.9865950000000001,94.84,1825.25,125.0,2.36,5165.7,0.5,-664.0,2.75,0.25,83.59
2013-05-15,0.9908309999999999,93.94,1807.0,126.4,2.36,5191.7,0.5,-664.0,2.75,0.25,83.83
2013-05-14,0.995577,93.95,1827.5,128.1,2.36,5221.0,0.5,-664.0,2.75,0.25,83.59
2013-05-13,1.0002,94.75,1840.0,129.4,2.36,5210.3,0.5,-664.0,2.75,0.25,83.28
2013-05-10,1.01017,95.8,1843.25,129.6,2.36,5206.1,0.5,-664.0,2.75,0.25,83.14
2013-05-09,1.01925,96.08,1862.0,130.2,2.36,5198.4,0.5,-664.0,2.75,0.25,82.79
2013-05-08,1.01904,96.23,1876.25,130.2,2.36,5199.8,0.5,-664.0,2.75,0.25,81.9
2013-05-07,1.0224600000000001,95.27,1847.75,130.0,2.36,5143.7,0.5,-664.0,2.75,0.25,82.25
2013-05-06,1.02704,95.79,1847.0,128.1,2.36,5156.2,0.5,-664.0,3.0,0.25,82.31
2013-05-03,1.0266600000000001,95.24,1847.0,128.1,2.36,5129.5,0.5,-664.0,3.0,0.25,82.1
2013-05-02,1.02833,93.69,1774.25,129.4,2.36,5130.0,0.5,-664.0,3.0,0.25,82.22
2013-05-01,1.03429,90.73,1785.75,134.1,2.36,5166.2,0.5,-664.0,3.0,0.25,81.48
2013-04-30,1.03423,93.21,1832.25,134.1,2.36,5191.2,0.5,-475.0,3.0,0.25,81.75
2013-04-29,1.0312700000000001,94.08,1860.75,134.1,2.36,5125.8,0.5,-475.0,3.0,0.25,82.15
2013-04-26,1.02973,92.63,1845.0,134.1,2.36,5097.5,0.5,-475.0,3.0,0.25,82.47
2013-04-25,1.02901,93.27,1912.0,134.6,2.36,5102.4,0.5,-475.0,3.0,0.25,82.74
2013-04-24,1.0259,91.06,1880.75,135.1,2.36,5102.4,0.5,-475.0,3.0,0.25,83.05
2013-04-23,1.0258399999999999,89.21,1868.0,136.4,2.36,5016.2,0.5,-475.0,3.0,0.25,83.05
2013-04-22,1.0289,88.81,1865.25,138.0,2.36,4966.6,0.5,-475.0,3.0,0.25,82.68
2013-04-19,1.03114,88.04,1859.75,138.0,2.36,4931.9,0.5,-475.0,3.0,0.25,82.71
2013-04-18,1.0322200000000001,87.83,1884.75,138.6,2.36,4924.4,0.5,-475.0,3.0,0.25,82.56
2013-04-17,1.03506,86.65,1866.0,139.3,2.36,5004.6,0.5,-475.0,3.0,0.25,82.68
2013-04-16,1.03826,88.73,1883.25,139.4,2.36,4950.8,0.5,-475.0,3.0,0.25,81.75
2013-04-15,1.04617,88.75,1832.25,140.9,2.36,4967.9,0.5,-475.0,3.0,0.25,82.42
2013-04-12,1.05359,91.23,1818.75,141.0,2.36,5013.5,0.5,-475.0,3.0,0.25,82.13
2013-04-11,1.0534299999999999,93.44,1864.5,140.9,2.36,5007.1,0.5,-475.0,3.0,0.25,82.25
2013-04-10,1.04929,94.59,1875.0,140.6,2.36,4968.0,0.5,-475.0,3.0,0.25,82.53
2013-04-09,1.0427600000000001,94.18,1883.25,139.1,2.36,4976.8,0.5,-475.0,3.0,0.25,82.31
2013-04-08,1.03952,93.36,1853.0,137.6,2.36,4905.5,0.5,-475.0,3.0,0.25,82.75
2013-04-05,1.0419100000000001,92.76,1850.5,135.9,2.36,4891.4,0.5,-475.0,3.0,0.25,82.5
2013-04-04,1.04469,93.26,1856.0,135.9,2.36,4913.5,0.5,-475.0,3.0,0.25,82.68
2013-04-03,1.04613,95.02,1839.5,135.6,2.36,4957.7,0.5,-475.0,3.0,0.25,82.72
2013-04-02,1.04379,97.23,1851.0,136.1,2.36,4985.5,0.5,-475.0,3.0,0.25,82.92
2013-04-01,1.04122,97.1,1875.25,137.3,2.36,4966.5,0.5,-475.0,3.0,0.25,82.73
2013-03-29,1.04182,97.24,1875.25,137.3,2.36,4966.5,0.5,-475.0,3.0,0.25,83.22
2013-03-28,1.04376,97.24,1875.25,137.3,2.36,4966.5,0.5,-475.0,3.0,0.25,82.99
2013-03-27,1.04625,96.53,1885.75,137.4,2.36,4995.0,0.5,-475.0,3.0,0.25,83.22
2013-03-26,1.0466799999999998,95.99,1875.25,137.1,2.36,4950.2,0.5,-475.0,3.0,0.25,82.88
2013-03-25,1.04502,94.55,1895.5,136.0,2.36,4990.2,0.5,-475.0,3.0,0.25,82.83
2013-03-22,1.0424,93.4,1914.5,135.3,2.36,4967.3,0.5,-475.0,3.0,0.25,82.53
2013-03-21,1.03945,92.46,1893.25,134.2,2.36,4959.4,0.5,-475.0,3.0,0.25,82.74
2013-03-20,1.03778,93.21,1900.75,134.1,2.36,4967.4,0.5,-475.0,3.0,0.25,82.78
2013-03-19,1.03778,93.71,1895.0,134.4,2.36,4987.4,0.5,-475.0,3.0,0.25,82.99
2013-03-18,1.03778,93.71,1893.5,134.6,2.36,5015.4,0.5,-475.0,3.0,0.25,82.69
2013-03-15,1.03721,93.49,1923.3,134.6,2.36,5120.2,0.5,-475.0,3.0,0.25,82.13
2013-03-14,1.03396,93.03,1938.85,132.9,2.36,5032.2,0.5,-475.0,3.0,0.25,82.61
2013-03-13,1.0306799999999998,92.47,1923.5,139.0,2.36,5092.4,0.5,-475.0,3.0,0.25,82.89
2013-03-12,1.02735,92.44,1939.0,143.4,2.36,5117.9,0.5,-475.0,3.0,0.25,82.58
2013-03-11,1.02401,92.07,1909.25,144.1,2.36,5146.9,0.5,-475.0,3.0,0.25,82.57
2013-03-08,1.02518,92.01,1923.25,148.2,2.36,5123.4,0.5,-475.0,3.0,0.25,82.71
2013-03-07,1.02603,91.53,1936.5,148.03,2.36,5109.2,0.5,-475.0,3.0,0.25,82.08
2013-03-06,1.02525,90.47,1910.0,145.8,2.36,5116.8,0.5,-475.0,3.0,0.25,82.46
2013-03-05,1.02011,90.88,1932.5,145.2,2.36,5075.4,0.5,-475.0,3.0,0.25,82.09
2013-03-04,1.0178399999999999,90.13,1928.75,148.8,2.36,5010.5,0.5,-475.0,3.0,0.25,82.19
2013-03-01,1.02294,90.71,1932.0,150.6,2.36,5086.1,0.5,-475.0,3.0,0.25,82.28
2013-02-28,1.02377,92.03,1961.75,151.7,2.36,5104.1,0.5,-1138.0,3.0,0.25,81.95
2013-02-27,1.0228,92.84,1975.5,151.9,2.36,5036.6,0.5,-1138.0,3.0,0.25,81.6
2013-02-26,1.02685,92.63,1978.0,151.9,2.36,5003.6,0.5,-1138.0,3.0,0.25,81.87
2013-02-25,1.02967,92.74,1993.25,151.9,2.36,5055.8,0.5,-1138.0,3.0,0.25,81.67
2013-02-22,1.0284200000000001,93.11,2004.75,153.6,2.36,5018.1,0.5,-1138.0,3.0,0.25,81.46
2013-02-21,1.02741,92.79,2034.25,156.2,2.36,4980.1,0.5,-1138.0,3.0,0.25,81.46
2013-02-20,1.03292,94.92,2060.75,158.9,2.36,5098.7,0.5,-1138.0,3.0,0.25,81.07
2013-02-19,1.03196,96.69,2069.0,158.0,2.36,5081.9,0.5,-1138.0,3.0,0.25,80.47
2013-02-18,1.03136,95.95,2077.0,157.2,2.36,5063.4,0.5,-1138.0,3.0,0.25,80.58
2013-02-15,1.03446,95.95,2127.25,155.1,2.36,5033.9,0.5,-1138.0,3.0,0.25,80.58
2013-02-14,1.0346600000000001,97.3,2115.25,155.1,2.36,5036.9,0.5,-1138.0,3.0,0.25,80.46
2013-02-13,1.03111,97.01,2100.0,155.1,2.36,5003.7,0.5,-1138.0,3.0,0.25,80.09
2013-02-12,1.02759,97.48,2078.25,155.1,2.36,4959.0,0.5,-1138.0,3.0,0.25,80.11
2013-02-11,1.02978,97.01,2063.0,155.1,2.36,4959.5,0.5,-1138.0,3.0,0.25,80.31
2013-02-08,1.03098,95.71,2080.25,155.1,2.36,4971.3,0.5,-1138.0,3.0,0.25,80.21
2013-02-07,1.03225,95.84,2060.5,155.1,2.36,4935.7,0.5,-1138.0,3.0,0.25,80.19
2013-02-06,1.03644,96.44,2058.65,155.1,2.36,4921.0,0.5,-1138.0,3.0,0.25,79.72
2013-02-05,1.04168,96.68,2073.0,154.2,2.36,4882.7,0.5,-1138.0,3.0,0.25,79.49
2013-02-04,1.0417399999999999,96.21,2073.75,154.2,2.36,4907.5,0.5,-1138.0,3.0,0.25,79.55
2013-02-01,1.04087,97.56,2087.75,153.2,2.36,4921.1,0.5,-1138.0,3.0,0.25,79.21
2013-01-31,1.0427799999999998,97.65,2054.25,152.5,2.36,4878.8,0.5,-2009.0,3.0,0.25,79.21
2013-01-30,1.04322,97.98,2066.5,149.4,2.36,4896.7,0.5,-2009.0,3.0,0.25,79.28
2013-01-29,1.04322,97.62,2022.25,148.4,2.36,4889.0,0.5,-2009.0,3.0,0.25,79.56
2013-01-28,1.04208,95.94,2013.0,148.4,2.36,4835.2,0.5,-2009.0,3.0,0.25,79.75
2013-01-25,1.0463,95.15,2011.0,148.6,2.36,4835.2,0.5,-2009.0,3.0,0.25,79.75
2013-01-24,1.05198,95.35,2041.0,148.6,2.36,4810.2,0.5,-2009.0,3.0,0.25,79.95
2013-01-23,1.05495,95.06,2039.25,147.7,2.36,4787.8,0.5,-2009.0,3.0,0.25,79.92
2013-01-22,1.05351,96.09,2038.5,145.9,2.36,4779.1,0.5,-2009.0,3.0,0.25,79.87
2013-01-21,1.0515700000000001,95.61,2004.0,145.9,2.36,4777.5,0.5,-2009.0,3.0,0.25,80.04
2013-01-18,1.0523200000000001,95.61,2006.5,145.1,2.36,4771.2,0.5,-2009.0,3.0,0.25,80.04
2013-01-17,1.05427,95.49,2012.75,145.4,2.36,4756.6,0.5,-2009.0,3.0,0.25,79.65
2013-01-16,1.05562,94.28,2007.25,145.4,2.36,4738.4,0.5,-2009.0,3.0,0.25,79.8
2013-01-15,1.05542,93.26,2014.75,152.9,2.36,4716.6,0.5,-2009.0,3.0,0.25,79.78
2013-01-14,1.05603,94.27,2015.25,154.6,2.36,4719.7,0.5,-2009.0,3.0,0.25,79.49
2013-01-11,1.05637,93.6,2063.1,154.9,2.36,4709.5,0.5,-2009.0,3.0,0.25,79.56
2013-01-10,1.0539,93.81,2080.0,158.2,2.36,4723.0,0.5,-2009.0,3.0,0.25,79.74
2013-01-09,1.05019,93.08,2040.5,158.5,2.36,4708.1,0.5,-2009.0,3.0,0.25,80.56
2013-01-08,1.04902,93.21,2031.25,158.5,2.36,4690.3,0.5,-2009.0,3.0,0.25,80.34
2013-01-07,1.0469700000000002,93.2,2029.25,153.9,2.36,4717.3,0.5,-2009.0,3.0,0.25,80.26
2013-01-04,1.04661,93.12,2027.25,153.3,2.36,4723.8,0.5,-2009.0,3.0,0.25,80.5
2013-01-03,1.04871,92.97,2082.5,149.8,2.36,4740.7,0.5,-2009.0,3.0,0.25,80.38
2013-01-02,1.0437,93.14,2127.25,144.9,2.36,4705.9,0.5,-2009.0,3.0,0.25,79.84
2013-01-01,1.03834,91.83,2041.0,144.9,2.36,4648.9,0.5,-2009.0,3.0,0.25,79.77
2012-12-31,1.0382200000000001,91.83,2041.0,144.9,2.41,4649.0,0.5,-1639.0,3.0,0.25,79.77
2012-12-28,1.03752,90.66,2030.75,139.4,2.41,4671.3,0.5,-1639.0,3.0,0.25,79.68
2012-12-27,1.03678,90.91,2046.0,139.4,2.41,4648.0,0.5,-1639.0,3.0,0.25,79.62
2012-12-26,1.03755,90.71,2039.75,135.4,2.41,4635.2,0.5,-1639.0,3.0,0.25,79.62
2012-12-25,1.03755,88.29,2039.75,135.4,2.41,4635.2,0.5,-1639.0,3.0,0.25,79.64
2012-12-24,1.0408899999999999,88.29,2039.75,135.4,2.41,4635.2,0.5,-1639.0,3.0,0.25,79.64
2012-12-21,1.0456299999999998,88.2,2048.25,135.4,2.41,4623.6,0.5,-1639.0,3.0,0.25,79.62
2012-12-20,1.04918,89.75,2026.0,135.5,2.41,4634.1,0.5,-1639.0,3.0,0.25,79.26
2012-12-19,1.05199,89.08,2048.25,135.5,2.41,4617.8,0.5,-1639.0,3.0,0.25,79.27
2012-12-18,1.05395,87.45,2079.75,132.2,2.41,4595.2,0.5,-1639.0,3.0,0.25,79.36
2012-12-17,1.05409,86.7,2149.75,132.2,2.41,4573.4,0.5,-1639.0,3.0,0.25,79.57
2012-12-14,1.05409,86.31,2138.25,129.3,2.41,4583.1,0.5,-1639.0,3.0,0.25,79.58
2012-12-13,1.05433,85.38,2132.75,126.4,2.41,4582.8,0.5,-1639.0,3.0,0.25,79.93
2012-12-12,1.0524799999999999,86.34,2141.25,125.0,2.41,4583.8,0.5,-1639.0,3.0,0.25,79.81
2012-12-11,1.04906,85.35,2110.0,124.9,2.41,4576.0,0.5,-1639.0,3.0,0.25,80.06
2012-12-10,1.04826,85.13,2123.5,123.4,2.41,4557.9,0.5,-1639.0,3.0,0.25,80.33
2012-12-07,1.04774,85.44,2086.75,121.0,2.41,4551.8,0.5,-1639.0,3.0,0.25,80.41
2012-12-06,1.04728,85.46,2089.75,118.4,2.41,4509.3,0.5,-1639.0,3.0,0.25,80.26
2012-12-05,1.04636,87.35,2106.25,117.9,2.41,4520.4,0.5,-1639.0,3.0,0.25,79.77
2012-12-04,1.0441200000000002,88.03,2092.5,117.1,2.41,4503.6,0.5,-1639.0,3.0,0.25,79.64
2012-12-03,1.0421200000000002,88.68,2118.0,115.3,2.41,4531.5,0.5,-1639.0,3.25,0.25,79.88
2012-11-30,1.04372,88.53,2094.0,115.6,2.41,4506.0,0.5,-3123.0,3.25,0.25,80.15
2012-11-29,1.04549,87.63,2065.25,116.9,2.41,4477.7,0.5,-3123.0,3.25,0.25,80.2
2012-11-28,1.04599,86.09,1992.0,117.9,2.41,4447.3,0.5,-3123.0,3.25,0.25,80.34
2012-11-27,1.04645,86.8,2000.5,117.9,2.41,4456.8,0.5,-3123.0,3.25,0.25,80.4
2012-11-26,1.04383,87.27,1986.5,118.2,2.41,4424.2,0.5,-3123.0,3.25,0.25,80.25
2012-11-23,1.04006,87.08,1969.5,118.9,2.41,4413.0,0.5,-3123.0,3.25,0.25,80.19
2012-11-22,1.03745,87.08,1925.75,118.7,2.41,4413.1,0.5,-3123.0,3.25,0.25,80.93
2012-11-21,1.03766,87.08,1910.75,120.6,2.41,4369.5,0.5,-3123.0,3.25,0.25,80.93
2012-11-20,1.03902,86.46,1946.5,120.6,2.41,4385.7,0.5,-3123.0,3.25,0.25,80.96
2012-11-19,1.0361,89.05,1955.0,122.8,2.41,4361.4,0.5,-3123.0,3.25,0.25,80.87
2012-11-16,1.03342,86.62,1930.25,122.8,2.41,4336.8,0.5,-3123.0,3.25,0.25,81.26
2012-11-15,1.03782,85.45,1943.0,122.8,2.41,4349.3,0.5,-3123.0,3.25,0.25,81.08
2012-11-14,1.04241,86.32,1948.75,122.4,2.41,4388.4,0.5,-3123.0,3.25,0.25,81.06
2012-11-13,1.0419399999999999,85.38,1967.25,122.3,2.41,4379.8,0.5,-3123.0,3.25,0.25,81.08
2012-11-12,1.0413,85.56,1951.0,122.1,2.41,4448.0,0.5,-3123.0,3.25,0.25,81.03
2012-11-09,1.04061,86.08,1901.5,122.1,2.41,4462.0,0.5,-3123.0,3.25,0.25,81.03
2012-11-08,1.04221,85.07,1902.0,121.4,2.41,4483.8,0.5,-3123.0,3.25,0.25,80.79
2012-11-07,1.0428,84.5,1897.0,121.6,2.41,4516.5,0.5,-3123.0,3.25,0.25,80.76
2012-11-06,1.0392700000000001,88.62,1892.0,121.1,2.41,4484.8,0.5,-3123.0,3.25,0.25,80.61
2012-11-05,1.03661,85.64,1878.75,120.5,2.41,4474.1,0.5,-3123.0,3.25,0.25,80.75
2012-11-02,1.0382200000000001,84.9,1899.5,120.1,2.41,4460.1,0.5,-3123.0,3.25,0.25,80.59
2012-11-01,1.03798,87.05,1917.5,120.3,2.41,4457.6,0.5,-3123.0,3.25,0.25,80.05
2012-10-31,1.0370700000000002,86.23,1877.5,119.3,2.41,4517.0,0.5,-2406.0,3.25,0.25,79.92
2012-10-30,1.03549,85.65,1882.25,119.8,2.41,4485.7,0.5,-2406.0,3.25,0.25,79.93
2012-10-29,1.03482,85.52,1869.25,120.0,2.41,4476.9,0.5,-2406.0,3.25,0.25,80.23
2012-10-26,1.0353299999999999,85.84,1895.75,119.6,2.41,4472.4,0.5,-2406.0,3.25,0.25,80.07
2012-10-25,1.03477,85.59,1911.25,120.0,2.41,4510.5,0.5,-2406.0,3.25,0.25,80.04
2012-10-24,1.03074,85.39,1912.0,118.7,2.41,4505.8,0.5,-2406.0,3.25,0.25,79.91
2012-10-23,1.0302,86.65,1923.25,117.5,2.41,4543.1,0.5,-2406.0,3.25,0.25,79.98
2012-10-22,1.0332299999999999,88.3,1933.75,117.5,2.41,4541.0,0.5,-2406.0,3.25,0.25,79.65
2012-10-19,1.03646,90.0,1946.25,115.3,2.41,4571.1,0.5,-2406.0,3.25,0.25,79.62
2012-10-18,1.0363200000000001,92.0,1991.5,115.5,2.41,4559.4,0.5,-2406.0,3.25,0.25,79.37
2012-10-17,1.0308,91.97,1959.75,115.4,2.41,4528.2,0.5,-2406.0,3.25,0.25,79.02
2012-10-16,1.0255299999999998,92.07,1929.75,112.6,2.41,4491.5,0.5,-2406.0,3.25,0.25,79.4
2012-10-15,1.0242,91.84,1935.25,113.0,2.41,4483.4,0.5,-2406.0,3.25,0.25,79.74
2012-10-12,1.0258399999999999,91.83,1968.5,114.5,2.41,4486.6,0.5,-2406.0,3.25,0.25,79.67
2012-10-11,1.02501,92.19,1992.25,115.8,2.41,4483.5,0.5,-2406.0,3.25,0.25,79.77
2012-10-10,1.0221,91.24,1980.25,117.7,2.41,4490.7,0.5,-2406.0,3.25,0.25,79.92
2012-10-09,1.02006,92.42,2025.0,117.2,2.41,4505.3,0.5,-2406.0,3.25,0.25,79.95
2012-10-08,1.0203,89.43,2052.75,110.4,2.41,4481.9,0.5,-2406.0,3.25,0.25,79.54
2012-10-05,1.02344,89.87,2085.0,104.2,2.41,4494.4,0.5,-2406.0,3.25,0.25,79.34
2012-10-04,1.0225600000000001,91.69,2087.5,104.2,2.41,4452.4,0.5,-2406.0,3.25,0.25,79.35
2012-10-03,1.02585,88.19,2074.0,104.2,2.41,4438.6,0.5,-2406.0,3.25,0.25,79.96
2012-10-02,1.03345,91.88,2078.75,104.2,2.41,4433.0,0.5,-2406.0,3.25,0.25,79.74
2012-10-01,1.0386600000000001,92.44,2097.5,104.2,2.41,4388.6,0.5,-2406.0,3.5,0.25,79.82
2012-09-28,1.04211,92.18,2084.75,104.2,2.41,4387.0,0.5,-2406.0,3.5,0.25,79.93
2012-09-27,1.03894,91.89,2079.5,104.2,2.41,4384.2,0.5,-2406.0,3.5,0.25,79.55
2012-09-26,1.03872,89.92,2042.75,104.2,2.41,4361.6,0.5,-2406.0,3.5,0.25,79.88
2012-09-25,1.0423799999999999,91.06,2078.5,103.7,2.41,4372.9,0.5,-2406.0,3.5,0.25,79.55
2012-09-24,1.0438,91.67,2057.5,103.7,2.41,4385.5,0.5,-2406.0,3.5,0.25,79.52
2012-09-21,1.04524,92.63,2107.5,106.4,2.41,4408.3,0.5,-2406.0,3.5,0.25,79.33
2012-09-20,1.04351,92.14,2098.25,109.1,2.41,4397.2,0.5,-2406.0,3.5,0.25,79.41
2012-09-19,1.0454,91.97,2126.5,109.5,2.41,4418.4,0.5,-2406.0,3.5,0.25,79.05
2012-09-18,1.04742,95.27,2161.75,109.6,2.41,4394.7,0.5,-2406.0,3.5,0.25,79.25
2012-09-17,1.05369,96.51,2167.0,105.1,2.41,4402.5,0.5,-2406.0,3.5,0.25,79.01
2012-09-14,1.05349,98.94,2200.0,101.6,2.41,4390.0,0.5,-2406.0,3.5,0.25,78.85
2012-09-13,1.04687,98.3,2101.25,96.1,2.41,4339.4,0.5,-2406.0,3.5,0.25,79.26
2012-09-12,1.04339,97.02,2082.0,98.1,2.41,4361.3,0.5,-2406.0,3.5,0.25,79.74
2012-09-11,1.03705,97.03,2073.15,100.2,2.41,4325.8,0.5,-2406.0,3.5,0.25,79.86
2012-09-10,1.0349700000000002,96.52,2049.5,95.0,2.41,4333.8,0.5,-2406.0,3.5,0.25,80.25
2012-09-07,1.03003,96.41,2010.0,89.0,2.41,4325.8,0.5,-2406.0,3.5,0.25,80.25
2012-09-06,1.0224600000000001,95.58,1966.5,87.0,2.41,4312.9,0.5,-2406.0,3.5,0.25,81.04
2012-09-05,1.02152,95.37,1962.0,86.7,2.41,4278.8,0.5,-2406.0,3.5,0.25,81.23
2012-09-04,1.02493,95.34,1926.0,86.9,2.41,4303.5,0.5,-2406.0,3.5,0.25,81.31
2012-09-03,1.02788,97.04,1908.0,89.1,2.41,4329.7,0.5,-2406.0,3.5,0.25,81.21
2012-08-31,1.0316299999999998,96.47,1883.75,89.4,2.41,4316.1,0.5,-2227.0,3.5,0.25,81.21
2012-08-30,1.03397,94.61,1856.25,88.7,2.41,4315.7,0.5,-2227.0,3.5,0.25,81.69
2012-08-29,1.03681,95.5,1870.25,90.3,2.41,4356.4,0.5,-2227.0,3.5,0.25,81.55
2012-08-28,1.0378399999999999,96.3,1890.75,94.8,2.41,4359.4,0.5,-2227.0,3.5,0.25,81.37
2012-08-27,1.0401799999999999,95.54,1890.45,99.4,2.41,4343.7,0.5,-2227.0,3.5,0.25,81.66
2012-08-24,1.04431,95.77,1890.45,99.4,2.41,4349.0,0.5,-2227.0,3.5,0.25,81.59
2012-08-23,1.04758,95.87,1877.25,99.6,2.41,4383.7,0.5,-2227.0,3.5,0.25,81.36
2012-08-22,1.04669,96.55,1844.75,106.4,2.41,4376.0,0.5,-2227.0,3.5,0.25,81.49
2012-08-21,1.04701,96.55,1832.5,106.4,2.41,4383.4,0.5,-2227.0,3.5,0.25,81.91
2012-08-20,1.04512,96.03,1800.0,109.3,2.41,4364.3,0.5,-2227.0,3.5,0.25,82.46
2012-08-17,1.04735,96.0,1821.25,110.2,2.41,4370.1,0.5,-2227.0,3.5,0.25,82.6
2012-08-16,1.04925,95.66,1804.0,111.9,2.41,4330.2,0.5,-2227.0,3.5,0.25,82.36
2012-08-15,1.04961,94.35,1796.0,113.1,2.41,4281.2,0.5,-2227.0,3.5,0.25,82.64
2012-08-14,1.0523200000000001,93.4,1815.5,113.3,2.41,4292.2,0.5,-2227.0,3.5,0.25,82.48
2012-08-13,1.05429,92.76,1816.0,112.9,2.41,4283.3,0.5,-2227.0,3.5,0.25,82.43
2012-08-10,1.05582,92.94,1841.25,113.8,2.41,4277.3,0.5,-2227.0,3.5,0.25,82.55
2012-08-09,1.0569899999999999,93.39,1861.5,114.8,2.41,4308.3,0.5,-2227.0,3.5,0.25,82.64
2012-08-08,1.0561399999999999,93.39,1877.75,114.9,2.41,4312.6,0.5,-2227.0,3.5,0.25,82.39
2012-08-07,1.05701,93.68,1873.5,116.2,2.41,4291.6,0.5,-2227.0,3.5,0.25,82.21
2012-08-06,1.05433,92.3,1843.75,116.6,2.41,4272.6,0.5,-2227.0,3.5,0.25,82.27
2012-08-03,1.0495299999999999,91.4,1825.5,116.7,2.41,4221.5,0.5,-2227.0,3.5,0.25,82.38
2012-08-02,1.04851,87.22,1804.0,117.1,2.41,4269.5,0.5,-2227.0,3.5,0.25,83.36
2012-08-01,1.05065,88.99,1827.25,117.4,2.41,4262.8,0.5,-2227.0,3.5,0.25,83.06
2012-07-31,1.0500399999999999,88.08,1853.25,117.0,2.41,4269.2,0.5,-1923.0,3.5,0.25,82.63
2012-07-30,1.0458,89.8,1864.5,115.2,2.41,4245.7,0.5,-1923.0,3.5,0.25,82.79
2012-07-27,1.0398,90.13,1862.0,116.2,2.41,4209.8,0.5,-1923.0,3.5,0.25,82.71
2012-07-26,1.03205,89.4,1846.0,117.3,2.41,4147.7,0.5,-1923.0,3.5,0.25,82.81
2012-07-25,1.02639,88.79,1839.5,118.6,2.41,4123.9,0.5,-1923.0,3.5,0.25,83.52
2012-07-24,1.028,88.27,1838.25,122.9,2.41,4133.2,0.5,-1923.0,3.5,0.25,84.0
2012-07-23,1.03376,87.76,1851.75,123.6,2.41,4128.9,0.5,-1923.0,3.5,0.25,83.71
2012-07-20,1.04011,91.56,1872.75,125.0,2.41,4199.1,0.5,-1923.0,3.5,0.25,83.48
2012-07-19,1.0374,92.78,1925.0,125.6,2.41,4206.7,0.5,-1923.0,3.5,0.25,82.88
2012-07-18,1.0306,89.88,1882.5,128.3,2.41,4123.6,0.5,-1923.0,3.5,0.25,83.07
2012-07-17,1.02624,89.07,1876.75,129.4,2.41,4140.8,0.5,-1923.0,3.5,0.25,83.03
2012-07-16,1.02101,88.41,1885.75,130.1,2.41,4105.1,0.5,-1923.0,3.5,0.25,83.1
2012-07-13,1.0172,87.15,1877.5,132.8,2.41,4082.2,0.5,-1923.0,3.5,0.25,83.35
2012-07-12,1.0188,86.02,1849.5,133.7,2.41,4068.0,0.5,-1923.0,3.5,0.25,83.66
2012-07-11,1.02175,85.88,1867.0,134.0,2.41,4096.5,0.5,-1923.0,3.5,0.25,83.57
2012-07-10,1.0197200000000002,83.92,1878.5,135.5,2.41,4098.0,0.5,-1923.0,3.5,0.25,83.4
2012-07-09,1.02108,85.93,1891.75,135.5,2.41,4118.3,0.5,-1923.0,3.5,0.25,83.16
2012-07-06,1.02562,84.37,1863.25,135.1,2.41,4157.8,0.5,-1923.0,3.5,0.25,83.38
2012-07-05,1.0278399999999999,87.11,1909.75,134.8,2.41,4169.2,0.5,-1923.0,3.5,0.25,82.81
2012-07-04,1.02773,87.74,1921.5,135.1,2.41,4172.2,0.5,-1923.0,3.5,0.25,81.78
2012-07-03,1.02568,87.74,1947.75,135.4,2.41,4127.2,0.5,-1923.0,3.5,0.25,81.78
2012-07-02,1.02099,83.72,1873.0,133.5,2.41,4133.0,0.5,-1923.0,3.5,0.25,81.87
2012-06-29,1.01265,85.04,1875.75,134.0,2.41,4094.6,0.5,-1923.0,3.5,0.25,81.63
2012-06-28,1.00681,77.72,1808.25,134.9,2.41,4044.8,0.5,-1923.0,3.5,0.25,82.81
2012-06-27,1.00545,80.27,1832.75,135.4,2.41,4043.2,0.5,-1923.0,3.5,0.25,82.62
2012-06-26,1.0028299999999999,79.34,1806.5,135.4,2.41,4013.3,0.5,-1923.0,3.5,0.25,82.37
2012-06-25,1.0026700000000002,78.75,1826.5,137.1,2.41,4027.8,0.5,-1923.0,3.5,0.25,82.5
2012-06-22,1.00814,79.33,1824.75,137.4,2.41,4048.2,0.5,-1923.0,3.5,0.25,82.26
2012-06-21,1.01588,77.91,1830.75,137.4,2.41,4087.6,0.5,-1923.0,3.5,0.25,82.29
2012-06-20,1.01736,81.06,1865.0,136.8,2.41,4132.4,0.5,-1923.0,3.5,0.25,81.58
2012-06-19,1.01336,83.99,1886.0,136.6,2.41,4123.3,0.5,-1923.0,3.5,0.25,81.38
2012-06-18,1.00784,83.26,1890.0,136.0,2.41,4136.9,0.5,-1923.0,3.5,0.25,81.95
2012-06-15,1.0006700000000002,84.03,1895.0,135.0,2.41,4057.3,0.5,-1923.0,3.5,0.25,81.63
2012-06-14,0.996079,83.91,1916.25,134.7,2.41,4042.2,0.5,-1923.0,3.5,0.25,81.99
2012-06-13,0.9940559999999999,82.56,1925.75,133.7,2.41,4063.8,0.5,-1923.0,3.5,0.25,82.06
2012-06-12,0.9922059999999999,83.35,1929.75,133.1,2.41,4072.9,0.5,-1923.0,3.5,0.25,82.42
2012-06-11,0.992238,82.58,1934.5,132.3,2.41,4063.7,0.5,-1923.0,3.5,0.25,82.51
2012-06-08,0.9895299999999999,84.1,1948.0,131.4,2.41,4063.7,0.5,-1923.0,3.5,0.25,82.51
2012-06-07,0.990574,84.78,1955.5,130.6,2.41,4108.6,0.5,-1923.0,3.5,0.25,82.05
2012-06-06,0.980915,85.05,1939.25,131.0,2.41,4055.3,0.5,-1923.0,3.5,0.25,82.32
2012-06-05,0.972253,84.31,1934.5,135.0,2.41,4043.7,0.5,-1923.0,3.5,0.25,82.82
2012-06-04,0.968512,83.95,1934.5,135.0,2.41,3985.0,0.5,-1923.0,3.75,0.25,82.56
2012-06-01,0.969621,83.17,1934.5,135.0,2.41,4063.9,0.5,-1923.0,3.75,0.25,82.89
2012-05-31,0.974046,86.52,1955.5,134.8,2.41,4076.3,0.5,-1093.0,3.75,0.25,83.04
2012-05-30,0.979932,87.79,1967.75,134.8,2.41,4094.2,0.5,-1093.0,3.75,0.25,83.02
2012-05-29,0.9846790000000001,90.75,1978.25,132.5,2.41,4114.4,0.5,-1093.0,3.75,0.25,82.48
2012-05-28,0.981909,90.63,1984.0,130.7,2.41,4068.0,0.5,-1093.0,3.75,0.25,82.4
2012-05-25,0.9764379999999999,90.63,1976.25,130.5,2.41,4029.2,0.5,-1093.0,3.75,0.25,82.4
2012-05-24,0.9756229999999999,90.35,1977.25,130.3,2.41,4055.8,0.5,-1093.0,3.75,0.25,82.35
2012-05-23,0.9802620000000001,89.4,1969.25,129.9,2.41,4067.0,0.5,-1093.0,3.75,0.25,82.09
2012-05-22,0.9875120000000001,91.44,1989.0,131.1,2.41,4121.0,0.5,-1093.0,3.75,0.25,81.49
2012-05-21,0.985245,92.57,2005.25,130.9,2.41,4073.6,0.5,-1093.0,3.75,0.25,81.08
2012-05-18,0.9880530000000001,91.51,2028.25,131.3,2.41,4046.5,0.5,-1093.0,3.75,0.25,81.29
2012-05-17,0.992785,92.53,2014.25,133.6,2.41,4157.4,0.5,-1093.0,3.75,0.25,81.38
2012-05-16,0.994332,92.78,1993.5,135.1,2.41,4165.5,0.5,-1093.0,3.75,0.25,81.37
2012-05-15,0.998292,93.97,1983.25,135.9,2.41,4266.3,0.5,-1093.0,3.75,0.25,81.22
2012-05-14,1.00149,94.75,1983.0,136.7,2.41,4297.0,0.5,-1093.0,3.75,0.25,80.61
2012-05-11,1.0066899999999999,96.03,2004.5,137.6,2.41,4285.1,0.5,-1093.0,3.75,0.25,80.26
2012-05-10,1.0086899999999999,97.1,2004.75,139.3,2.41,4295.6,0.5,-1093.0,3.75,0.25,80.11
2012-05-09,1.01019,96.8,2008.0,141.3,2.41,4275.1,0.5,-1093.0,3.75,0.25,80.08
2012-05-08,1.01594,97.13,2016.25,142.7,2.41,4314.4,0.5,-1093.0,3.75,0.25,79.74
2012-05-07,1.01918,97.86,2028.0,144.1,2.41,4301.3,0.5,-1093.0,3.75,0.25,79.6
2012-05-04,1.0253700000000001,98.49,2028.0,144.1,2.41,4396.0,0.5,-1093.0,3.75,0.25,79.5
2012-05-03,1.0302,102.56,2050.75,144.9,2.41,4429.0,0.5,-1093.0,3.75,0.25,79.22
2012-05-02,1.03395,105.25,2056.25,144.6,2.41,4435.9,0.5,-1093.0,3.75,0.25,79.13
2012-05-01,1.03888,106.17,2082.25,145.4,2.41,4429.5,0.5,-1093.0,3.75,0.25,78.86
2012-04-30,1.04259,104.89,2078.75,145.4,2.41,4396.6,0.5,-728.0,4.25,0.25,78.78
2012-04-27,1.0396100000000001,104.86,2069.5,145.4,2.41,4362.1,0.5,-728.0,4.25,0.25,78.71
2012-04-26,1.0357399999999999,104.56,2046.5,143.8,2.41,4375.2,0.5,-728.0,4.25,0.25,78.92
2012-04-25,1.03151,103.72,2029.25,146.7,2.41,4360.4,0.5,-728.0,4.25,0.25,79.01
2012-04-24,1.0302799999999999,103.1,2040.5,146.7,2.41,4360.4,0.5,-728.0,4.25,0.25,79.22
2012-04-23,1.03318,102.68,2017.75,148.1,2.41,4352.4,0.5,-728.0,4.25,0.25,79.42
2012-04-20,1.0348899999999999,103.58,2042.0,148.4,2.41,4366.5,0.5,-728.0,4.25,0.25,79.19
2012-04-19,1.03629,102.38,2034.5,148.5,2.41,4362.7,0.5,-728.0,4.25,0.25,79.56
2012-04-18,1.0373700000000001,102.65,2018.75,148.5,2.41,4348.7,0.5,-728.0,4.25,0.25,79.54
2012-04-17,1.03565,104.23,2036.75,149.2,2.41,4288.8,0.5,-728.0,4.25,0.25,79.48
2012-04-16,1.03656,102.92,2025.0,149.3,2.41,4302.3,0.5,-728.0,4.25,0.25,79.55
2012-04-13,1.03929,102.84,2030.5,149.4,2.41,4323.3,0.5,-728.0,4.25,0.25,79.89
2012-04-12,1.03511,103.69,2065.25,148.8,2.41,4280.6,0.5,-728.0,4.25,0.25,79.28
2012-04-11,1.02892,102.66,2060.75,148.7,2.41,4246.1,0.5,-728.0,4.25,0.25,79.79
2012-04-10,1.02941,101.12,2027.0,148.0,2.41,4292.3,0.5,-728.0,4.25,0.25,79.89
2012-04-09,1.03011,102.45,2072.25,147.6,2.41,4319.8,0.5,-728.0,4.25,0.25,79.73
2012-04-06,1.0301200000000001,103.29,2072.25,147.6,2.41,4319.8,0.5,-728.0,4.25,0.25,79.89
2012-04-05,1.0284799999999998,103.29,2072.25,147.6,2.41,4319.8,0.5,-728.0,4.25,0.25,80.08
2012-04-04,1.03214,101.53,2053.35,147.6,2.41,4333.9,0.5,-728.0,4.25,0.25,79.78
2012-04-03,1.0397100000000001,104.02,2083.75,147.6,2.41,4337.0,0.5,-728.0,4.25,0.25,79.48
2012-04-02,1.04027,105.25,2089.5,147.6,2.41,4329.3,0.5,-728.0,4.25,0.25,78.82
2012-03-30,1.03772,103.03,2087.0,147.6,2.41,4335.2,0.5,-728.0,4.25,0.25,79.0
2012-03-29,1.03813,102.79,2094.0,147.7,2.41,4337.9,0.5,-728.0,4.25,0.25,79.19
2012-03-28,1.04474,105.4,2127.25,147.7,2.41,4343.5,0.5,-728.0,4.25,0.25,79.13
2012-03-27,1.05014,107.32,2155.0,147.1,2.41,4301.3,0.5,-728.0,4.25,0.25,79.05
2012-03-26,1.04595,107.07,2145.25,145.5,2.41,4262.8,0.5,-728.0,4.25,0.25,78.98
2012-03-23,1.0408600000000001,106.43,2135.0,145.2,2.41,4270.4,0.5,-728.0,4.25,0.25,79.34
2012-03-22,1.0427899999999999,104.98,2128.5,145.2,2.41,4273.7,0.5,-728.0,4.25,0.25,79.74
2012-03-21,1.04985,106.87,2168.75,144.9,2.41,4254.3,0.5,-728.0,4.25,0.25,79.66
2012-03-20,1.0559399999999999,105.68,2204.25,144.8,2.41,4275.0,0.5,-728.0,4.25,0.25,79.59
2012-03-19,1.05785,108.09,2234.5,144.7,2.41,4290.8,0.5,-728.0,4.25,0.25,79.79
2012-03-16,1.05271,107.03,2219.0,144.7,2.41,4276.2,0.5,-728.0,4.25,0.25,79.79
2012-03-15,1.0490899999999999,105.19,2208.75,145.0,2.41,4277.8,0.5,-728.0,4.25,0.25,80.15
2012-03-14,1.0509899999999999,105.49,2185.25,144.3,2.41,4287.2,0.5,-728.0,4.25,0.25,80.56
2012-03-13,1.05277,106.7,2215.0,144.1,2.41,4247.6,0.5,-728.0,4.25,0.25,80.19
2012-03-12,1.05586,106.34,2185.25,143.3,2.41,4196.7,0.5,-728.0,4.25,0.25,79.89
2012-03-09,1.06184,107.4,2197.5,142.6,2.41,4212.0,0.5,-728.0,4.25,0.25,80.04
2012-03-08,1.05926,106.65,2162.25,142.6,2.41,4171.0,0.5,-728.0,4.25,0.25,79.14
2012-03-07,1.05752,106.16,2165.25,143.0,2.41,4143.7,0.5,-728.0,4.25,0.25,79.71
2012-03-06,1.06419,104.71,2192.0,143.0,2.41,4204.7,0.5,-728.0,4.25,0.25,79.87
2012-03-05,1.0725799999999999,106.7,2243.75,143.2,2.41,4263.0,0.5,-728.0,4.25,0.25,79.3
2012-03-02,1.07718,106.68,2285.75,143.2,2.41,4273.1,0.5,-728.0,4.25,0.25,79.4
2012-03-01,1.07771,108.76,2312.25,143.2,2.41,4255.5,0.5,-728.0,4.25,0.25,78.79
2012-02-29,1.07863,107.08,2285.5,143.0,2.41,4298.5,0.5,-1014.0,4.25,0.25,78.74
2012-02-28,1.07381,106.59,2283.0,143.0,2.41,4262.7,0.5,-1014.0,4.25,0.25,78.27
2012-02-27,1.07085,108.49,2289.25,140.5,2.41,4267.4,0.5,-1014.0,4.25,0.25,78.57
2012-02-24,1.07028,109.39,2287.0,139.0,2.41,4306.8,0.5,-1014.0,4.25,0.25,78.35
2012-02-23,1.06586,107.44,2231.75,138.7,2.41,4286.2,0.5,-1014.0,4.25,0.25,78.82
2012-02-22,1.06675,105.99,2237.75,135.9,2.41,4293.1,0.5,-1014.0,4.25,0.25,79.21
2012-02-21,1.073,105.88,2211.75,135.4,2.41,4291.2,0.5,-1014.0,4.25,0.25,79.04
2012-02-20,1.0764,103.27,2135.25,135.1,2.41,4256.1,0.5,-1014.0,4.25,0.25,79.33
2012-02-17,1.07333,103.27,2121.5,134.3,2.41,4195.9,0.5,-1014.0,4.25,0.25,79.33
2012-02-16,1.07094,102.33,2118.0,136.8,2.41,4181.9,0.5,-1014.0,4.25,0.25,79.35
2012-02-15,1.0714299999999999,101.82,2156.75,137.4,2.41,4253.4,0.5,-1014.0,4.25,0.25,79.67
2012-02-14,1.0709600000000001,100.82,2173.75,139.6,2.41,4242.8,0.5,-1014.0,4.25,0.25,79.58
2012-02-13,1.07237,100.39,2169.5,142.2,2.41,4285.1,0.5,-1014.0,4.25,0.25,78.95
2012-02-10,1.0741399999999999,98.68,2206.25,142.7,2.41,4245.3,0.5,-1014.0,4.25,0.25,79.11
2012-02-09,1.07997,99.88,2251.5,142.8,2.41,4282.9,0.5,-1014.0,4.25,0.25,78.57
2012-02-08,1.07949,98.87,2214.0,143.2,2.41,4290.7,0.5,-1014.0,4.25,0.25,78.64
2012-02-07,1.07559,98.55,2215.0,144.7,2.41,4274.2,0.5,-1014.0,4.25,0.25,78.58
2012-02-06,1.0723,96.89,2182.25,144.8,2.41,4296.0,0.5,-1014.0,4.25,0.25,79.07
2012-02-03,1.07189,97.8,2209.25,143.3,2.41,4251.2,0.5,-1014.0,4.25,0.25,78.92
2012-02-02,1.0694,96.36,2158.75,143.1,2.41,4267.8,0.5,-1014.0,4.25,0.25,78.99
2012-02-01,1.06469,97.63,2228.5,142.8,2.41,4225.7,0.5,-1014.0,4.25,0.25,78.92
2012-01-31,1.0611,98.46,2201.5,142.4,2.41,4262.7,0.5,-2624.0,4.25,0.25,79.29
