Date,CAD/USD,Crude Oil Price,Aluminum Price,Iron Ore Price,Canadian Inflation Rate,Stock Market Index,GDP Growth Rate,Balance of Trade,Interest Rate,US Fed Funds Rate,USDX
2015-12-31,0.721075,37.04,1501.0,42.9,1.9,13009.95,0.2,-630.8,0.5,0.5,98.693
2015-12-30,0.7209720000000001,36.6,1534.0,42.5,1.9,13142.29,0.2,-630.8,0.5,0.5,98.26299999999999
2015-12-29,0.720839,37.87,1525.0,41.4,1.9,13245.75,0.2,-630.8,0.5,0.5,98.16799999999999
2015-12-28,0.721504,36.81,1532.0,40.5,1.9,13309.8,0.2,-630.8,0.5,0.5,97.946
2015-12-24,0.720859,38.1,1540.5,40.2,1.9,13309.8,0.2,-630.8,0.5,0.5,97.984
2015-12-23,0.718446,37.5,1543.0,40.2,1.9,13284.91,0.2,-630.8,0.5,0.5,98.31700000000001
2015-12-22,0.717163,36.14,1506.5,40.2,1.9,13082.86,0.2,-630.8,0.5,0.5,98.21700000000001
2015-12-21,0.717283,34.74,1515.0,39.4,1.9,13034.38,0.2,-630.8,0.5,0.5,98.47
2015-12-18,0.719442,34.73,1506.0,39.3,1.9,13024.3,0.2,-630.8,0.5,0.5,98.70299999999999
2015-12-17,0.723973,34.95,1476.0,38.5,1.9,13009.93,0.2,-630.8,0.5,0.5,99.27
2015-12-16,0.727691,35.52,1486.0,38.2,1.9,13166.08,0.2,-630.8,0.5,0.5,97.87100000000001
2015-12-15,0.7287899999999999,37.35,1471.0,37.5,1.9,12919.57,0.2,-630.8,0.5,0.25,98.21700000000001
2015-12-14,0.729481,36.31,1491.5,37.5,1.9,12695.49,0.2,-630.8,0.5,0.25,97.604
2015-12-11,0.7337359999999999,35.62,1482.0,37.0,1.9,12789.95,0.2,-630.8,0.5,0.25,97.565
2015-12-10,0.7368859999999999,36.76,1491.0,37.5,1.9,13016.59,0.2,-630.8,0.5,0.25,97.939
2015-12-09,0.7373310000000001,37.16,1490.0,38.3,1.9,12937.59,0.2,-630.8,0.5,0.25,97.345
2015-12-08,0.740632,37.51,1477.0,38.8,1.9,12922.47,0.2,-630.8,0.5,0.25,98.47399999999999
2015-12-07,0.746047,37.65,1485.0,38.9,1.9,13042.83,0.2,-630.8,0.5,0.25,98.655
2015-12-04,0.749019,39.97,1514.5,39.4,1.9,13358.77,0.2,-630.8,0.5,0.25,98.354
2015-12-03,0.748935,41.08,1473.0,40.3,1.9,13324.67,0.2,-630.8,0.5,0.25,97.62100000000001
2015-12-02,0.7485310000000001,39.94,1485.5,40.6,1.9,13463.82,0.2,-630.8,0.5,0.25,99.993
2015-12-01,0.748805,41.85,1469.0,41.6,1.9,13636.06,0.2,-630.8,0.5,0.25,99.795
2015-11-30,0.748962,41.65,1446.0,42.8,2.0,13469.83,0.2,-1728.8,0.5,0.25,100.17
2015-11-27,0.750971,41.71,1457.5,43.5,2.0,13368.24,0.2,-1728.8,0.5,0.25,100.02
2015-11-26,0.751923,42.46,1501.0,43.6,2.0,13425.19,0.2,-1728.8,0.5,0.25,99.795
2015-11-25,0.7509600000000001,43.04,1460.0,43.4,2.0,13403.42,0.2,-1728.8,0.5,0.25,99.795
2015-11-24,0.748804,42.87,1446.0,43.4,2.0,13407.83,0.2,-1728.8,0.5,0.25,99.527
2015-11-23,0.74897,41.75,1435.5,44.2,2.0,13382.38,0.2,-1728.8,0.5,0.25,99.803
2015-11-20,0.752157,40.39,1447.0,45.0,2.0,13433.49,0.2,-1728.8,0.5,0.25,99.565
2015-11-19,0.752183,40.54,1466.0,45.1,2.0,13473.83,0.2,-1728.8,0.5,0.25,98.98899999999999
2015-11-18,0.750476,40.75,1472.0,45.8,2.0,13399.97,0.2,-1728.8,0.5,0.25,99.652
2015-11-17,0.750476,40.67,1474.0,45.8,2.0,13280.39,0.2,-1728.8,0.5,0.25,99.631
2015-11-16,0.751026,41.74,1467.0,47.3,2.0,13317.52,0.2,-1728.8,0.5,0.25,99.44200000000001
2015-11-13,0.7524109999999999,40.74,1491.0,47.4,2.0,13075.42,0.2,-1728.8,0.5,0.25,98.99799999999999
2015-11-12,0.753614,41.75,1492.0,47.8,2.0,13127.18,0.2,-1728.8,0.5,0.25,98.649
2015-11-11,0.753821,42.93,1518.0,47.7,2.0,13341.93,0.2,-1728.8,0.5,0.25,99.01299999999999
2015-11-10,0.753229,44.21,1508.0,47.7,2.0,13411.63,0.2,-1728.8,0.5,0.25,99.29299999999999
2015-11-09,0.754459,43.87,1512.0,47.7,2.0,13482.62,0.2,-1728.8,0.5,0.25,98.979
2015-11-06,0.758111,44.29,1523.0,47.4,2.0,13553.3,0.2,-1728.8,0.5,0.25,99.16799999999999
2015-11-05,0.761405,45.2,1507.0,47.7,2.0,13558.78,0.2,-1728.8,0.5,0.25,97.936
2015-11-04,0.763848,46.32,1504.0,48.3,2.0,13661.82,0.2,-1728.8,0.5,0.25,97.95
2015-11-03,0.763799,47.9,1501.0,48.7,2.0,13710.31,0.2,-1728.8,0.5,0.25,97.15799999999999
2015-11-02,0.763065,46.14,1493.0,49.1,2.0,13623.01,0.2,-1728.8,0.5,0.25,96.928
2015-10-30,0.759977,46.59,1478.5,49.5,2.0,13529.17,0.2,-1728.8,0.5,0.25,96.946
2015-10-29,0.757101,46.06,1470.0,49.0,2.0,13791.88,0.2,-1728.8,0.5,0.25,97.28200000000001
2015-10-28,0.7565890000000001,45.94,1483.0,49.5,2.0,13863.16,0.2,-1728.8,0.5,0.25,97.78200000000001
2015-10-27,0.75858,43.2,1476.0,50.8,2.0,13699.6,0.2,-1728.8,0.5,0.25,96.906
2015-10-26,0.761196,43.98,1479.0,50.8,2.0,13790.9,0.2,-1728.8,0.5,0.25,96.861
2015-10-23,0.7626649999999999,44.6,1496.0,50.9,2.0,13953.66,0.2,-1728.8,0.5,0.25,97.12700000000001
2015-10-22,0.764274,45.38,1490.0,51.4,2.0,13878.11,0.2,-1728.8,0.5,0.25,96.37799999999999
2015-10-21,0.768066,45.2,1515.0,51.9,2.0,13704.19,0.2,-1728.8,0.5,0.25,95.035
2015-10-20,0.7701939999999999,45.55,1545.0,52.1,2.0,13841.92,0.2,-1728.8,0.5,0.25,94.913
2015-10-19,0.773613,45.89,1549.5,52.5,2.0,13758.38,0.2,-1728.8,0.5,0.25,94.928
2015-10-16,0.775594,47.26,1572.5,52.6,2.0,13838.1,0.2,-1728.8,0.5,0.25,94.54
2015-10-15,0.773071,46.38,1574.0,53.2,2.0,13828.97,0.2,-1728.8,0.5,0.25,94.37100000000001
2015-10-14,0.768831,46.64,1593.0,54.3,2.0,13875.33,0.2,-1728.8,0.5,0.25,93.931
2015-10-13,0.769319,46.66,1594.0,54.9,2.0,13844.73,0.2,-1728.8,0.5,0.25,94.759
2015-10-09,0.7696390000000001,49.63,1613.0,55.5,2.0,13964.36,0.2,-1728.8,0.5,0.25,94.81299999999999
2015-10-08,0.766918,49.43,1561.0,54.8,2.0,13978.66,0.2,-1728.8,0.5,0.25,95.318
2015-10-07,0.766597,47.81,1577.0,54.4,2.0,13868.35,0.2,-1728.8,0.5,0.25,95.49700000000001
2015-10-06,0.7638510000000001,48.53,1553.0,54.0,2.0,13647.26,0.2,-1728.8,0.5,0.25,95.455
2015-10-05,0.7599899999999999,46.26,1564.5,54.0,2.0,13552.2,0.2,-1728.8,0.5,0.25,96.10600000000001
2015-10-02,0.754969,45.54,1558.0,54.0,2.0,13339.74,0.2,-1728.8,0.5,0.25,95.83
2015-10-01,0.7506729999999999,44.74,1566.0,54.5,2.0,13241.89,0.2,-1728.8,0.5,0.25,96.185
2015-09-30,0.746001,45.09,1577.0,54.4,2.1,13306.96,0.6,-2172.7,0.5,0.25,96.35
2015-09-29,0.747091,45.23,1564.0,54.7,2.1,13036.96,0.6,-2172.7,0.5,0.25,95.855
2015-09-28,0.749686,44.43,1551.0,56.0,2.1,13004.58,0.6,-2172.7,0.5,0.25,96.03399999999999
2015-09-25,0.750088,45.7,1567.0,56.2,2.1,13378.57,0.6,-2172.7,0.5,0.25,96.26899999999999
2015-09-24,0.750821,44.91,1579.0,56.8,2.1,13338.67,0.6,-2172.7,0.5,0.25,95.994
2015-09-23,0.753155,44.48,1577.0,56.8,2.1,13383.69,0.6,-2172.7,0.5,0.25,96.068
2015-09-22,0.7551869999999999,45.83,1589.0,57.1,2.1,13491.09,0.6,-2172.7,0.5,0.25,96.28299999999999
2015-09-21,0.758124,46.68,1616.0,57.1,2.1,13779.44,0.6,-2172.7,0.5,0.25,95.89399999999999
2015-09-18,0.76031,44.68,1624.0,57.1,2.1,13646.9,0.6,-2172.7,0.5,0.25,94.863
2015-09-17,0.7579229999999999,46.9,1632.0,56.8,2.1,13787.16,0.6,-2172.7,0.5,0.25,94.55
2015-09-16,0.75576,47.15,1626.5,56.0,2.1,13763.78,0.6,-2172.7,0.5,0.25,95.42
2015-09-15,0.754551,44.59,1613.5,56.4,2.1,13462.71,0.6,-2172.7,0.5,0.25,95.611
2015-09-14,0.754837,44.0,1621.0,57.5,2.1,13353.34,0.6,-2172.7,0.5,0.25,95.24600000000001
2015-09-11,0.755019,44.63,1640.0,58.5,2.1,13461.47,0.6,-2172.7,0.5,0.25,95.194
2015-09-10,0.755838,45.92,1637.5,58.5,2.1,13569.89,0.6,-2172.7,0.5,0.25,95.456
2015-09-09,0.75594,44.15,1630.0,56.9,2.1,13531.85,0.6,-2172.7,0.5,0.25,96.012
2015-09-08,0.753767,45.94,1631.0,56.4,2.1,13630.67,0.6,-2172.7,0.5,0.25,95.985
2015-09-07,0.7541899999999999,44.26,1600.5,56.0,2.1,13478.31,0.6,-2172.7,0.5,0.25,96.229
2015-09-04,0.7558090000000001,46.05,1608.0,55.0,2.1,13478.31,0.6,-2172.7,0.5,0.25,96.229
2015-09-03,0.754886,46.75,1630.0,55.8,2.1,13596.41,0.6,-2172.7,0.5,0.25,96.405
2015-09-02,0.756271,46.25,1600.0,55.8,2.1,13545.25,0.6,-2172.7,0.5,0.25,95.82799999999999
2015-09-01,0.757993,45.41,1603.0,55.7,2.1,13481.9,0.6,-2172.7,0.5,0.25,95.45
2015-08-31,0.756051,49.2,1587.75,55.7,2.1,13859.12,0.6,-2356.2,0.5,0.25,95.824
2015-08-28,0.755942,45.22,1603.0,55.5,2.1,13865.07,0.6,-2356.2,0.5,0.25,96.10600000000001
2015-08-27,0.753455,42.56,1560.0,53.3,2.1,13766.67,0.6,-2356.2,0.5,0.25,95.61
2015-08-26,0.75227,38.6,1531.5,53.1,2.1,13381.59,0.6,-2356.2,0.5,0.25,95.1
2015-08-25,0.7545729999999999,39.31,1557.0,53.3,2.1,13150.93,0.6,-2356.2,0.5,0.25,94.53
2015-08-24,0.7581939999999999,38.24,1521.0,53.3,2.1,13052.74,0.6,-2356.2,0.5,0.25,93.33200000000001
2015-08-21,0.762688,40.45,1548.0,55.6,2.1,13473.67,0.6,-2356.2,0.5,0.25,95.008
2015-08-20,0.763414,41.14,1575.0,55.6,2.1,13737.0,0.6,-2356.2,0.5,0.25,95.98
2015-08-19,0.764458,40.8,1556.5,55.9,2.1,14036.63,0.6,-2356.2,0.5,0.25,96.359
2015-08-18,0.7635149999999999,42.62,1554.0,56.0,2.1,14193.87,0.6,-2356.2,0.5,0.25,97.04
2015-08-17,0.763839,41.87,1568.0,56.0,2.1,14251.53,0.6,-2356.2,0.5,0.25,96.806
2015-08-14,0.7664880000000001,42.5,1580.5,56.2,2.1,14277.88,0.6,-2356.2,0.5,0.25,96.52
2015-08-13,0.767554,42.23,1574.0,56.2,2.1,14238.4,0.6,-2356.2,0.5,0.25,96.445
2015-08-12,0.765663,43.3,1589.0,55.8,2.1,14339.53,0.6,-2356.2,0.5,0.25,96.262
2015-08-11,0.764085,43.08,1587.0,55.9,2.1,14414.67,0.6,-2356.2,0.5,0.25,97.29
2015-08-10,0.762421,44.96,1618.5,56.3,2.1,14466.39,0.6,-2356.2,0.5,0.25,97.15899999999999
2015-08-07,0.761406,43.87,1589.0,56.3,2.1,14302.7,0.6,-2356.2,0.5,0.25,97.56299999999999
2015-08-06,0.7593489999999999,44.66,1592.5,56.3,2.1,14405.91,0.6,-2356.2,0.5,0.25,97.833
2015-08-05,0.7591760000000001,45.15,1595.0,56.4,2.1,14502.99,0.6,-2356.2,0.5,0.25,97.958
2015-08-04,0.760889,45.74,1617.0,55.0,2.1,14491.05,0.6,-2356.2,0.5,0.25,97.931
2015-08-03,0.76376,45.17,1612.0,55.3,2.1,14468.44,0.6,-2356.2,0.5,0.25,97.494
2015-07-31,0.768737,47.12,1618.0,52.9,2.4,14468.44,0.6,-538.0,0.5,0.25,97.336
2015-07-30,0.771516,48.52,1643.0,54.6,2.4,14382.78,0.6,-538.0,0.5,0.25,97.56
2015-07-29,0.771854,48.79,1662.5,55.3,2.4,14301.8,0.6,-538.0,0.5,0.25,96.976
2015-07-28,0.7687609999999999,47.98,1655.0,52.2,2.4,14077.36,0.6,-538.0,0.5,0.25,96.772
2015-07-27,0.76727,47.39,1639.0,51.4,2.4,14001.37,0.6,-538.0,0.5,0.25,96.50200000000001
2015-07-24,0.767146,48.14,1642.5,50.7,2.4,14186.24,0.6,-538.0,0.5,0.25,97.244
2015-07-23,0.768907,48.45,1636.0,50.6,2.4,14265.37,0.6,-538.0,0.5,0.25,97.115
2015-07-22,0.7701720000000001,49.19,1659.0,50.7,2.4,14307.12,0.6,-538.0,0.5,0.25,97.598
2015-07-21,0.7702260000000001,50.36,1661.0,52.1,2.4,14376.24,0.6,-538.0,0.5,0.25,97.32799999999999
2015-07-20,0.770353,50.15,1689.0,51.9,2.4,14425.55,0.6,-538.0,0.5,0.25,98.029
2015-07-17,0.771696,50.89,1697.0,50.0,2.4,14642.84,0.6,-538.0,0.5,0.25,97.86200000000001
2015-07-16,0.776081,50.91,1716.0,50.0,2.4,14731.08,0.6,-538.0,0.5,0.25,97.66799999999999
2015-07-15,0.782365,51.41,1718.0,50.1,2.4,14662.28,0.6,-538.0,0.5,0.25,97.166
2015-07-14,0.7847649999999999,53.04,1707.0,49.4,2.4,14599.4,0.6,-538.0,0.75,0.25,96.64299999999999
2015-07-13,0.786438,52.2,1713.0,49.9,2.4,14533.22,0.6,-538.0,0.75,0.25,96.85799999999999
2015-07-10,0.7868569999999999,52.74,1699.0,49.9,2.4,14411.07,0.6,-538.0,0.75,0.25,96.025
2015-07-09,0.7860020000000001,52.78,1700.0,48.3,2.4,14278.49,0.6,-538.0,0.75,0.25,96.60600000000001
2015-07-08,0.786269,51.65,1671.0,44.1,2.4,14412.07,0.6,-538.0,0.75,0.25,96.294
2015-07-07,0.7894220000000001,52.33,1674.0,49.7,2.4,14624.5,0.6,-538.0,0.75,0.25,96.865
2015-07-06,0.79381,52.53,1695.0,52.0,2.4,14593.57,0.6,-538.0,0.75,0.25,96.29799999999999
2015-07-03,0.79557,56.93,1710.0,54.1,2.4,14682.39,0.6,-538.0,0.75,0.25,96.113
2015-07-02,0.796074,56.93,1724.0,55.8,2.4,14637.99,0.6,-538.0,0.75,0.25,96.113
2015-07-01,0.80092,56.96,1727.0,58.9,2.4,14553.33,0.6,-538.0,0.75,0.25,96.31
2015-06-30,0.8065319999999999,59.47,1691.0,59.3,2.3,14553.33,-0.1,-958.6,0.75,0.25,95.485
2015-06-29,0.809711,58.33,1701.0,60.5,2.3,14490.15,-0.1,-958.6,0.75,0.25,94.79
2015-06-26,0.8095720000000001,59.41,1665.5,60.7,2.3,14808.09,-0.1,-958.6,0.75,0.25,95.47
2015-06-25,0.809121,59.59,1684.75,61.3,2.3,14897.5,-0.1,-958.6,0.75,0.25,95.19
2015-06-24,0.810422,60.01,1676.25,61.7,2.3,14947.51,-0.1,-958.6,0.75,0.25,95.26
2015-06-23,0.812399,61.05,1684.5,60.5,2.3,14904.91,-0.1,-958.6,0.75,0.25,95.43
2015-06-22,0.815547,60.01,1668.25,60.6,2.3,14790.48,-0.1,-958.6,0.75,0.25,94.33
2015-06-19,0.8175680000000001,59.62,1652.75,60.7,2.3,14653.12,-0.1,-958.6,0.75,0.25,94.08
2015-06-18,0.8170569999999999,60.41,1663.0,60.9,2.3,14770.64,-0.1,-958.6,0.75,0.25,94.04
2015-06-17,0.812476,59.89,1665.5,60.9,2.3,14732.98,-0.1,-958.6,0.75,0.25,94.3
2015-06-16,0.811321,60.01,1666.0,62.1,2.3,14753.05,-0.1,-958.6,0.75,0.25,95.0
2015-06-15,0.811813,59.53,1676.75,64.5,2.3,14756.05,-0.1,-958.6,0.75,0.25,94.81
2015-06-12,0.813109,59.96,1701.5,65.0,2.3,14741.15,-0.1,-958.6,0.75,0.25,94.97
2015-06-11,0.8136800000000001,60.74,1713.25,65.4,2.3,14830.88,-0.1,-958.6,0.75,0.25,94.98
2015-06-10,0.811559,61.36,1722.5,65.1,2.3,14889.04,-0.1,-958.6,0.75,0.25,94.65
2015-06-09,0.8064399999999999,60.15,1711.75,63.9,2.3,14817.71,-0.1,-958.6,0.75,0.25,95.17
2015-06-08,0.802664,58.15,1710.0,63.8,2.3,14743.33,-0.1,-958.6,0.75,0.25,95.3
2015-06-05,0.801082,59.11,1712.5,63.8,2.3,14957.16,-0.1,-958.6,0.75,0.25,96.31
2015-06-04,0.8031590000000001,58.0,1705.75,63.5,2.3,15019.39,-0.1,-958.6,0.75,0.25,95.46
2015-06-03,0.803208,59.67,1714.25,62.6,2.3,15154.68,-0.1,-958.6,0.75,0.25,95.46
2015-06-02,0.800883,61.3,1701.25,62.1,2.3,15104.74,-0.1,-958.6,0.75,0.25,95.83
2015-06-01,0.8017989999999999,60.24,1722.5,61.4,2.3,15074.13,-0.1,-958.6,0.75,0.25,97.39
2015-05-29,0.803144,60.25,1700.5,61.4,2.3,15014.09,-0.1,-958.6,0.75,0.25,96.91
2015-05-28,0.802759,57.69,1739.75,62.3,2.3,15107.0,-0.1,-958.6,0.75,0.25,96.96
2015-05-27,0.805682,57.51,1699.0,62.6,2.3,15110.47,-0.1,-958.6,0.75,0.25,97.37
2015-05-26,0.810495,57.29,1713.25,62.1,2.3,15050.81,-0.1,-958.6,0.75,0.25,97.3
2015-05-25,0.8148529999999999,58.88,1729.75,61.1,2.3,15187.4,-0.1,-958.6,0.75,0.25,96.01
2015-05-22,0.818523,58.88,1729.75,59.9,2.3,15200.76,-0.1,-958.6,0.75,0.25,96.14
2015-05-21,0.819048,60.18,1734.5,57.6,2.3,15203.61,-0.1,-958.6,0.75,0.25,95.25
2015-05-20,0.8191609999999999,58.96,1744.25,57.8,2.3,15072.83,-0.1,-958.6,0.75,0.25,95.45
2015-05-19,0.8237709999999999,57.3,1749.75,58.4,2.3,15121.02,-0.1,-958.6,0.75,0.25,95.27
2015-05-18,0.830048,59.44,1783.0,59.0,2.3,15108.12,-0.1,-958.6,0.75,0.25,94.22
2015-05-15,0.83404,59.73,1817.75,61.0,2.3,15108.12,-0.1,-958.6,0.75,0.25,93.13
2015-05-14,0.83554,59.89,1834.0,61.2,2.3,15028.12,-0.1,-958.6,0.75,0.25,93.46
2015-05-13,0.832435,60.5,1847.5,62.0,2.3,14980.72,-0.1,-958.6,0.75,0.25,93.62
2015-05-12,0.828235,60.72,1861.0,62.3,2.3,15043.15,-0.1,-958.6,0.75,0.25,94.53
2015-05-11,0.826109,59.23,1846.25,62.5,2.3,15152.64,-0.1,-958.6,0.75,0.25,95.01
2015-05-08,0.826849,59.41,1859.5,60.5,2.3,15170.02,-0.1,-958.6,0.75,0.25,94.79
2015-05-07,0.828901,58.99,1855.5,60.0,2.3,15088.82,-0.1,-958.6,0.75,0.25,94.63
2015-05-06,0.829475,60.93,1900.0,60.1,2.3,15023.89,-0.1,-958.6,0.75,0.25,94.09
2015-05-05,0.826049,60.38,1959.25,59.1,2.3,15173.94,-0.1,-958.6,0.75,0.25,95.08
2015-05-04,0.824399,58.92,1902.25,57.8,2.3,15367.47,-0.1,-958.6,0.75,0.25,95.48
2015-05-01,0.827148,59.1,1902.25,56.2,2.3,15339.77,-0.1,-958.6,0.75,0.25,95.3
2015-04-30,0.830788,59.62,1933.25,56.2,2.3,15224.52,-0.1,-2720.3,0.75,0.25,94.6
2015-04-29,0.830557,58.55,1891.75,56.9,2.3,15347.34,-0.1,-2720.3,0.75,0.25,95.21
2015-04-28,0.826314,57.05,1878.75,59.2,2.3,15346.07,-0.1,-2720.3,0.75,0.25,96.09
2015-04-27,0.823264,55.56,1846.75,58.7,2.3,15344.08,-0.1,-2720.3,0.75,0.25,96.76
2015-04-24,0.821465,55.98,1843.25,57.0,2.3,15408.33,-0.1,-2720.3,0.75,0.25,96.92
2015-04-23,0.8177300000000001,56.59,1797.75,53.8,2.3,15392.35,-0.1,-2720.3,0.75,0.25,97.28
2015-04-22,0.8161189999999999,56.17,1820.75,52.9,2.3,15304.77,-0.1,-2720.3,0.75,0.25,97.93
2015-04-21,0.8169890000000001,55.58,1834.25,50.8,2.3,15346.44,-0.1,-2720.3,0.75,0.25,98.0
2015-04-20,0.819261,56.37,1829.25,50.8,2.3,15412.6,-0.1,-2720.3,0.75,0.25,97.94
2015-04-17,0.818458,55.71,1834.25,50.7,2.3,15360.55,-0.1,-2720.3,0.75,0.25,97.52
2015-04-16,0.810802,56.69,1836.5,50.0,2.3,15386.77,-0.1,-2720.3,0.75,0.25,97.41
2015-04-15,0.8004220000000001,56.25,1827.0,49.7,2.3,15450.87,-0.1,-2720.3,0.75,0.25,98.32
2015-04-14,0.795524,53.3,1792.25,50.1,2.3,15389.28,-0.1,-2720.3,0.75,0.25,98.73
2015-04-13,0.7935840000000001,51.95,1775.0,48.8,2.3,15383.59,-0.1,-2720.3,0.75,0.25,99.49
2015-04-10,0.794717,51.63,1770.0,47.3,2.3,15388.43,-0.1,-2720.3,0.75,0.25,99.34
2015-04-09,0.797802,50.79,1765.0,47.8,2.3,15326.31,-0.1,-2720.3,0.75,0.25,99.15
2015-04-08,0.800972,50.44,1769.5,47.9,2.3,15213.6,-0.1,-2720.3,0.75,0.25,97.94
2015-04-07,0.801392,53.95,1781.75,47.6,2.3,15188.84,-0.1,-2720.3,0.75,0.25,97.83
2015-04-06,0.800429,52.08,1781.25,46.7,2.3,15100.65,-0.1,-2720.3,0.75,0.25,96.78
2015-04-03,0.796532,49.13,1781.25,46.7,2.3,15026.62,-0.1,-2720.3,0.75,0.25,96.54
2015-04-02,0.792404,49.13,1781.25,46.7,2.3,15026.62,-0.1,-2720.3,0.75,0.25,97.44
2015-04-01,0.7891100000000001,50.12,1775.5,49.0,2.3,14942.55,-0.1,-2720.3,0.75,0.25,98.18
2015-03-31,0.788752,47.72,1781.25,51.0,2.4,14902.44,-0.2,-3734.6,0.75,0.25,98.36
2015-03-30,0.7937960000000001,48.66,1792.0,52.9,2.4,14908.39,-0.2,-3734.6,0.75,0.25,97.97
2015-03-27,0.799912,48.83,1775.5,54.1,2.4,14812.42,-0.2,-3734.6,0.75,0.25,97.29
2015-03-26,0.800852,51.41,1783.25,54.8,2.4,14869.8,-0.2,-3734.6,0.75,0.25,97.44
2015-03-25,0.799588,48.75,1769.0,55.5,2.4,14929.37,-0.2,-3734.6,0.75,0.25,96.98
2015-03-24,0.798265,47.03,1781.75,55.6,2.4,15081.26,-0.2,-3734.6,0.75,0.25,97.19
2015-03-23,0.7940020000000001,47.4,1787.75,54.2,2.4,14957.21,-0.2,-3734.6,0.75,0.25,97.03
2015-03-20,0.790216,46.0,1791.75,55.0,2.4,14942.41,-0.2,-3734.6,0.75,0.25,97.91
2015-03-19,0.7876380000000001,44.02,1778.5,54.5,2.4,14873.93,-0.2,-3734.6,0.75,0.25,99.26
2015-03-18,0.7830010000000001,44.63,1759.0,54.5,2.4,14962.24,-0.2,-3734.6,0.75,0.25,98.55
2015-03-17,0.782513,43.39,1788.5,57.6,2.4,14898.53,-0.2,-3734.6,0.75,0.25,99.58
2015-03-16,0.783259,43.93,1772.5,58.1,2.4,14862.76,-0.2,-3734.6,0.75,0.25,99.6
2015-03-13,0.785629,44.88,1769.25,58.1,2.4,14731.5,-0.2,-3734.6,0.75,0.25,100.33
2015-03-12,0.786805,47.12,1738.0,57.9,2.4,14770.72,-0.2,-3734.6,0.75,0.25,99.43
2015-03-11,0.788568,48.06,1733.25,57.7,2.4,14739.2,-0.2,-3734.6,0.75,0.25,99.79
2015-03-10,0.792057,48.42,1746.0,58.5,2.4,14641.76,-0.2,-3734.6,0.75,0.25,98.62
2015-03-09,0.7954289999999999,49.95,1765.75,58.0,2.4,14854.49,-0.2,-3734.6,0.75,0.25,97.59
2015-03-06,0.800455,49.61,1769.25,58.2,2.4,14952.5,-0.2,-3734.6,0.75,0.25,97.61
2015-03-05,0.802532,50.76,1786.25,59.3,2.4,15103.11,-0.2,-3734.6,0.75,0.25,96.38
2015-03-04,0.800492,51.53,1786.25,62.1,2.4,15082.84,-0.2,-3734.6,0.75,0.25,95.96
2015-03-03,0.799477,50.43,1781.25,62.3,2.4,15133.85,-0.2,-3734.6,0.75,0.25,95.38
2015-03-02,0.799545,49.59,1789.0,62.8,2.4,15264.05,-0.2,-3734.6,0.75,0.25,95.46
2015-02-27,0.801371,49.84,1801.75,63.0,2.4,15234.34,-0.2,-3734.6,0.75,0.25,95.29
2015-02-26,0.803137,47.65,1791.25,62.5,2.4,15241.16,-0.2,-3734.6,0.75,0.25,95.29
2015-02-25,0.799589,50.25,1778.75,62.9,2.4,15228.57,-0.2,-3734.6,0.75,0.25,94.21
2015-02-24,0.794668,48.48,1792.0,63.4,2.4,15164.97,-0.2,-3734.6,0.75,0.25,94.49
2015-02-23,0.797583,49.56,1771.75,63.4,2.4,15200.26,-0.2,-3734.6,0.75,0.25,94.57
2015-02-20,0.800945,49.95,1774.5,63.4,2.4,15172.24,-0.2,-3734.6,0.75,0.25,94.31
2015-02-19,0.802958,51.12,1799.25,63.4,2.4,15180.33,-0.2,-3734.6,0.75,0.25,94.4
2015-02-18,0.805235,52.13,1799.0,63.4,2.4,15212.75,-0.2,-3734.6,0.75,0.25,94.2
2015-02-17,0.804235,53.56,1798.5,63.6,2.4,15284.61,-0.2,-3734.6,0.75,0.25,94.06
2015-02-16,0.802196,52.66,1804.5,65.1,2.4,15264.81,-0.2,-3734.6,0.75,0.25,94.2
2015-02-13,0.798505,52.66,1822.5,63.3,2.4,15264.81,-0.2,-3734.6,0.75,0.25,94.2
2015-02-12,0.794508,51.17,1826.4,62.8,2.4,15228.52,-0.2,-3734.6,0.75,0.25,94.09
2015-02-11,0.795964,48.8,1802.5,62.2,2.4,15151.5,-0.2,-3734.6,0.75,0.25,94.98
2015-02-10,0.800338,50.06,1815.75,62.2,2.4,15112.52,-0.2,-3734.6,0.75,0.25,94.76
2015-02-09,0.801196,52.99,1859.0,61.6,2.4,15100.7,-0.2,-3734.6,0.75,0.25,94.45
2015-02-06,0.801138,51.66,1856.25,61.8,2.4,15083.92,-0.2,-3734.6,0.75,0.25,94.65
2015-02-05,0.800212,50.48,1871.0,61.1,2.4,15124.92,-0.2,-3734.6,0.75,0.25,93.57
2015-02-04,0.800362,48.45,1862.0,61.4,2.4,14995.65,-0.2,-3734.6,0.75,0.25,93.99
2015-02-03,0.793931,53.04,1855.75,62.0,2.4,15062.88,-0.2,-3734.6,0.75,0.25,93.6
2015-02-02,0.788968,49.25,1855.75,61.3,2.4,14900.47,-0.2,-3734.6,0.75,0.25,94.5
2015-01-30,0.792376,47.79,1853.75,61.7,2.4,14673.48,-0.2,-3734.6,0.75,0.25,94.8
2015-01-29,0.799374,44.12,1808.0,62.3,2.4,14637.28,-0.2,-3734.6,0.75,0.25,94.78
2015-01-28,0.803654,44.08,1839.5,62.7,2.4,14602.88,-0.2,-3734.6,0.75,0.25,94.47
2015-01-27,0.803038,45.84,1848.0,62.8,2.4,14833.88,-0.2,-3734.6,0.75,0.25,94.02
2015-01-26,0.8044859999999999,44.8,1876.75,63.3,2.4,14797.83,-0.2,-3734.6,0.75,0.25,94.8
2015-01-23,0.807569,45.26,1823.0,65.9,2.4,14779.35,-0.2,-3734.6,0.75,0.25,94.76
2015-01-22,0.8146140000000001,45.93,1863.0,66.3,2.4,14763.98,-0.2,-3734.6,0.75,0.25,94.08
2015-01-21,0.8264360000000001,47.85,1870.75,66.5,2.4,14560.42,-0.2,-3734.6,0.75,0.25,92.9
2015-01-20,0.83409,46.13,1842.25,67.4,2.4,14308.44,-0.2,-3734.6,1.0,0.25,93.05
2015-01-19,0.835282,48.49,1815.75,67.8,2.4,14312.5,-0.2,-3734.6,1.0,0.25,92.52
2015-01-16,0.83565,48.49,1840.25,68.0,2.4,14309.41,-0.2,-3734.6,1.0,0.25,92.52
2015-01-15,0.8365309999999999,46.37,1781.6,68.0,2.4,14041.82,-0.2,-3734.6,1.0,0.25,92.35
2015-01-14,0.835675,48.49,1765.5,67.8,2.4,14084.43,-0.2,-3734.6,1.0,0.25,92.16
2015-01-13,0.838047,45.92,1779.25,67.9,2.4,14187.16,-0.2,-3734.6,1.0,0.25,92.31
2015-01-12,0.8426540000000001,46.06,1791.0,68.5,2.4,14265.01,-0.2,-3734.6,1.0,0.25,91.98
2015-01-09,0.845153,48.35,1789.75,69.8,2.4,14384.92,-0.2,-3734.6,1.0,0.25,91.93
2015-01-08,0.84544,48.8,1811.5,70.6,2.4,14457.72,-0.2,-3734.6,1.0,0.25,92.37
2015-01-07,0.846548,48.69,1761.75,70.9,2.4,14285.0,-0.2,-3734.6,1.0,0.25,91.89
2015-01-06,0.84908,47.98,1755.25,71.1,2.4,14246.77,-0.2,-3734.6,1.0,0.25,91.5
2015-01-05,0.851352,50.03,1787.25,70.8,2.4,14392.7,-0.2,-3734.6,1.0,0.25,91.38
2015-01-02,0.858526,52.72,1805.25,71.2,2.4,14753.65,-0.2,-3734.6,1.0,0.25,91.08
2015-01-01,0.8614379999999999,53.45,1825.0,71.2,2.4,14632.44,-0.2,-3734.6,1.0,0.25,90.27
2014-12-31,0.861342,53.45,1825.0,71.2,2.2,14632.44,0.8,-966.5,1.0,0.25,90.27
2014-12-30,0.86031,54.14,1831.0,71.2,2.2,14640.04,0.8,-966.5,1.0,0.25,89.99
2014-12-29,0.86031,53.46,1833.5,67.9,2.2,14663.92,0.8,-966.5,1.0,0.25,90.19
2014-12-26,0.8604139999999999,54.59,1833.5,66.7,2.2,14609.25,0.8,-966.5,1.0,0.25,90.03
2014-12-25,0.860123,55.7,1833.5,66.2,2.2,14609.25,0.8,-966.5,1.0,0.25,89.97
2014-12-24,0.860524,55.7,1833.5,66.2,2.2,14609.25,0.8,-966.5,1.0,0.25,89.97
2014-12-23,0.8605510000000001,56.78,1843.75,65.6,2.2,14594.03,0.8,-966.5,1.0,0.25,90.06
2014-12-22,0.86167,55.25,1853.25,68.0,2.2,14432.38,0.8,-966.5,1.0,0.25,89.77
2014-12-19,0.8618379999999999,56.91,1880.75,69.5,2.2,14468.26,0.8,-966.5,1.0,0.25,89.6
2014-12-18,0.8602420000000001,54.18,1882.75,68.0,2.2,14346.75,0.8,-966.5,1.0,0.25,89.23
2014-12-17,0.8591840000000001,56.43,1892.0,67.9,2.2,14213.88,0.8,-966.5,1.0,0.25,89.13
2014-12-16,0.860267,55.97,1876.5,68.1,2.2,13861.52,0.8,-966.5,1.0,0.25,88.13
2014-12-15,0.864017,55.96,1895.75,68.6,2.2,13705.14,0.8,-966.5,1.0,0.25,88.46
2014-12-12,0.867766,57.81,1913.15,68.7,2.2,13731.05,0.8,-966.5,1.0,0.25,88.36
2014-12-11,0.871338,60.01,1927.75,68.8,2.2,13905.12,0.8,-966.5,1.0,0.25,88.66
2014-12-10,0.872476,60.99,1937.75,68.9,2.2,13852.95,0.8,-966.5,1.0,0.25,88.27
2014-12-09,0.8725940000000001,63.74,1956.0,69.4,2.2,14195.73,0.8,-966.5,1.0,0.25,88.69
2014-12-08,0.87471,63.13,1949.5,69.7,2.2,14144.17,0.8,-966.5,1.0,0.25,89.04
2014-12-05,0.8777590000000001,65.89,1977.75,70.9,2.2,14473.7,0.8,-966.5,1.0,0.25,89.33
2014-12-04,0.8791469999999999,66.73,1994.5,71.1,2.2,14469.95,0.8,-966.5,1.0,0.25,88.7
2014-12-03,0.879164,67.3,1967.0,69.5,2.2,14754.06,0.8,-966.5,1.0,0.25,88.96
2014-12-02,0.879351,66.99,1983.5,69.7,2.2,14620.07,0.8,-966.5,1.0,0.25,88.65
2014-12-01,0.877656,68.98,2044.0,70.6,2.2,14625.32,0.8,-966.5,1.0,0.25,87.95
2014-11-28,0.881851,65.94,2030.5,69.8,2.2,14744.7,0.8,-966.5,1.0,0.25,88.36
2014-11-27,0.887387,73.7,2075.0,69.7,2.2,14922.44,0.8,-966.5,1.0,0.25,87.61
2014-11-26,0.887677,73.7,2082.0,68.0,2.2,15038.41,0.8,-966.5,1.0,0.25,87.61
2014-11-25,0.8874540000000001,74.04,2077.5,68.6,2.2,15073.65,0.8,-966.5,1.0,0.25,87.92
2014-11-24,0.888043,75.74,2067.75,70.0,2.2,15015.41,0.8,-966.5,1.0,0.25,88.15
2014-11-21,0.8848389999999999,76.52,2064.75,69.8,2.2,15111.13,0.8,-966.5,1.0,0.25,88.31
2014-11-20,0.882437,75.63,2042.5,70.0,2.2,15075.18,0.8,-966.5,1.0,0.25,87.59
2014-11-19,0.883774,74.55,2026.0,70.0,2.2,14980.15,0.8,-966.5,1.0,0.25,87.65
2014-11-18,0.8855209999999999,74.55,2021.0,72.1,2.2,14972.97,0.8,-966.5,1.0,0.25,87.57
2014-11-17,0.8835719999999999,75.64,2042.0,75.1,2.2,14882.5,0.8,-966.5,1.0,0.25,87.93
2014-11-14,0.8814379999999999,75.91,2028.6,75.5,2.2,14843.1,0.8,-966.5,1.0,0.25,87.52
2014-11-13,0.882908,74.13,2047.25,75.5,2.2,14778.77,0.8,-966.5,1.0,0.25,87.67
2014-11-12,0.881685,77.16,2070.25,75.4,2.2,14856.2,0.8,-966.5,1.0,0.25,87.82
2014-11-11,0.8806719999999999,77.85,2055.5,75.5,2.2,14760.27,0.8,-966.5,1.0,0.25,87.53
2014-11-10,0.880531,77.43,2037.75,75.5,2.2,14709.8,0.8,-966.5,1.0,0.25,87.81
2014-11-07,0.876735,78.71,2059.75,75.5,2.2,14690.83,0.8,-966.5,1.0,0.25,87.64
2014-11-06,0.876533,77.87,2082.0,75.6,2.2,14563.38,0.8,-966.5,1.0,0.25,88.01
2014-11-05,0.877283,78.71,2062.5,76.0,2.2,14548.26,0.8,-966.5,1.0,0.25,87.44
2014-11-04,0.881249,77.15,2062.5,77.1,2.2,14390.43,0.8,-966.5,1.0,0.25,86.98
2014-11-03,0.887318,78.77,2076.0,77.8,2.2,14537.62,0.8,-966.5,1.0,0.25,87.31
2014-10-31,0.891649,80.53,2057.0,78.5,2.3,14613.32,0.8,-530.3,1.0,0.25,86.92
2014-10-30,0.894359,81.06,2044.0,79.0,2.3,14458.69,0.8,-530.3,1.0,0.25,86.15
2014-10-29,0.894057,82.25,2037.0,78.6,2.3,14527.57,0.8,-530.3,1.0,0.25,85.95
2014-10-28,0.890882,81.36,1995.25,78.8,2.3,14624.25,0.8,-530.3,1.0,0.25,85.41
2014-10-27,0.890591,81.26,1976.25,79.6,2.3,14469.0,0.8,-530.3,1.0,0.25,85.49
2014-10-24,0.890481,81.27,1959.5,79.8,2.3,14543.82,0.8,-530.3,1.0,0.25,85.73
2014-10-23,0.8898590000000001,82.81,1984.5,80.0,2.3,14486.83,0.8,-530.3,1.0,0.25,85.84
2014-10-22,0.889962,80.52,2008.0,81.5,2.3,14312.07,0.8,-530.3,1.0,0.25,85.74
2014-10-21,0.887984,83.25,1982.5,81.5,2.3,14547.71,0.8,-530.3,1.0,0.25,85.3
2014-10-20,0.887661,82.76,1959.75,81.2,2.3,14337.77,0.8,-530.3,1.0,0.25,84.95
2014-10-17,0.888059,82.8,1955.5,80.6,2.3,14227.68,0.8,-530.3,1.0,0.25,85.11
2014-10-16,0.8854639999999999,82.33,1888.0,80.5,2.3,14052.97,0.8,-530.3,1.0,0.25,84.95
2014-10-15,0.8860030000000001,81.82,1892.0,82.2,2.3,13869.88,0.8,-530.3,1.0,0.25,85.15
2014-10-14,0.891209,81.72,1920.75,83.1,2.3,14036.68,0.8,-530.3,1.0,0.25,85.82
2014-10-13,0.892983,85.73,1916.0,83.1,2.3,14227.36,0.8,-530.3,1.0,0.25,85.53
2014-10-10,0.895515,85.87,1901.75,79.9,2.3,14227.36,0.8,-530.3,1.0,0.25,85.91
2014-10-09,0.898048,85.76,1920.1,79.5,2.3,14460.6,0.8,-530.3,1.0,0.25,85.52
2014-10-08,0.8955129999999999,87.29,1907.25,79.8,2.3,14666.47,0.8,-530.3,1.0,0.25,85.3
2014-10-07,0.894073,88.89,1924.5,80.0,2.3,14576.45,0.8,-530.3,1.0,0.25,85.67
2014-10-06,0.892107,90.33,1900.25,78.9,2.3,14743.12,0.8,-530.3,1.0,0.25,85.93
2014-10-03,0.8950520000000001,89.76,1885.25,78.9,2.3,14789.78,0.8,-530.3,1.0,0.25,86.69
2014-10-02,0.896225,91.02,1858.75,78.8,2.3,14760.64,0.8,-530.3,1.0,0.25,85.6
2014-10-01,0.8938520000000001,90.74,1888.5,78.3,2.3,14805.44,0.8,-530.3,1.0,0.25,85.97
2014-09-30,0.895633,91.17,1928.75,77.5,2.1,14960.51,0.5,-9.1,1.0,0.25,85.94
2014-09-29,0.8972399999999999,94.53,1930.0,77.7,2.1,14976.92,0.5,-9.1,1.0,0.25,85.59
2014-09-26,0.8998139999999999,95.55,1913.5,78.6,2.1,15026.77,0.5,-9.1,1.0,0.25,85.64
2014-09-25,0.9019860000000001,93.59,1917.5,78.6,2.1,14893.57,0.5,-9.1,1.0,0.25,85.19
2014-09-24,0.903947,93.6,1941.0,79.4,2.1,15120.54,0.5,-9.1,1.0,0.25,85.04
2014-09-23,0.9077139999999999,91.55,1932.0,79.4,2.1,15125.67,0.5,-9.1,1.0,0.25,84.66
2014-09-22,0.911603,91.46,1941.75,79.8,2.1,15129.0,0.5,-9.1,1.0,0.25,84.75
2014-09-19,0.9119450000000001,92.43,1941.75,81.7,2.1,15265.35,0.5,-9.1,1.0,0.25,84.73
2014-09-18,0.9108809999999999,93.07,1947.0,83.0,2.1,15465.54,0.5,-9.1,1.0,0.25,84.32
2014-09-17,0.9098860000000001,94.33,1961.25,84.2,2.1,15458.88,0.5,-9.1,1.0,0.25,84.34
2014-09-16,0.905057,94.91,1988.5,84.5,2.1,15510.54,0.5,-9.1,1.0,0.25,84.07
2014-09-15,0.903266,92.86,1952.25,85.2,2.1,15482.56,0.5,-9.1,1.0,0.25,84.26
2014-09-12,0.906489,92.18,1992.5,82.0,2.1,15531.58,0.5,-9.1,1.0,0.25,84.24
2014-09-11,0.910538,92.89,2002.75,81.9,2.1,15534.32,0.5,-9.1,1.0,0.25,84.3
2014-09-10,0.9107209999999999,91.71,2019.75,82.2,2.1,15471.89,0.5,-9.1,1.0,0.25,84.28
2014-09-09,0.912178,92.73,2032.5,83.2,2.1,15536.81,0.5,-9.1,1.0,0.25,84.28
2014-09-08,0.917378,92.64,2065.75,83.6,2.1,15509.39,0.5,-9.1,1.0,0.25,84.23
2014-09-05,0.9180520000000001,93.32,2066.0,83.6,2.1,15569.92,0.5,-9.1,1.0,0.25,83.74
2014-09-04,0.9180520000000001,94.51,2083.75,84.3,2.1,15576.79,0.5,-9.1,1.0,0.25,83.82
2014-09-03,0.916817,95.5,2061.5,85.7,2.1,15657.63,0.5,-9.1,1.0,0.25,82.86
2014-09-02,0.9183969999999999,92.92,2089.0,86.7,2.1,15619.08,0.5,-9.1,1.0,0.25,82.99
2014-09-01,0.920538,97.86,2080.75,87.1,2.1,15625.73,0.5,-9.1,1.0,0.25,82.75
2014-08-29,0.9211719999999999,97.86,2086.5,87.9,2.1,15625.73,0.5,-9.1,1.0,0.25,82.75
2014-08-28,0.919637,96.44,2084.25,87.3,2.1,15558.17,0.5,-9.1,1.0,0.25,82.48
2014-08-27,0.9149209999999999,95.82,2085.5,88.2,2.1,15602.65,0.5,-9.1,1.0,0.25,82.43
2014-08-26,0.9118780000000001,95.78,2071.75,88.9,2.1,15619.21,0.5,-9.1,1.0,0.25,82.65
2014-08-25,0.9127280000000001,95.39,2058.0,89.2,2.1,15598.74,0.5,-9.1,1.0,0.25,82.55
2014-08-22,0.9130739999999999,93.61,2058.0,90.1,2.1,15535.55,0.5,-9.1,1.0,0.25,82.34
2014-08-21,0.91251,93.97,2050.25,91.9,2.1,15556.09,0.5,-9.1,1.0,0.25,82.15
2014-08-20,0.9147049999999999,96.4,2064.0,92.3,2.1,15561.95,0.5,-9.1,1.0,0.25,82.23
2014-08-19,0.917378,94.35,2024.0,93.0,2.1,15477.17,0.5,-9.1,1.0,0.25,81.88
2014-08-18,0.9182530000000001,96.44,2017.75,93.3,2.1,15338.47,0.5,-9.1,1.0,0.25,81.58
2014-08-15,0.917308,97.3,1993.85,93.4,2.1,15304.24,0.5,-9.1,1.0,0.25,81.42
2014-08-14,0.916307,95.54,1986.5,93.2,2.1,15291.18,0.5,-9.1,1.0,0.25,81.59
2014-08-13,0.915127,97.57,2009.0,93.2,2.1,15262.73,0.5,-9.1,1.0,0.25,81.6
2014-08-12,0.913744,97.36,2032.75,94.0,2.1,15274.23,0.5,-9.1,1.0,0.25,81.5
2014-08-11,0.913032,98.09,2020.25,95.7,2.1,15261.64,0.5,-9.1,1.0,0.25,81.47
2014-08-08,0.9144,97.61,2019.75,95.7,2.1,15196.31,0.5,-9.1,1.0,0.25,81.4
2014-08-07,0.914574,97.34,2017.5,96.0,2.1,15118.43,0.5,-9.1,1.0,0.25,81.52
2014-08-06,0.913665,96.93,2013.25,95.9,2.1,15202.09,0.5,-9.1,1.0,0.25,81.44
2014-08-05,0.91506,97.34,1998.75,95.5,2.1,15187.71,0.5,-9.1,1.0,0.25,81.33
2014-08-04,0.9158069999999999,98.26,2013.75,95.4,2.1,15215.26,0.5,-9.1,1.0,0.25,81.33
2014-08-01,0.916425,97.86,1962.5,95.2,2.1,15215.26,0.5,-9.1,1.0,0.25,81.3
2014-07-31,0.918064,98.23,1978.5,95.6,1.7,15330.74,0.5,2230.5,1.0,0.25,81.46
2014-07-30,0.9215770000000001,104.29,2011.0,95.9,1.7,15524.82,0.5,2230.5,1.0,0.25,81.43
2014-07-29,0.924645,100.91,1965.5,95.3,1.7,15446.55,0.5,2230.5,1.0,0.25,81.21
2014-07-28,0.9264879999999999,105.68,1999.75,94.3,1.7,15445.22,0.5,2230.5,1.0,0.25,81.02
2014-07-25,0.929815,105.23,1980.0,94.3,1.7,15455.04,0.5,2230.5,1.0,0.25,81.03
2014-07-24,0.931649,102.76,2008.25,93.6,1.7,15394.45,0.5,2230.5,1.0,0.25,80.87
2014-07-23,0.931549,103.11,1996.5,94.3,1.7,15394.38,0.5,2230.5,1.0,0.25,80.82
2014-07-22,0.931077,103.89,2024.75,95.4,1.7,15315.13,0.5,2230.5,1.0,0.25,80.78
2014-07-21,0.930989,104.64,2003.25,96.0,1.7,15249.99,0.5,2230.5,1.0,0.25,80.56
2014-07-18,0.93071,103.13,1964.5,96.6,1.7,15266.57,0.5,2230.5,1.0,0.25,80.52
2014-07-17,0.930401,103.14,1974.25,97.5,1.7,15204.48,0.5,2230.5,1.0,0.25,80.5
2014-07-16,0.9303020000000001,101.18,1954.5,98.0,1.7,15226.34,0.5,2230.5,1.0,0.25,80.56
2014-07-15,0.931708,99.86,1940.5,98.0,1.7,15081.32,0.5,2230.5,1.0,0.25,80.39
2014-07-14,0.934005,101.03,1921.75,97.9,1.7,15171.23,0.5,2230.5,1.0,0.25,80.19
2014-07-11,0.9376629999999999,100.78,1920.0,96.9,1.7,15125.5,0.5,2230.5,1.0,0.25,80.19
2014-07-10,0.937948,102.91,1898.75,96.9,1.7,15114.48,0.5,2230.5,1.0,0.25,80.13
2014-07-09,0.9369370000000001,102.23,1913.25,96.6,1.7,15215.19,0.5,2230.5,1.0,0.25,79.99
2014-07-08,0.937049,103.36,1912.5,96.5,1.7,15137.18,0.5,2230.5,1.0,0.25,80.18
2014-07-07,0.9387840000000001,103.49,1892.25,95.9,1.7,15172.93,0.5,2230.5,1.0,0.25,80.22
2014-07-04,0.939241,104.06,1893.25,96.5,1.7,15214.96,0.5,2230.5,1.0,0.25,80.27
2014-07-03,0.938773,104.06,1907.0,96.5,1.7,15207.11,0.5,2230.5,1.0,0.25,80.21
2014-07-02,0.938889,104.48,1896.75,94.7,1.7,15209.79,0.5,2230.5,1.0,0.25,79.96
2014-07-01,0.9375899999999999,105.36,1854.25,94.2,1.7,15146.01,0.5,2230.5,1.0,0.25,79.81
2014-06-30,0.936609,105.37,1856.75,93.8,1.8,15146.01,0.9,1548.9,1.0,0.25,79.77
2014-06-27,0.93521,105.76,1849.75,94.9,1.8,15094.25,0.9,1548.9,1.0,0.25,80.02
2014-06-26,0.9327770000000001,105.79,1862.25,95.3,1.8,15030.74,0.9,1548.9,1.0,0.25,80.22
2014-06-25,0.9315690000000001,107.04,1866.0,93.7,1.8,14974.65,0.9,1548.9,1.0,0.25,80.22
2014-06-24,0.9318040000000001,106.64,1862.75,93.3,1.8,14962.37,0.9,1548.9,1.0,0.25,80.33
2014-06-23,0.9294899999999999,106.83,1852.25,93.4,1.8,15105.63,0.9,1548.9,1.0,0.25,80.27
2014-06-20,0.9252049999999999,107.3,1847.75,92.1,1.8,15108.97,0.9,1548.9,1.0,0.25,80.37
2014-06-19,0.9224610000000001,106.43,1850.0,90.7,1.8,15112.21,0.9,1548.9,1.0,0.25,80.32
2014-06-18,0.9206469999999999,105.99,1833.25,90.3,1.8,15109.25,0.9,1548.9,1.0,0.25,80.58
2014-06-17,0.921064,106.3,1807.75,89.3,1.8,15055.89,0.9,1548.9,1.0,0.25,80.63
2014-06-16,0.921064,106.87,1809.25,89.0,1.8,15040.43,0.9,1548.9,1.0,0.25,80.47
2014-06-13,0.9209219999999999,106.84,1803.75,90.9,1.8,15001.61,0.9,1548.9,1.0,0.25,80.58
2014-06-12,0.9198850000000001,106.55,1803.75,91.5,1.8,14909.63,0.9,1548.9,1.0,0.25,80.58
2014-06-11,0.917897,104.39,1827.0,93.5,1.8,14892.13,0.9,1548.9,1.0,0.25,80.77
2014-06-10,0.9164049999999999,104.37,1865.5,93.6,1.8,14904.38,0.9,1548.9,1.0,0.25,80.82
2014-06-09,0.915482,104.44,1886.0,94.3,1.8,14871.21,0.9,1548.9,1.0,0.25,80.65
2014-06-06,0.914851,102.67,1856.75,94.5,1.8,14838.9,0.9,1548.9,1.0,0.25,80.41
2014-06-05,0.914392,102.52,1824.25,94.3,1.8,14800.18,0.9,1548.9,1.0,0.25,80.37
2014-06-04,0.915691,102.62,1812.75,94.6,1.8,14796.79,0.9,1548.9,1.0,0.25,80.66
2014-06-03,0.918118,102.69,1824.0,92.5,1.8,14734.69,0.9,1548.9,1.0,0.25,80.55
2014-06-02,0.9209930000000001,102.42,1816.5,92.1,1.8,14680.76,0.9,1548.9,1.0,0.25,80.64
2014-05-30,0.92199,102.75,1806.5,91.8,1.8,14604.16,0.9,1548.9,1.0,0.25,80.37
2014-05-29,0.920883,103.61,1810.0,95.7,1.8,14588.95,0.9,1548.9,1.0,0.25,80.49
2014-05-28,0.921017,102.72,1801.25,96.8,1.8,14610.96,0.9,1548.9,1.0,0.25,80.57
2014-05-27,0.921141,104.13,1788.25,98.1,1.8,14658.02,0.9,1548.9,1.0,0.25,80.35
2014-05-26,0.9197420000000001,105.01,1776.0,98.6,1.8,14715.69,0.9,1548.9,1.0,0.25,80.39
2014-05-23,0.917801,105.01,1776.0,97.5,1.8,14708.1,0.9,1548.9,1.0,0.25,80.39
2014-05-22,0.9166120000000001,104.03,1757.5,98.8,1.8,14702.29,0.9,1548.9,1.0,0.25,80.25
2014-05-21,0.9171389999999999,104.31,1726.75,98.5,1.8,14649.86,0.9,1548.9,1.0,0.25,80.09
2014-05-20,0.91937,102.51,1728.75,97.5,1.8,14525.19,0.9,1548.9,1.0,0.25,80.04
2014-05-19,0.920165,102.66,1732.25,98.5,1.8,14514.74,0.9,1548.9,1.0,0.25,79.99
2014-05-16,0.919464,102.02,1728.25,100.7,1.8,14514.74,0.9,1548.9,1.0,0.25,80.04
2014-05-15,0.918667,101.45,1733.0,102.8,1.8,14588.89,0.9,1548.9,1.0,0.25,80.0
2014-05-14,0.9173879999999999,102.34,1765.75,103.5,1.8,14673.73,0.9,1548.9,1.0,0.25,80.07
2014-05-13,0.9175190000000001,101.72,1736.75,103.0,1.8,14679.81,0.9,1548.9,1.0,0.25,80.14
2014-05-12,0.9192899999999999,100.6,1742.25,103.0,1.8,14654.94,0.9,1548.9,1.0,0.25,79.9
2014-05-09,0.920726,100.03,1718.0,102.7,1.8,14534.06,0.9,1548.9,1.0,0.25,79.9
2014-05-08,0.9191030000000001,100.23,1722.75,103.7,1.8,14546.03,0.9,1548.9,1.0,0.25,79.36
2014-05-07,0.916962,100.77,1723.5,105.1,1.8,14656.4,0.9,1548.9,1.0,0.25,79.2
2014-05-06,0.913791,99.52,1738.75,106.0,1.8,14612.29,0.9,1548.9,1.0,0.25,79.09
2014-05-05,0.9116639999999999,99.45,1742.5,105.9,1.8,14697.03,0.9,1548.9,1.0,0.25,79.49
2014-05-02,0.9116639999999999,99.8,1742.5,106.0,1.8,14765.15,0.9,1548.9,1.0,0.25,79.52
2014-05-01,0.912,99.4,1742.25,105.4,1.8,14664.07,0.9,1548.9,1.0,0.25,79.53
2014-04-30,0.9116360000000001,99.78,1756.25,105.4,1.4,14651.87,0.9,187.7,1.0,0.25,79.47
2014-04-29,0.9086219999999999,101.27,1771.0,108.3,1.4,14583.11,0.9,187.7,1.0,0.25,79.81
2014-04-28,0.906739,100.84,1787.75,108.6,1.4,14530.91,0.9,187.7,1.0,0.25,79.68
2014-04-25,0.906739,100.85,1814.25,111.0,1.4,14533.57,0.9,187.7,1.0,0.25,79.75
2014-04-24,0.90665,102.2,1839.5,113.2,1.4,14554.25,0.9,187.7,1.0,0.25,79.8
2014-04-23,0.906799,101.47,1837.25,112.2,1.4,14533.39,0.9,187.7,1.0,0.25,79.85
2014-04-22,0.9074639999999999,101.69,1854.75,112.5,1.4,14555.97,0.9,187.7,1.0,0.25,79.9
2014-04-21,0.907661,104.35,1829.5,113.3,1.4,14493.68,0.9,187.7,1.0,0.25,79.94
2014-04-18,0.9083200000000001,104.33,1829.5,116.5,1.4,14500.39,0.9,187.7,1.0,0.25,79.83
2014-04-17,0.9090969999999999,104.33,1829.5,116.5,1.4,14500.39,0.9,187.7,1.0,0.25,79.83
2014-04-16,0.9100229999999999,103.71,1839.0,116.2,1.4,14446.52,0.9,187.7,1.0,0.25,79.8
2014-04-15,0.910866,103.7,1813.5,117.1,1.4,14303.92,0.9,187.7,1.0,0.25,79.8
2014-04-14,0.912149,104.05,1844.0,117.0,1.4,14284.43,0.9,187.7,1.0,0.25,79.73
2014-04-11,0.9151229999999999,103.68,1848.0,116.9,1.4,14257.69,0.9,187.7,1.0,0.25,79.45
2014-04-10,0.917041,103.37,1858.25,119.1,1.4,14308.0,0.9,187.7,1.0,0.25,79.38
2014-04-09,0.9151309999999999,103.55,1827.0,119.4,1.4,14435.58,0.9,187.7,1.0,0.25,79.48
2014-04-08,0.912431,102.57,1784.75,118.2,1.4,14372.45,0.9,187.7,1.0,0.25,79.75
2014-04-07,0.9098510000000001,100.43,1782.0,117.2,1.4,14270.33,0.9,187.7,1.0,0.25,80.23
2014-04-04,0.907716,101.16,1785.75,115.7,1.4,14393.1,0.9,187.7,1.0,0.25,80.42
2014-04-03,0.9068620000000001,100.29,1796.5,115.5,1.4,14402.21,0.9,187.7,1.0,0.25,80.47
2014-04-02,0.9062,99.6,1789.75,115.3,1.4,14459.11,0.9,187.7,1.0,0.25,80.21
2014-04-01,0.9051629999999999,99.69,1754.75,117.6,1.4,14380.55,0.9,187.7,1.0,0.25,80.09
2014-03-31,0.905592,101.57,1744.25,116.8,1.3,14335.31,0.1,1015.2,1.0,0.25,80.1
2014-03-28,0.9049299999999999,101.73,1716.1,112.3,1.3,14260.72,0.1,1015.2,1.0,0.25,80.18
2014-03-27,0.90045,101.25,1695.5,112.3,1.3,14178.84,0.1,1015.2,1.0,0.25,80.11
2014-03-26,0.8959360000000001,100.61,1685.5,111.9,1.3,14184.1,0.1,1015.2,1.0,0.25,80.03
2014-03-25,0.8927889999999999,99.66,1709.25,111.8,1.3,14299.49,0.1,1015.2,1.0,0.25,79.94
2014-03-24,0.890882,100.05,1687.5,110.5,1.3,14278.55,0.1,1015.2,1.0,0.25,79.93
2014-03-21,0.8899040000000001,99.97,1681.5,110.7,1.3,14335.76,0.1,1015.2,1.0,0.25,80.1
2014-03-20,0.891608,99.38,1668.5,110.7,1.3,14361.83,0.1,1015.2,1.0,0.25,80.19
2014-03-19,0.8989379999999999,100.41,1694.0,110.5,1.3,14334.04,0.1,1015.2,1.0,0.25,79.99
2014-03-18,0.903228,99.78,1691.85,110.5,1.3,14368.98,0.1,1015.2,1.0,0.25,79.41
2014-03-17,0.9024770000000001,98.13,1681.25,109.6,1.3,14231.89,0.1,1015.2,1.0,0.25,79.38
2014-03-14,0.90209,98.93,1697.5,110.1,1.3,14227.66,0.1,1015.2,1.0,0.25,79.45
2014-03-13,0.901359,98.27,1698.75,111.5,1.3,14245.14,0.1,1015.2,1.0,0.25,79.62
2014-03-12,0.8997129999999999,97.99,1715.5,107.4,1.3,14319.0,0.1,1015.2,1.0,0.25,79.61
2014-03-11,0.900175,99.99,1707.75,104.9,1.3,14267.23,0.1,1015.2,1.0,0.25,79.74
2014-03-10,0.90297,101.09,1732.5,104.7,1.3,14302.06,0.1,1015.2,1.0,0.25,79.77
2014-03-07,0.90736,102.52,1723.5,114.2,1.3,14299.08,0.1,1015.2,1.0,0.25,79.72
2014-03-06,0.905885,101.52,1753.75,116.9,1.3,14271.92,0.1,1015.2,1.0,0.25,79.66
2014-03-05,0.90255,101.45,1730.25,116.7,1.3,14304.17,0.1,1015.2,1.0,0.25,80.11
2014-03-04,0.902317,103.34,1722.75,116.8,1.3,14289.86,0.1,1015.2,1.0,0.25,80.17
2014-03-03,0.901848,105.04,1675.25,117.7,1.3,14212.74,0.1,1015.2,1.0,0.25,80.08
2014-02-28,0.899383,102.58,1711.15,118.1,1.2,14209.59,0.1,522.4,1.0,0.25,79.69
2014-02-27,0.8992879999999999,102.38,1724.75,118.0,1.2,14214.74,0.1,522.4,1.0,0.25,80.28
2014-02-26,0.9020309999999999,102.63,1729.5,117.8,1.2,14188.58,0.1,522.4,1.0,0.25,80.43
2014-02-25,0.90236,102.2,1725.75,119.1,1.2,14188.98,0.1,522.4,1.0,0.25,80.14
2014-02-24,0.899882,103.17,1718.5,119.9,1.2,14227.08,0.1,522.4,1.0,0.25,80.2
2014-02-21,0.8998659999999999,102.53,1727.5,122.4,1.2,14205.72,0.1,522.4,1.0,0.25,80.24
2014-02-20,0.9058510000000001,103.2,1728.5,122.9,1.2,14210.37,0.1,522.4,1.0,0.25,80.29
2014-02-19,0.911802,103.46,1725.25,123.9,1.2,14119.73,0.1,522.4,1.0,0.25,80.14
2014-02-18,0.9122469999999999,102.54,1721.75,124.4,1.2,14077.47,0.1,522.4,1.0,0.25,80.01
2014-02-17,0.9117709999999999,100.89,1689.25,124.4,1.2,14054.76,0.1,522.4,1.0,0.25,80.14
2014-02-14,0.9110010000000001,100.31,1702.5,123.2,1.2,14054.76,0.1,522.4,1.0,0.25,80.15
2014-02-13,0.9094209999999999,100.27,1700.25,122.0,1.2,14001.65,0.1,522.4,1.0,0.25,80.32
2014-02-12,0.907374,100.38,1692.5,121.0,1.2,13900.49,0.1,522.4,1.0,0.25,80.68
2014-02-11,0.9050159999999999,99.96,1663.6,120.0,1.2,13880.99,0.1,522.4,1.0,0.25,80.64
2014-02-10,0.905536,100.12,1658.75,120.8,1.2,13794.18,0.1,522.4,1.0,0.25,80.64
2014-02-07,0.9041889999999999,99.98,1677.25,120.9,1.2,13786.5,0.1,522.4,1.0,0.25,80.69
2014-02-06,0.903069,97.84,1671.5,121.0,1.2,13713.4,0.1,522.4,1.0,0.25,80.91
2014-02-05,0.9022290000000001,97.4,1657.25,122.4,1.2,13559.69,0.1,522.4,1.0,0.25,81.04
2014-02-04,0.9015200000000001,97.24,1644.25,122.6,1.2,13504.48,0.1,522.4,1.0,0.25,81.12
2014-02-03,0.898998,96.44,1633.55,122.6,1.2,13486.2,0.1,522.4,1.0,0.25,81.01
2014-01-31,0.895149,97.55,1663.25,122.6,1.4,13694.94,0.1,-363.1,1.0,0.25,81.31
2014-01-30,0.895415,98.25,1685.25,122.6,1.4,13735.28,0.1,-363.1,1.0,0.25,81.08
2014-01-29,0.8976569999999999,97.34,1697.5,122.6,1.4,13643.22,0.1,-363.1,1.0,0.25,80.5
2014-01-28,0.90059,97.49,1710.25,123.9,1.4,13687.66,0.1,-363.1,1.0,0.25,80.57
2014-01-27,0.902684,95.82,1710.25,124.3,1.4,13582.29,0.1,-363.1,1.0,0.25,80.52
2014-01-24,0.900335,96.66,1718.5,124.3,1.4,13717.76,0.1,-363.1,1.0,0.25,80.46
2014-01-23,0.9026280000000001,97.23,1719.0,123.9,1.4,13932.97,0.1,-363.1,1.0,0.25,80.44
2014-01-22,0.9103049999999999,96.35,1738.75,123.5,1.4,13988.2,0.1,-363.1,1.0,0.25,81.17
2014-01-21,0.911955,94.89,1754.0,123.2,1.4,13951.77,0.1,-363.1,1.0,0.25,81.1
2014-01-20,0.9131100000000001,93.34,1762.65,124.8,1.4,13990.29,0.1,-363.1,1.0,0.25,81.22
2014-01-17,0.9138959999999999,94.34,1780.15,127.3,1.4,13888.21,0.1,-363.1,1.0,0.25,81.22
2014-01-16,0.9138270000000001,93.92,1757.25,128.3,1.4,13831.58,0.1,-363.1,1.0,0.25,80.91
2014-01-15,0.914484,94.16,1740.25,129.6,1.4,13772.58,0.1,-363.1,1.0,0.25,81.03
2014-01-14,0.917585,92.53,1715.5,129.5,1.4,13692.38,0.1,-363.1,1.0,0.25,80.66
2014-01-13,0.9187379999999999,91.83,1734.5,130.9,1.4,13681.48,0.1,-363.1,1.0,0.25,80.51
2014-01-10,0.9208860000000001,92.77,1721.75,130.7,1.4,13747.52,0.1,-363.1,1.0,0.25,80.66
2014-01-09,0.923761,91.74,1705.0,131.0,1.4,13629.41,0.1,-363.1,1.0,0.25,81.0
2014-01-08,0.92935,92.28,1730.25,131.5,1.4,13614.63,0.1,-363.1,1.0,0.25,81.02
2014-01-07,0.936808,93.69,1738.5,133.8,1.4,13596.93,0.1,-363.1,1.0,0.25,80.83
2014-01-06,0.939944,93.5,1735.25,134.8,1.4,13495.54,0.1,-363.1,1.0,0.25,80.65
2014-01-03,0.939852,94.04,1727.25,135.0,1.4,13548.86,0.1,-363.1,1.0,0.25,80.79
2014-01-02,0.9404110000000001,95.52,1758.0,135.0,1.4,13594.19,0.1,-363.1,1.0,0.25,80.63
2014-01-01,0.9404870000000001,98.04,1754.75,134.2,1.4,13621.55,0.1,-363.1,1.0,0.25,80.03
2013-12-31,0.937883,98.55,1754.75,134.2,1.3,13621.55,1.0,-706.4,1.0,0.25,80.03
2013-12-30,0.9362790000000001,99.28,1776.75,134.2,1.3,13581.39,1.0,-706.4,1.0,0.25,80.0
2013-12-27,0.938968,100.32,1764.0,134.0,1.3,13587.98,1.0,-706.4,1.0,0.25,80.39
2013-12-26,0.940873,99.56,1714.5,132.1,1.3,13518.02,1.0,-706.4,1.0,0.25,80.48
2013-12-25,0.941847,98.84,1714.5,132.0,1.3,13518.02,1.0,-706.4,1.0,0.25,80.45
2013-12-24,0.9414799999999999,98.87,1714.5,132.0,1.3,13518.02,1.0,-706.4,1.0,0.25,80.45
2013-12-23,0.939566,98.62,1714.5,131.9,1.3,13447.7,1.0,-706.4,1.0,0.25,80.45
2013-12-20,0.9359190000000001,99.11,1740.1,132.7,1.3,13399.6,1.0,-706.4,1.0,0.25,80.57
2013-12-19,0.936845,98.63,1728.25,132.7,1.3,13392.2,1.0,-706.4,1.0,0.25,80.63
2013-12-18,0.9422860000000001,97.82,1752.0,133.4,1.3,13334.73,1.0,-706.4,1.0,0.25,80.1
2013-12-17,0.944378,97.22,1752.75,134.3,1.3,13180.16,1.0,-706.4,1.0,0.25,80.06
2013-12-16,0.943009,97.41,1748.25,134.9,1.3,13184.41,1.0,-706.4,1.0,0.25,80.07
2013-12-13,0.941393,96.5,1755.25,136.0,1.3,13125.7,1.0,-706.4,1.0,0.25,80.21
2013-12-12,0.943263,97.44,1748.6,137.9,1.3,13114.39,1.0,-706.4,1.0,0.25,80.21
2013-12-11,0.9423450000000001,97.48,1773.25,139.1,1.3,13133.42,1.0,-706.4,1.0,0.25,79.89
2013-12-10,0.9400940000000001,98.55,1759.25,139.4,1.3,13324.01,1.0,-706.4,1.0,0.25,79.97
2013-12-09,0.93875,97.33,1747.25,139.4,1.3,13312.78,1.0,-706.4,1.0,0.25,80.13
2013-12-06,0.9381079999999999,97.71,1734.75,139.2,1.3,13280.72,1.0,-706.4,1.0,0.25,80.31
2013-12-05,0.937579,97.37,1714.0,139.5,1.3,13200.4,1.0,-706.4,1.0,0.25,80.23
2013-12-04,0.9383610000000001,97.2,1727.25,139.7,1.3,13304.92,1.0,-706.4,1.0,0.25,80.62
2013-12-03,0.939773,96.06,1694.0,138.2,1.3,13319.87,1.0,-706.4,1.0,0.25,80.92
2013-12-02,0.941989,93.84,1696.75,136.8,1.3,13419.57,1.0,-706.4,1.0,0.25,80.92
2013-11-29,0.944227,92.78,1710.0,136.4,1.3,13395.4,1.0,-706.4,1.0,0.25,80.68
2013-11-28,0.945392,92.28,1708.5,136.4,1.3,13370.83,1.0,-706.4,1.0,0.25,80.72
2013-11-27,0.947509,92.28,1709.75,136.0,1.3,13362.06,1.0,-706.4,1.0,0.25,80.72
2013-11-26,0.9483879999999999,93.64,1726.75,135.9,1.3,13349.77,1.0,-706.4,1.0,0.25,80.61
2013-11-25,0.948192,93.86,1728.25,136.5,1.3,13472.22,1.0,-706.4,1.0,0.25,80.92
2013-11-22,0.9510200000000001,94.53,1737.75,136.5,1.3,13478.34,1.0,-706.4,1.0,0.25,80.71
2013-11-21,0.955092,95.35,1738.75,136.3,1.3,13475.33,1.0,-706.4,1.0,0.25,81.07
2013-11-20,0.956627,93.34,1735.5,136.4,1.3,13430.01,1.0,-706.4,1.0,0.25,81.11
2013-11-19,0.958032,93.35,1748.5,136.3,1.3,13442.77,1.0,-706.4,1.0,0.25,80.7
2013-11-18,0.957643,93.03,1736.75,137.0,1.3,13458.06,1.0,-706.4,1.0,0.25,80.82
2013-11-15,0.9551290000000001,93.8,1745.25,136.8,1.3,13482.57,1.0,-706.4,1.0,0.25,80.85
2013-11-14,0.954166,93.76,1745.5,136.6,1.3,13431.38,1.0,-706.4,1.0,0.25,81.02
2013-11-13,0.9537629999999999,93.91,1748.5,136.1,1.3,13370.66,1.0,-706.4,1.0,0.25,80.93
2013-11-12,0.954023,93.12,1753.25,135.9,1.3,13326.04,1.0,-706.4,1.0,0.25,81.19
2013-11-11,0.954958,95.13,1763.0,135.9,1.3,13358.39,1.0,-706.4,1.0,0.25,81.09
2013-11-08,0.95693,94.56,1771.25,135.9,1.3,13378.33,1.0,-706.4,1.0,0.25,81.3
2013-11-07,0.9585889999999999,94.25,1777.25,136.9,1.3,13294.2,1.0,-706.4,1.0,0.25,80.84
2013-11-06,0.9578780000000001,94.74,1775.75,137.1,1.3,13380.41,1.0,-706.4,1.0,0.25,80.48
2013-11-05,0.9588,93.4,1771.5,136.8,1.3,13361.71,1.0,-706.4,1.0,0.25,80.71
2013-11-04,0.9595549999999999,94.58,1776.25,135.8,1.3,13361.78,1.0,-706.4,1.0,0.25,80.55
2013-11-01,0.9577389999999999,94.56,1799.25,135.3,1.3,13337.46,1.0,-706.4,1.0,0.25,80.72
2013-10-31,0.95596,96.29,1814.75,131.9,1.2,13361.26,1.0,-300.7,1.0,0.25,80.19
2013-10-30,0.9562940000000001,96.81,1847.25,131.2,1.2,13455.33,1.0,-300.7,1.0,0.25,79.78
2013-10-29,0.957413,98.29,1837.5,131.3,1.2,13440.61,1.0,-300.7,1.0,0.25,79.61
2013-10-28,0.957852,98.74,1849.5,131.8,1.2,13371.84,1.0,-300.7,1.0,0.25,79.25
2013-10-25,0.959676,97.4,1836.5,133.3,1.2,13399.42,1.0,-300.7,1.0,0.25,79.19
2013-10-24,0.9641209999999999,96.64,1815.0,133.5,1.2,13324.76,1.0,-300.7,1.0,0.25,79.18
2013-10-23,0.9692850000000001,96.9,1797.75,133.2,1.2,13243.32,1.0,-300.7,1.0,0.25,79.26
2013-10-22,0.9712360000000001,97.63,1832.75,133.3,1.2,13248.06,1.0,-300.7,1.0,0.25,79.23
2013-10-21,0.9714149999999999,99.28,1803.5,134.4,1.2,13186.53,1.0,-300.7,1.0,0.25,79.69
2013-10-18,0.9710700000000001,100.87,1802.25,134.4,1.2,13136.09,1.0,-300.7,1.0,0.25,79.65
2013-10-17,0.968076,100.72,1804.0,134.4,1.2,13036.36,1.0,-300.7,1.0,0.25,79.65
2013-10-16,0.9651620000000001,102.34,1809.0,133.7,1.2,12957.21,1.0,-300.7,1.0,0.25,80.47
2013-10-15,0.9656399999999999,101.15,1801.5,133.6,1.2,12931.46,1.0,-300.7,1.0,0.25,80.48
2013-10-14,0.964556,102.46,1822.75,133.6,1.2,12892.11,1.0,-300.7,1.0,0.25,80.26
2013-10-11,0.9622709999999999,102.17,1836.0,133.1,1.2,12892.11,1.0,-300.7,1.0,0.25,80.41
2013-10-10,0.962514,103.08,1836.25,133.0,1.2,12894.41,1.0,-300.7,1.0,0.25,80.42
2013-10-09,0.965317,101.63,1811.25,131.8,1.2,12730.33,1.0,-300.7,1.0,0.25,80.38
2013-10-08,0.9687879999999999,103.54,1818.25,131.7,1.2,12692.41,1.0,-300.7,1.0,0.25,80.06
2013-10-07,0.9694659999999999,103.07,1807.9,131.4,1.2,12788.25,1.0,-300.7,1.0,0.25,79.94
2013-10-04,0.9686030000000001,103.83,1799.75,131.4,1.2,12758.65,1.0,-300.7,1.0,0.25,80.13
2013-10-03,0.967878,103.29,1781.75,131.4,1.2,12735.12,1.0,-300.7,1.0,0.25,79.75
2013-10-02,0.96795,104.15,1791.25,131.4,1.2,12839.0,1.0,-300.7,1.0,0.25,79.9
2013-10-01,0.9697309999999999,102.09,1779.0,131.4,1.2,12847.44,1.0,-300.7,1.0,0.25,80.14
2013-09-30,0.9701559999999999,102.36,1798.35,131.4,1.3,12787.19,0.7,-109.7,1.0,0.25,80.22
2013-09-27,0.969525,102.86,1794.25,131.9,1.3,12844.08,0.7,-109.7,1.0,0.25,80.29
2013-09-26,0.969742,103.1,1775.75,133.8,1.3,12841.62,0.7,-109.7,1.0,0.25,80.52
2013-09-25,0.970851,102.68,1757.5,133.8,1.3,12836.71,0.7,-109.7,1.0,0.25,80.33
2013-09-24,0.971684,103.22,1749.25,132.7,1.3,12848.89,0.7,-109.7,1.0,0.25,80.56
2013-09-23,0.971914,103.62,1770.75,132.4,1.3,12811.18,0.7,-109.7,1.0,0.25,80.45
2013-09-20,0.97477,104.7,1754.5,131.8,1.3,12806.47,0.7,-109.7,1.0,0.25,80.43
2013-09-19,0.975649,106.26,1784.0,131.8,1.3,12926.78,0.7,-109.7,1.0,0.25,80.37
2013-09-18,0.970842,108.23,1738.0,131.7,1.3,12931.4,0.7,-109.7,1.0,0.25,80.24
2013-09-17,0.969814,105.36,1730.75,131.1,1.3,12834.11,0.7,-109.7,1.0,0.25,81.14
2013-09-16,0.969309,106.54,1735.5,134.1,1.3,12816.88,0.7,-109.7,1.0,0.25,81.29
2013-09-13,0.9681270000000001,108.31,1744.5,134.5,1.3,12723.4,0.7,-109.7,1.0,0.25,81.45
2013-09-12,0.9682120000000001,108.72,1766.25,135.2,1.3,12701.05,0.7,-109.7,1.0,0.25,81.49
2013-09-11,0.9662729999999999,107.65,1755.25,135.1,1.3,12825.42,0.7,-109.7,1.0,0.25,81.52
2013-09-10,0.964224,107.48,1749.0,135.2,1.3,12824.48,0.7,-109.7,1.0,0.25,81.82
2013-09-09,0.960457,109.62,1758.0,134.8,1.3,12854.64,0.7,-109.7,1.0,0.25,81.79
2013-09-06,0.955383,110.62,1777.0,134.1,1.3,12820.92,0.7,-109.7,1.0,0.25,82.15
2013-09-05,0.952169,108.5,1751.05,137.1,1.3,12845.06,0.7,-109.7,1.0,0.25,82.63
2013-09-04,0.950099,107.29,1741.75,138.0,1.3,12757.81,0.7,-109.7,1.0,0.25,82.17
2013-09-03,0.948924,108.67,1774.5,138.7,1.3,12740.5,0.7,-109.7,1.0,0.25,82.36
2013-09-02,0.9493360000000001,107.98,1781.5,138.7,1.3,12653.9,0.7,-109.7,1.0,0.25,82.09
2013-08-30,0.9504309999999999,107.98,1766.0,137.7,1.3,12653.9,0.7,-109.7,1.0,0.25,82.09
2013-08-29,0.952575,108.51,1787.25,138.3,1.3,12704.73,0.7,-109.7,1.0,0.25,81.95
2013-08-28,0.952643,110.17,1815.25,138.5,1.3,12607.22,0.7,-109.7,1.0,0.25,81.43
2013-08-27,0.9514379999999999,109.11,1837.5,138.7,1.3,12591.21,0.7,-109.7,1.0,0.25,81.17
2013-08-26,0.950666,105.88,1846.6,138.7,1.3,12760.3,0.7,-109.7,1.0,0.25,81.41
2013-08-23,0.950584,106.47,1846.6,138.6,1.3,12762.3,0.7,-109.7,1.0,0.25,81.36
2013-08-22,0.954968,104.92,1837.0,137.7,1.3,12674.35,0.7,-109.7,1.0,0.25,81.49
2013-08-21,0.960788,103.92,1848.25,137.8,1.3,12573.08,0.7,-109.7,1.0,0.25,81.21
2013-08-20,0.965566,104.89,1865.25,139.0,1.3,12670.11,0.7,-109.7,1.0,0.25,80.91
2013-08-19,0.9681649999999999,107.13,1865.75,139.2,1.3,12588.02,0.7,-109.7,1.0,0.25,81.23
2013-08-16,0.9687209999999999,107.57,1898.5,137.9,1.3,12736.92,0.7,-109.7,1.0,0.25,81.26
2013-08-15,0.967936,107.42,1861.0,141.2,1.3,12704.52,0.7,-109.7,1.0,0.25,81.18
2013-08-14,0.967564,106.88,1844.5,142.8,1.3,12639.3,0.7,-109.7,1.0,0.25,81.71
2013-08-13,0.969601,106.77,1833.55,141.8,1.3,12642.19,0.7,-109.7,1.0,0.25,81.77
2013-08-12,0.9705889999999999,106.18,1837.55,138.7,1.3,12594.27,0.7,-109.7,1.0,0.25,81.33
2013-08-09,0.96693,106.03,1825.6,133.1,1.3,12542.13,0.7,-109.7,1.0,0.25,81.13
2013-08-08,0.9618190000000001,103.44,1794.55,133.1,1.3,12552.92,0.7,-109.7,1.0,0.25,80.98
2013-08-07,0.962434,104.4,1750.25,133.1,1.3,12412.73,0.7,-109.7,1.0,0.25,81.29
2013-08-06,0.9638770000000001,105.31,1741.8,131.4,1.3,12469.32,0.7,-109.7,1.0,0.25,81.6
2013-08-05,0.9633139999999999,106.6,1753.55,130.2,1.3,12603.25,0.7,-109.7,1.0,0.25,81.88
2013-08-02,0.966807,106.93,1764.5,130.1,1.3,12603.25,0.7,-109.7,1.0,0.25,81.91
2013-08-01,0.9707290000000001,107.92,1766.75,129.7,1.3,12593.96,0.7,-109.7,1.0,0.25,82.34
2013-07-31,0.971721,105.09,1757.25,129.9,1.4,12486.64,0.7,-1257.1,1.0,0.25,81.45
2013-07-30,0.973138,103.13,1729.0,130.9,1.4,12581.75,0.7,-1257.1,1.0,0.25,81.83
2013-07-29,0.973407,104.6,1748.5,131.7,1.4,12669.04,0.7,-1257.1,1.0,0.25,81.66
2013-07-26,0.97224,104.75,1750.0,132.6,1.4,12647.9,0.7,-1257.1,1.0,0.25,81.66
2013-07-25,0.970333,105.47,1778.75,132.1,1.4,12669.14,0.7,-1257.1,1.0,0.25,81.97
2013-07-24,0.970333,105.4,1805.25,132.1,1.4,12672.3,0.7,-1257.1,1.0,0.25,82.29
2013-07-23,0.967949,107.13,1800.25,131.9,1.4,12745.38,0.7,-1257.1,1.0,0.25,81.94
2013-07-22,0.9653440000000001,106.61,1803.25,131.5,1.4,12758.38,0.7,-1257.1,1.0,0.25,82.22
2013-07-19,0.9627020000000001,108.0,1781.5,131.7,1.4,12685.13,0.7,-1257.1,1.0,0.25,82.62
2013-07-18,0.961155,107.94,1760.75,131.9,1.4,12628.85,0.7,-1257.1,1.0,0.25,82.82
2013-07-17,0.9613309999999999,106.39,1758.5,130.4,1.4,12568.77,0.7,-1257.1,1.0,0.25,82.71
2013-07-16,0.9604889999999999,105.88,1770.25,129.0,1.4,12516.89,0.7,-1257.1,1.0,0.25,82.5
2013-07-15,0.962024,106.2,1760.0,126.9,1.4,12528.35,0.7,-1257.1,1.0,0.25,83.04
2013-07-12,0.9630280000000001,105.85,1802.5,126.8,1.4,12462.18,0.7,-1257.1,1.0,0.25,82.99
2013-07-11,0.9580120000000001,104.77,1791.25,125.2,1.4,12493.26,0.7,-1257.1,1.0,0.25,82.75
2013-07-10,0.94986,106.41,1773.0,123.9,1.4,12306.93,0.7,-1257.1,1.0,0.25,84.04
2013-07-09,0.947468,103.46,1745.5,123.7,1.4,12297.09,0.7,-1257.1,1.0,0.25,84.58
2013-07-08,0.9469040000000001,103.03,1757.25,121.9,1.4,12208.87,0.7,-1257.1,1.0,0.25,84.19
2013-07-05,0.949325,103.09,1723.75,122.6,1.4,12134.91,0.7,-1257.1,1.0,0.25,84.44
2013-07-04,0.950414,101.92,1767.75,122.0,1.4,12166.66,0.7,-1257.1,1.0,0.25,83.23
2013-07-03,0.9494440000000001,101.92,1763.25,120.5,1.4,12145.68,0.7,-1257.1,1.0,0.25,83.23
2013-07-02,0.950636,99.65,1789.5,119.3,1.4,12178.38,0.7,-1257.1,1.0,0.25,83.54
2013-07-01,0.9520850000000001,97.94,1784.0,116.9,1.4,12129.11,0.7,-1257.1,1.0,0.25,83.05
2013-06-28,0.954267,96.36,1729.75,116.5,1.4,12129.11,0.7,-1257.1,1.0,0.25,83.14
2013-06-27,0.9551280000000001,97.0,1721.0,115.3,1.4,12005.78,0.7,-1257.1,1.0,0.25,82.9
2013-06-26,0.952945,95.47,1725.75,113.8,1.4,11951.9,0.7,-1257.1,1.0,0.25,82.98
2013-06-25,0.952148,95.25,1738.75,114.0,1.4,12005.42,0.7,-1257.1,1.0,0.25,82.58
2013-06-24,0.9552450000000001,95.06,1725.6,116.6,1.4,11836.86,0.7,-1257.1,1.0,0.25,82.42
2013-06-21,0.96378,93.81,1747.55,118.6,1.4,11995.66,0.7,-1257.1,1.0,0.25,82.41
2013-06-20,0.9720219999999999,94.89,1752.0,120.6,1.4,11968.57,0.7,-1257.1,1.0,0.25,81.91
2013-06-19,0.979455,98.24,1783.75,120.0,1.4,12268.29,0.7,-1257.1,1.0,0.25,81.43
2013-06-18,0.981843,98.46,1795.75,117.7,1.4,12367.46,0.7,-1257.1,1.0,0.25,80.61
2013-06-17,0.983442,97.86,1800.75,115.0,1.4,12288.9,0.7,-1257.1,1.0,0.25,80.79
2013-06-14,0.982634,97.83,1810.0,113.6,1.4,12187.36,0.7,-1257.1,1.0,0.25,80.62
2013-06-13,0.981442,96.66,1815.85,112.0,1.4,12277.13,0.7,-1257.1,1.0,0.25,80.75
2013-06-12,0.980769,95.98,1821.25,110.9,1.4,12109.89,0.7,-1257.1,1.0,0.25,80.95
2013-06-11,0.980252,95.5,1846.25,110.9,1.4,12223.57,0.7,-1257.1,1.0,0.25,81.11
2013-06-10,0.978808,95.82,1883.0,110.9,1.4,12382.67,0.7,-1257.1,1.0,0.25,81.65
2013-06-07,0.973331,96.11,1903.25,110.9,1.4,12373.3,0.7,-1257.1,1.0,0.25,81.67
2013-06-06,0.96801,94.71,1928.75,113.9,1.4,12409.33,0.7,-1257.1,1.0,0.25,81.54
2013-06-05,0.9676969999999999,93.66,1944.0,116.6,1.4,12443.65,0.7,-1257.1,1.0,0.25,82.59
2013-06-04,0.968525,93.36,1920.0,116.6,1.4,12593.97,0.7,-1257.1,1.0,0.25,82.77
2013-06-03,0.967514,93.41,1897.75,111.9,1.4,12609.8,0.7,-1257.1,1.0,0.25,82.66
2013-05-31,0.9678450000000001,91.93,1877.75,110.4,1.1,12650.42,0.7,-716.0,1.0,0.25,83.26
2013-05-30,0.965558,93.57,1876.0,111.6,1.1,12746.55,0.7,-716.0,1.0,0.25,83.04
2013-05-29,0.963672,93.13,1828.5,112.9,1.1,12732.61,0.7,-716.0,1.0,0.25,83.66
2013-05-28,0.96662,94.65,1817.25,117.8,1.1,12750.52,0.7,-716.0,1.0,0.25,84.1
2013-05-27,0.9683649999999999,93.84,1805.5,120.9,1.1,12696.37,0.7,-716.0,1.0,0.25,83.7
2013-05-24,0.967418,93.84,1805.5,123.2,1.1,12667.22,0.7,-716.0,1.0,0.25,83.7
2013-05-23,0.96783,94.11,1816.5,123.2,1.1,12658.09,0.7,-716.0,1.0,0.25,83.8
2013-05-22,0.972058,93.97,1850.0,123.2,1.1,12752.5,0.7,-716.0,1.0,0.25,84.35
2013-05-21,0.973852,95.54,1827.0,123.6,1.1,12742.43,0.7,-716.0,1.0,0.25,83.86
2013-05-20,0.974425,96.28,1829.5,123.0,1.1,12613.05,0.7,-716.0,1.0,0.25,83.74
2013-05-17,0.9790270000000001,95.71,1820.0,123.1,1.1,12613.05,0.7,-716.0,1.0,0.25,84.25
2013-05-16,0.982634,94.84,1825.25,125.0,1.1,12507.6,0.7,-716.0,1.0,0.25,83.59
2013-05-15,0.983925,93.94,1807.0,126.4,1.1,12473.65,0.7,-716.0,1.0,0.25,83.83
2013-05-14,0.9880260000000001,93.95,1827.5,128.1,1.1,12577.05,0.7,-716.0,1.0,0.25,83.59
2013-05-13,0.9896530000000001,94.75,1840.0,129.4,1.1,12529.55,0.7,-716.0,1.0,0.25,83.28
2013-05-10,0.993166,95.8,1843.25,129.6,1.1,12589.09,0.7,-716.0,1.0,0.25,83.14
2013-05-09,0.9964620000000001,96.08,1862.0,130.2,1.1,12543.9,0.7,-716.0,1.0,0.25,82.79
2013-05-08,0.995042,96.23,1876.25,130.2,1.1,12585.05,0.7,-716.0,1.0,0.25,81.9
2013-05-07,0.993265,95.27,1847.75,130.0,1.1,12464.11,0.7,-716.0,1.0,0.25,82.25
2013-05-06,0.9912850000000001,95.79,1847.0,128.1,1.1,12453.92,0.7,-716.0,1.0,0.25,82.31
2013-05-03,0.990612,95.24,1847.0,128.1,1.1,12438.03,0.7,-716.0,1.0,0.25,82.1
2013-05-02,0.992416,93.69,1774.25,129.4,1.1,12379.64,0.7,-716.0,1.0,0.25,82.22
2013-05-01,0.991815,90.73,1785.75,134.1,1.1,12321.29,0.7,-716.0,1.0,0.25,81.48
2013-04-30,0.988243,93.21,1832.25,134.1,1.1,12456.5,0.7,-2.1,1.0,0.25,81.75
2013-04-29,0.9839399999999999,94.08,1860.75,134.1,1.1,12312.67,0.7,-2.1,1.0,0.25,82.15
2013-04-26,0.980022,92.63,1845.0,134.1,1.1,12220.2,0.7,-2.1,1.0,0.25,82.47
2013-04-25,0.976615,93.27,1912.0,134.6,1.1,12329.51,0.7,-2.1,1.0,0.25,82.74
2013-04-24,0.974183,91.06,1880.75,135.1,1.1,12270.43,0.7,-2.1,1.0,0.25,83.05
2013-04-23,0.974217,89.21,1868.0,136.4,1.1,12090.94,0.7,-2.1,1.0,0.25,83.05
2013-04-22,0.9749190000000001,88.81,1865.25,138.0,1.1,12090.68,0.7,-2.1,1.0,0.25,82.68
2013-04-19,0.975247,88.04,1859.75,138.0,1.1,12065.55,0.7,-2.1,1.0,0.25,82.71
2013-04-18,0.975499,87.83,1884.75,138.6,1.1,11996.34,0.7,-2.1,1.0,0.25,82.56
2013-04-17,0.9768469999999999,86.65,1866.0,139.3,1.1,11947.29,0.7,-2.1,1.0,0.25,82.68
2013-04-16,0.978932,88.73,1883.25,139.4,1.1,12119.92,0.7,-2.1,1.0,0.25,81.75
2013-04-15,0.983808,88.75,1832.25,140.9,1.1,12004.88,0.7,-2.1,1.0,0.25,82.42
2013-04-12,0.9881270000000001,91.23,1818.75,141.0,1.1,12337.59,0.7,-2.1,1.0,0.25,82.13
2013-04-11,0.9866280000000001,93.44,1864.5,140.9,1.1,12481.37,0.7,-2.1,1.0,0.25,82.25
2013-04-10,0.984575,94.59,1875.0,140.6,1.1,12534.91,0.7,-2.1,1.0,0.25,82.53
2013-04-09,0.983498,94.18,1883.25,139.1,1.1,12484.05,0.7,-2.1,1.0,0.25,82.31
2013-04-08,0.9835510000000001,93.36,1853.0,137.6,1.1,12344.56,0.7,-2.1,1.0,0.25,82.75
2013-04-05,0.9853430000000001,92.76,1850.5,135.9,1.1,12331.85,0.7,-2.1,1.0,0.25,82.5
2013-04-04,0.985682,93.26,1856.0,135.9,1.1,12363.05,0.7,-2.1,1.0,0.25,82.68
2013-04-03,0.985682,95.02,1839.5,135.6,1.1,12422.12,0.7,-2.1,1.0,0.25,82.72
2013-04-02,0.9845229999999999,97.23,1851.0,136.1,1.1,12682.1,0.7,-2.1,1.0,0.25,82.92
2013-04-01,0.983341,97.1,1875.25,137.3,1.1,12695.14,0.7,-2.1,1.0,0.25,82.73
2013-03-29,0.983718,97.24,1875.25,137.3,1.1,12749.9,0.7,-2.1,1.0,0.25,83.22
2013-03-28,0.983701,97.24,1875.25,137.3,1.1,12749.9,0.7,-2.1,1.0,0.25,82.99
2013-03-27,0.98251,96.53,1885.75,137.4,1.1,12699.65,0.7,-2.1,1.0,0.25,83.22
2013-03-26,0.980081,95.99,1875.25,137.1,1.1,12706.38,0.7,-2.1,1.0,0.25,82.88
2013-03-25,0.9778319999999999,94.55,1895.5,136.0,1.1,12680.71,0.7,-2.1,1.0,0.25,82.83
2013-03-22,0.976245,93.4,1914.5,135.3,1.1,12757.35,0.7,-2.1,1.0,0.25,82.53
2013-03-21,0.9754729999999999,92.46,1893.25,134.2,1.1,12747.87,0.7,-2.1,1.0,0.25,82.74
2013-03-20,0.975352,93.21,1900.75,134.1,1.1,12826.55,0.7,-2.1,1.0,0.25,82.78
2013-03-19,0.977059,93.71,1895.0,134.4,1.1,12773.87,0.7,-2.1,1.0,0.25,82.99
2013-03-18,0.978253,93.71,1893.5,134.6,1.1,12781.76,0.7,-2.1,1.0,0.25,82.69
2013-03-15,0.9774860000000001,93.49,1923.3,134.6,1.1,12830.03,0.7,-2.1,1.0,0.25,82.13
2013-03-14,0.9743059999999999,93.03,1938.85,132.9,1.1,12799.91,0.7,-2.1,1.0,0.25,82.61
2013-03-13,0.9740719999999999,92.47,1923.5,139.0,1.1,12744.11,0.7,-2.1,1.0,0.25,82.89
2013-03-12,0.973736,92.44,1939.0,143.4,1.1,12878.58,0.7,-2.1,1.0,0.25,82.58
2013-03-11,0.9724010000000001,92.07,1909.25,144.1,1.1,12858.49,0.7,-2.1,1.0,0.25,82.57
2013-03-08,0.970866,92.01,1923.25,148.2,1.1,12835.61,0.7,-2.1,1.0,0.25,82.71
2013-03-07,0.9709909999999999,91.53,1936.5,148.03,1.1,12826.52,0.7,-2.1,1.0,0.25,82.08
2013-03-06,0.972966,90.47,1910.0,145.8,1.1,12831.96,0.7,-2.1,1.0,0.25,82.46
2013-03-05,0.973045,90.88,1932.5,145.2,1.1,12736.04,0.7,-2.1,1.0,0.25,82.09
2013-03-04,0.971413,90.13,1928.75,148.8,1.1,12707.41,0.7,-2.1,1.0,0.25,82.19
2013-03-01,0.9726870000000001,90.71,1932.0,150.6,1.1,12773.12,0.7,-2.1,1.0,0.25,82.28
2013-02-28,0.975354,92.03,1961.75,151.7,1.4,12821.83,0.7,-669.9,1.0,0.25,81.95
2013-02-27,0.974764,92.84,1975.5,151.9,1.4,12732.39,0.7,-669.9,1.0,0.25,81.6
2013-02-26,0.975469,92.63,1978.0,151.9,1.4,12660.44,0.7,-669.9,1.0,0.25,81.87
2013-02-25,0.978333,92.74,1993.25,151.9,1.4,12650.87,0.7,-669.9,1.0,0.25,81.67
2013-02-22,0.981261,93.11,2004.75,153.6,1.4,12701.63,0.7,-669.9,1.0,0.25,81.46
2013-02-21,0.983663,92.79,2034.25,156.2,1.4,12639.97,0.7,-669.9,1.0,0.25,81.46
2013-02-20,0.9873860000000001,94.92,2060.75,158.9,1.4,12714.05,0.7,-669.9,1.0,0.25,81.07
2013-02-19,0.989885,96.69,2069.0,158.0,1.4,12810.21,0.7,-669.9,1.0,0.25,80.47
2013-02-18,0.993857,95.95,2077.0,157.2,1.4,12686.63,0.7,-669.9,1.0,0.25,80.58
2013-02-15,0.997648,95.95,2127.25,155.1,1.4,12686.63,0.7,-669.9,1.0,0.25,80.58
2013-02-14,0.998208,97.3,2115.25,155.1,1.4,12721.79,0.7,-669.9,1.0,0.25,80.46
2013-02-13,0.9965440000000001,97.01,2100.0,155.1,1.4,12775.28,0.7,-669.9,1.0,0.25,80.09
2013-02-12,0.9967969999999999,97.48,2078.25,155.1,1.4,12789.02,0.7,-669.9,1.0,0.25,80.11
2013-02-11,0.9967969999999999,97.01,2063.0,155.1,1.4,12748.15,0.7,-669.9,1.0,0.25,80.31
2013-02-08,1.0017,95.71,2080.25,155.1,1.4,12801.23,0.7,-669.9,1.0,0.25,80.21
2013-02-07,1.00352,95.84,2060.5,155.1,1.4,12755.92,0.7,-669.9,1.0,0.25,80.19
2013-02-06,1.0028700000000002,96.44,2058.65,155.1,1.4,12761.59,0.7,-669.9,1.0,0.25,79.72
2013-02-05,1.0022,96.68,2073.0,154.2,1.4,12745.65,0.7,-669.9,1.0,0.25,79.49
2013-02-04,1.0024,96.21,2073.75,154.2,1.4,12717.62,0.7,-669.9,1.0,0.25,79.55
2013-02-01,1.0007,97.56,2087.75,153.2,1.4,12768.83,0.7,-669.9,1.0,0.25,79.21
2013-01-31,0.998395,97.65,2054.25,152.5,1.0,12685.24,0.7,-432.1,1.0,0.25,79.21
2013-01-30,0.9968389999999999,97.98,2066.5,149.4,1.0,12794.44,0.7,-432.1,1.0,0.25,79.28
2013-01-29,0.9937819999999999,97.62,2022.25,148.4,1.0,12830.56,0.7,-432.1,1.0,0.25,79.56
2013-01-28,0.9931549999999999,95.94,2013.0,148.4,1.0,12815.91,0.7,-432.1,1.0,0.25,79.75
2013-01-25,0.996721,95.15,2011.0,148.6,1.0,12816.63,0.7,-432.1,1.0,0.25,79.75
2013-01-24,1.002,95.35,2041.0,148.6,1.0,12823.62,0.7,-432.1,1.0,0.25,79.95
2013-01-23,1.00668,95.06,2039.25,147.7,1.0,12794.05,0.7,-432.1,1.0,0.25,79.92
2013-01-22,1.00744,96.09,2038.5,145.9,1.0,12824.63,0.7,-432.1,1.0,0.25,79.87
2013-01-21,1.0089,95.61,2004.0,145.9,1.0,12794.25,0.7,-432.1,1.0,0.25,80.04
2013-01-18,1.01206,95.61,2006.5,145.1,1.0,12725.69,0.7,-432.1,1.0,0.25,80.04
2013-01-17,1.0143,95.49,2012.75,145.4,1.0,12674.73,0.7,-432.1,1.0,0.25,79.65
2013-01-16,1.01521,94.28,2007.25,145.4,1.0,12608.82,0.7,-432.1,1.0,0.25,79.8
2013-01-15,1.0161799999999999,93.26,2014.75,152.9,1.0,12641.97,0.7,-432.1,1.0,0.25,79.78
2013-01-14,1.0161799999999999,94.27,2015.25,154.6,1.0,12603.09,0.7,-432.1,1.0,0.25,79.49
2013-01-11,1.01558,93.6,2063.1,154.9,1.0,12602.18,0.7,-432.1,1.0,0.25,79.56
2013-01-10,1.01352,93.81,2080.0,158.2,1.0,12599.74,0.7,-432.1,1.0,0.25,79.74
2013-01-09,1.01335,93.08,2040.5,158.5,1.0,12522.24,0.7,-432.1,1.0,0.25,80.56
2013-01-08,1.0136,93.21,2031.25,158.5,1.0,12504.81,0.7,-432.1,1.0,0.25,80.34
2013-01-07,1.01271,93.2,2029.25,153.9,1.0,12499.55,0.7,-432.1,1.0,0.25,80.26
2013-01-04,1.01264,93.12,2027.25,153.3,1.0,12540.81,0.7,-432.1,1.0,0.25,80.5
2013-01-03,1.01358,92.97,2082.5,149.8,1.0,12470.44,0.7,-432.1,1.0,0.25,80.38
2013-01-02,1.0095,93.14,2127.25,144.9,1.0,12540.77,0.7,-432.1,1.0,0.25,79.84
2013-01-01,1.00506,91.83,2041.0,144.9,1.0,12433.53,0.7,-432.1,1.0,0.25,79.77
2012-12-31,1.0057,91.83,2041.0,144.9,1.1,12433.53,0.1,-404.0,1.0,0.25,79.77
2012-12-28,1.0057,90.66,2030.75,139.4,1.1,12316.12,0.1,-404.0,1.0,0.25,79.68
2012-12-27,1.00729,90.91,2046.0,139.4,1.1,12373.77,0.1,-404.0,1.0,0.25,79.62
2012-12-26,1.00835,90.71,2039.75,135.4,1.1,12370.8,0.1,-404.0,1.0,0.25,79.62
2012-12-25,1.00821,88.29,2039.75,135.4,1.1,12370.8,0.1,-404.0,1.0,0.25,79.64
2012-12-24,1.00791,88.29,2039.75,135.4,1.1,12370.8,0.1,-404.0,1.0,0.25,79.64
2012-12-21,1.0102,88.2,2048.25,135.4,1.1,12385.7,0.1,-404.0,1.0,0.25,79.62
2012-12-20,1.0123799999999998,89.75,2026.0,135.5,1.1,12388.71,0.1,-404.0,1.0,0.25,79.26
2012-12-19,1.0146700000000002,89.08,2048.25,135.5,1.1,12403.63,0.1,-404.0,1.0,0.25,79.27
2012-12-18,1.0154,87.45,2079.75,132.2,1.1,12334.34,0.1,-404.0,1.0,0.25,79.36
2012-12-17,1.01481,86.7,2149.75,132.2,1.1,12281.35,0.1,-404.0,1.0,0.25,79.57
2012-12-14,1.0157200000000002,86.31,2138.25,129.3,1.1,12296.72,0.1,-404.0,1.0,0.25,79.58
2012-12-13,1.01557,85.38,2132.75,126.4,1.1,12289.17,0.1,-404.0,1.0,0.25,79.93
2012-12-12,1.01421,86.34,2141.25,125.0,1.1,12353.09,0.1,-404.0,1.0,0.25,79.81
2012-12-11,1.01314,85.35,2110.0,124.9,1.1,12282.36,0.1,-404.0,1.0,0.25,80.06
2012-12-10,1.0113,85.13,2123.5,123.4,1.1,12230.47,0.1,-404.0,1.0,0.25,80.33
2012-12-07,1.00891,85.44,2086.75,121.0,1.1,12159.59,0.1,-404.0,1.0,0.25,80.41
2012-12-06,1.0082200000000001,85.46,2089.75,118.4,1.1,12151.13,0.1,-404.0,1.0,0.25,80.26
2012-12-05,1.00715,87.35,2106.25,117.9,1.1,12157.29,0.1,-404.0,1.0,0.25,79.77
2012-12-04,1.0062200000000001,88.03,2092.5,117.1,1.1,12137.18,0.1,-404.0,1.0,0.25,79.64
2012-12-03,1.0068700000000002,88.68,2118.0,115.3,1.1,12169.74,0.1,-404.0,1.0,0.25,79.88
2012-11-30,1.00734,88.53,2094.0,115.6,1.2,12239.36,0.1,-1673.2,1.0,0.25,80.15
2012-11-29,1.00719,87.63,2065.25,116.9,1.2,12202.85,0.1,-1673.2,1.0,0.25,80.2
2012-11-28,1.00644,86.09,1992.0,117.9,1.2,12140.33,0.1,-1673.2,1.0,0.25,80.34
2012-11-27,1.00701,86.8,2000.5,117.9,1.2,12111.63,0.1,-1673.2,1.0,0.25,80.4
2012-11-26,1.00567,87.27,1986.5,118.2,1.2,12185.05,0.1,-1673.2,1.0,0.25,80.25
2012-11-23,1.0037200000000002,87.08,1969.5,118.9,1.2,12213.24,0.1,-1673.2,1.0,0.25,80.19
2012-11-22,1.00315,87.08,1925.75,118.7,1.2,12153.1,0.1,-1673.2,1.0,0.25,80.93
2012-11-21,1.00288,87.08,1910.75,120.6,1.2,12100.06,0.1,-1673.2,1.0,0.25,80.93
2012-11-20,1.00237,86.46,1946.5,120.6,1.2,12046.28,0.1,-1673.2,1.0,0.25,80.96
2012-11-19,1.00017,89.05,1955.0,122.8,1.2,12040.4,0.1,-1673.2,1.0,0.25,80.87
2012-11-16,0.99828,86.62,1930.25,122.8,1.2,11877.72,0.1,-1673.2,1.0,0.25,81.26
2012-11-15,0.997891,85.45,1943.0,122.8,1.2,11811.38,0.1,-1673.2,1.0,0.25,81.08
2012-11-14,0.998648,86.32,1948.75,122.4,1.2,11929.79,0.1,-1673.2,1.0,0.25,81.06
2012-11-13,0.9996010000000001,85.38,1967.25,122.3,1.2,12134.66,0.1,-1673.2,1.0,0.25,81.08
2012-11-12,1.00025,85.56,1951.0,122.1,1.2,12191.46,0.1,-1673.2,1.0,0.25,81.03
2012-11-09,1.00095,86.08,1901.5,122.1,1.2,12196.8,0.1,-1673.2,1.0,0.25,81.03
2012-11-08,1.0047,85.07,1902.0,121.4,1.2,12191.05,0.1,-1673.2,1.0,0.25,80.79
2012-11-07,1.0067700000000002,84.5,1897.0,121.6,1.2,12230.59,0.1,-1673.2,1.0,0.25,80.76
2012-11-06,1.0048700000000002,88.62,1892.0,121.1,1.2,12361.2,0.1,-1673.2,1.0,0.25,80.61
2012-11-05,1.00396,85.64,1878.75,120.5,1.2,12352.78,0.1,-1673.2,1.0,0.25,80.75
2012-11-02,1.00264,84.9,1899.5,120.1,1.2,12380.41,0.1,-1673.2,1.0,0.25,80.59
2012-11-01,1.0002799999999998,87.05,1917.5,120.3,1.2,12499.76,0.1,-1673.2,1.0,0.25,80.05
2012-10-31,1.0002799999999998,86.23,1877.5,119.3,1.3,12422.91,0.1,-379.2,1.0,0.25,79.92
2012-10-30,0.999898,85.65,1882.25,119.8,1.3,12377.05,0.1,-379.2,1.0,0.25,79.93
2012-10-29,1.00177,85.52,1869.25,120.0,1.3,12312.75,0.1,-379.2,1.0,0.25,80.23
2012-10-26,1.00496,85.84,1895.75,119.6,1.3,12300.3,0.1,-379.2,1.0,0.25,80.07
2012-10-25,1.00729,85.59,1911.25,120.0,1.3,12300.23,0.1,-379.2,1.0,0.25,80.04
2012-10-24,1.00749,85.39,1912.0,118.7,1.3,12195.02,0.1,-379.2,1.0,0.25,79.91
2012-10-23,1.00655,86.65,1923.25,117.5,1.3,12225.84,0.1,-379.2,1.0,0.25,79.98
2012-10-22,1.00844,88.3,1933.75,117.5,1.3,12403.54,0.1,-379.2,1.0,0.25,79.65
2012-10-19,1.01514,90.0,1946.25,115.3,1.3,12415.98,0.1,-379.2,1.0,0.25,79.62
2012-10-18,1.01901,92.0,1991.5,115.5,1.3,12466.12,0.1,-379.2,1.0,0.25,79.37
2012-10-17,1.01655,91.97,1959.75,115.4,1.3,12461.25,0.1,-379.2,1.0,0.25,79.02
2012-10-16,1.0185899999999999,92.07,1929.75,112.6,1.3,12407.7,0.1,-379.2,1.0,0.25,79.4
2012-10-15,1.02136,91.84,1935.25,113.0,1.3,12229.96,0.1,-379.2,1.0,0.25,79.74
2012-10-12,1.02128,91.83,1968.5,114.5,1.3,12202.04,0.1,-379.2,1.0,0.25,79.67
2012-10-11,1.02075,92.19,1992.25,115.8,1.3,12233.95,0.1,-379.2,1.0,0.25,79.77
2012-10-10,1.02243,91.24,1980.25,117.7,1.3,12212.42,0.1,-379.2,1.0,0.25,79.92
2012-10-09,1.02352,92.42,2025.0,117.2,1.3,12273.57,0.1,-379.2,1.0,0.25,79.95
2012-10-08,1.02219,89.43,2052.75,110.4,1.3,12418.99,0.1,-379.2,1.0,0.25,79.54
2012-10-05,1.01905,89.87,2085.0,104.2,1.3,12418.99,0.1,-379.2,1.0,0.25,79.34
2012-10-04,1.0149,91.69,2087.5,104.2,1.3,12447.68,0.1,-379.2,1.0,0.25,79.35
2012-10-03,1.01557,88.19,2074.0,104.2,1.3,12359.47,0.1,-379.2,1.0,0.25,79.96
2012-10-02,1.01756,91.88,2078.75,104.2,1.3,12391.23,0.1,-379.2,1.0,0.25,79.74
2012-10-01,1.01793,92.44,2097.5,104.2,1.3,12370.19,0.1,-379.2,1.0,0.25,79.82
2012-09-28,1.01865,92.18,2084.75,104.2,1.3,12317.46,0.1,-379.2,1.0,0.25,79.93
2012-09-27,1.01758,91.89,2079.5,104.2,1.3,12338.85,0.1,-379.2,1.0,0.25,79.55
2012-09-26,1.01936,89.92,2042.75,104.2,1.3,12232.86,0.1,-379.2,1.0,0.25,79.88
2012-09-25,1.02142,91.06,2078.5,103.7,1.3,12257.18,0.1,-379.2,1.0,0.25,79.55
2012-09-24,1.0228,91.67,2057.5,103.7,1.3,12313.54,0.1,-379.2,1.0,0.25,79.52
2012-09-21,1.02444,92.63,2107.5,106.4,1.3,12383.6,0.1,-379.2,1.0,0.25,79.33
2012-09-20,1.02431,92.14,2098.25,109.1,1.3,12409.25,0.1,-379.2,1.0,0.25,79.41
2012-09-19,1.02616,91.97,2126.5,109.5,1.3,12436.16,0.1,-379.2,1.0,0.25,79.05
2012-09-18,1.02704,95.27,2161.75,109.6,1.3,12422.71,0.1,-379.2,1.0,0.25,79.25
2012-09-17,1.0306899999999999,96.51,2167.0,105.1,1.3,12446.86,0.1,-379.2,1.0,0.25,79.01
2012-09-14,1.03044,98.94,2200.0,101.6,1.3,12499.47,0.1,-379.2,1.0,0.25,78.85
2012-09-13,1.0262200000000001,98.3,2101.25,96.1,1.3,12360.16,0.1,-379.2,1.0,0.25,79.26
2012-09-12,1.02659,97.02,2082.0,98.1,1.3,12232.62,0.1,-379.2,1.0,0.25,79.74
2012-09-11,1.0249,97.03,2073.15,100.2,1.3,12220.45,0.1,-379.2,1.0,0.25,79.86
2012-09-10,1.02176,96.52,2049.5,95.0,1.3,12215.43,0.1,-379.2,1.0,0.25,80.25
2012-09-07,1.0170299999999999,96.41,2010.0,89.0,1.3,12268.01,0.1,-379.2,1.0,0.25,80.25
2012-09-06,1.01227,95.58,1966.5,87.0,1.3,12139.73,0.1,-379.2,1.0,0.25,81.04
2012-09-05,1.0129,95.37,1962.0,86.7,1.3,11990.14,0.1,-379.2,1.0,0.25,81.23
2012-09-04,1.01432,95.34,1926.0,86.9,1.3,11941.7,0.1,-379.2,1.0,0.25,81.31
2012-09-03,1.01254,97.04,1908.0,89.1,1.3,11949.26,0.1,-379.2,1.0,0.25,81.21
2012-08-31,1.0097399999999999,96.47,1883.75,89.4,1.6,11949.26,0.1,-1076.3,1.0,0.25,81.21
2012-08-30,1.01017,94.61,1856.25,88.7,1.6,11886.65,0.1,-1076.3,1.0,0.25,81.69
2012-08-29,1.0115100000000001,95.5,1870.25,90.3,1.6,12009.79,0.1,-1076.3,1.0,0.25,81.55
2012-08-28,1.01043,96.3,1890.75,94.8,1.6,12009.9,0.1,-1076.3,1.0,0.25,81.37
2012-08-27,1.00852,95.54,1890.45,99.4,1.6,12048.82,0.1,-1076.3,1.0,0.25,81.66
2012-08-24,1.0076399999999999,95.77,1890.45,99.4,1.6,12082.23,0.1,-1076.3,1.0,0.25,81.59
2012-08-23,1.00892,95.87,1877.25,99.6,1.6,12062.51,0.1,-1076.3,1.0,0.25,81.36
2012-08-22,1.0102799999999998,96.55,1844.75,106.4,1.6,12118.99,0.1,-1076.3,1.0,0.25,81.49
2012-08-21,1.01243,96.55,1832.5,106.4,1.6,12116.92,0.1,-1076.3,1.0,0.25,81.91
2012-08-20,1.0118,96.03,1800.0,109.3,1.6,12076.03,0.1,-1076.3,1.0,0.25,82.46
2012-08-17,1.0120799999999999,96.0,1821.25,110.2,1.6,12089.89,0.1,-1076.3,1.0,0.25,82.6
2012-08-16,1.01057,95.66,1804.0,111.9,1.6,12032.58,0.1,-1076.3,1.0,0.25,82.36
2012-08-15,1.00834,94.35,1796.0,113.1,1.6,11905.44,0.1,-1076.3,1.0,0.25,82.64
2012-08-14,1.00796,93.4,1815.5,113.3,1.6,11853.61,0.1,-1076.3,1.0,0.25,82.48
2012-08-13,1.0078799999999999,92.76,1816.0,112.9,1.6,11838.33,0.1,-1076.3,1.0,0.25,82.43
2012-08-10,1.00708,92.94,1841.25,113.8,1.6,11890.89,0.1,-1076.3,1.0,0.25,82.55
2012-08-09,1.00537,93.39,1861.5,114.8,1.6,11858.13,0.1,-1076.3,1.0,0.25,82.64
2012-08-08,1.00264,93.39,1877.75,114.9,1.6,11781.04,0.1,-1076.3,1.0,0.25,82.39
2012-08-07,1.00052,93.68,1873.5,116.2,1.6,11863.5,0.1,-1076.3,1.0,0.25,82.21
2012-08-06,0.9984860000000001,92.3,1843.75,116.6,1.6,11662.59,0.1,-1076.3,1.0,0.25,82.27
2012-08-03,0.996024,91.4,1825.5,116.7,1.6,11662.59,0.1,-1076.3,1.0,0.25,82.38
2012-08-02,0.995941,87.22,1804.0,117.1,1.6,11506.5,0.1,-1076.3,1.0,0.25,83.36
2012-08-01,0.9978549999999999,88.99,1827.25,117.4,1.6,11618.53,0.1,-1076.3,1.0,0.25,83.06
2012-07-31,0.997506,88.08,1853.25,117.0,1.7,11664.71,0.1,-3042.1,1.0,0.25,82.63
2012-07-30,0.9946959999999999,89.8,1864.5,115.2,1.7,11757.88,0.1,-3042.1,1.0,0.25,82.79
2012-07-27,0.990409,90.13,1862.0,116.2,1.7,11766.36,0.1,-3042.1,1.0,0.25,82.71
2012-07-26,0.985022,89.4,1846.0,117.3,1.7,11639.75,0.1,-3042.1,1.0,0.25,82.81
2012-07-25,0.980974,88.79,1839.5,118.6,1.7,11492.51,0.1,-3042.1,1.0,0.25,83.52
2012-07-24,0.9821049999999999,88.27,1838.25,122.9,1.7,11466.95,0.1,-3042.1,1.0,0.25,84.0
2012-07-23,0.9865709999999999,87.76,1851.75,123.6,1.7,11545.54,0.1,-3042.1,1.0,0.25,83.71
2012-07-20,0.990857,91.56,1872.75,125.0,1.7,11622.91,0.1,-3042.1,1.0,0.25,83.48
2012-07-19,0.9899629999999999,92.78,1925.0,125.6,1.7,11665.7,0.1,-3042.1,1.0,0.25,82.88
2012-07-18,0.987157,89.88,1882.5,128.3,1.7,11579.15,0.1,-3042.1,1.0,0.25,83.07
2012-07-17,0.9857309999999999,89.07,1876.75,129.4,1.7,11571.19,0.1,-3042.1,1.0,0.25,83.03
2012-07-16,0.9845229999999999,88.41,1885.75,130.1,1.7,11521.18,0.1,-3042.1,1.0,0.25,83.1
2012-07-13,0.981856,87.15,1877.5,132.8,1.7,11514.53,0.1,-3042.1,1.0,0.25,83.35
2012-07-12,0.9795450000000001,86.02,1849.5,133.7,1.7,11425.47,0.1,-3042.1,1.0,0.25,83.66
2012-07-11,0.980079,85.88,1867.0,134.0,1.7,11544.64,0.1,-3042.1,1.0,0.25,83.57
2012-07-10,0.9805360000000001,83.92,1878.5,135.5,1.7,11512.22,0.1,-3042.1,1.0,0.25,83.4
2012-07-09,0.981769,85.93,1891.75,135.5,1.7,11634.67,0.1,-3042.1,1.0,0.25,83.16
2012-07-06,0.985136,84.37,1863.25,135.1,1.7,11659.96,0.1,-3042.1,1.0,0.25,83.38
2012-07-05,0.987072,87.11,1909.75,134.8,1.7,11817.03,0.1,-3042.1,1.0,0.25,82.81
2012-07-04,0.986525,87.74,1921.5,135.1,1.7,11913.87,0.1,-3042.1,1.0,0.25,81.78
2012-07-03,0.9842799999999999,87.74,1947.75,135.4,1.7,11848.75,0.1,-3042.1,1.0,0.25,81.78
2012-07-02,0.9798129999999999,83.72,1873.0,133.5,1.7,11596.56,0.1,-3042.1,1.0,0.25,81.87
2012-06-29,0.9746239999999999,85.04,1875.75,134.0,1.7,11596.56,0.1,-3042.1,1.0,0.25,81.63
2012-06-28,0.9738899999999999,77.72,1808.25,134.9,1.7,11424.7,0.1,-3042.1,1.0,0.25,82.81
2012-06-27,0.974826,80.27,1832.75,135.4,1.7,11410.94,0.1,-3042.1,1.0,0.25,82.62
2012-06-26,0.97331,79.34,1806.5,135.4,1.7,11334.42,0.1,-3042.1,1.0,0.25,82.37
2012-06-25,0.972988,78.75,1826.5,137.1,1.7,11330.39,0.1,-3042.1,1.0,0.25,82.5
2012-06-22,0.975042,79.33,1824.75,137.4,1.7,11435.54,0.1,-3042.1,1.0,0.25,82.26
2012-06-21,0.979517,77.91,1830.75,137.4,1.7,11408.32,0.1,-3042.1,1.0,0.25,82.29
2012-06-20,0.9809190000000001,81.06,1865.0,136.8,1.7,11759.34,0.1,-3042.1,1.0,0.25,81.58
2012-06-19,0.9787100000000001,83.99,1886.0,136.6,1.7,11788.36,0.1,-3042.1,1.0,0.25,81.38
2012-06-18,0.977355,83.26,1890.0,136.0,1.7,11601.13,0.1,-3042.1,1.0,0.25,81.95
2012-06-15,0.9758979999999999,84.03,1895.0,135.0,1.7,11524.9,0.1,-3042.1,1.0,0.25,81.63
2012-06-14,0.9738629999999999,83.91,1916.25,134.7,1.7,11466.42,0.1,-3042.1,1.0,0.25,81.99
2012-06-13,0.9729690000000001,82.56,1925.75,133.7,1.7,11497.87,0.1,-3042.1,1.0,0.25,82.06
2012-06-12,0.973225,83.35,1929.75,133.1,1.7,11497.3,0.1,-3042.1,1.0,0.25,82.42
2012-06-11,0.973851,82.58,1934.5,132.3,1.7,11401.78,0.1,-3042.1,1.0,0.25,82.51
2012-06-08,0.971557,84.1,1948.0,131.4,1.7,11500.63,0.1,-3042.1,1.0,0.25,82.51
2012-06-07,0.971886,84.78,1955.5,130.6,1.7,11592.12,0.1,-3042.1,1.0,0.25,82.05
2012-06-06,0.9660059999999999,85.05,1939.25,131.0,1.7,11633.4,0.1,-3042.1,1.0,0.25,82.32
2012-06-05,0.9617129999999999,84.31,1934.5,135.0,1.7,11507.71,0.1,-3042.1,1.0,0.25,82.82
2012-06-04,0.961623,83.95,1934.5,135.0,1.7,11335.77,0.1,-3042.1,1.0,0.25,82.56
2012-06-01,0.9666950000000001,83.17,1934.5,135.0,1.7,11361.2,0.1,-3042.1,1.0,0.25,82.89
2012-05-31,0.9720190000000001,86.52,1955.5,134.8,1.8,11513.21,0.1,-1386.6,1.0,0.25,83.04
2012-05-30,0.975044,87.79,1967.75,134.8,1.8,11433.22,0.1,-1386.6,1.0,0.25,83.02
2012-05-29,0.9763809999999999,90.75,1978.25,132.5,1.8,11609.3,0.1,-1386.6,1.0,0.25,82.48
2012-05-28,0.974909,90.63,1984.0,130.7,1.8,11566.15,0.1,-1386.6,1.0,0.25,82.4
2012-05-25,0.9738399999999999,90.63,1976.25,130.5,1.8,11576.47,0.1,-1386.6,1.0,0.25,82.4
2012-05-24,0.9756309999999999,90.35,1977.25,130.3,1.8,11566.07,0.1,-1386.6,1.0,0.25,82.35
2012-05-23,0.9791290000000001,89.4,1969.25,129.9,1.8,11564.8,0.1,-1386.6,1.0,0.25,82.09
2012-05-22,0.981591,91.44,1989.0,131.1,1.8,11451.78,0.1,-1386.6,1.0,0.25,81.49
2012-05-21,0.980419,92.57,2005.25,130.9,1.8,11280.64,0.1,-1386.6,1.0,0.25,81.08
2012-05-18,0.98295,91.51,2028.25,131.3,1.8,11280.64,0.1,-1386.6,1.0,0.25,81.29
2012-05-17,0.987944,92.53,2014.25,133.6,1.8,11330.68,0.1,-1386.6,1.0,0.25,81.38
2012-05-16,0.99336,92.78,1993.5,135.1,1.8,11326.08,0.1,-1386.6,1.0,0.25,81.37
2012-05-15,0.9976290000000001,93.97,1983.25,135.9,1.8,11343.05,0.1,-1386.6,1.0,0.25,81.22
2012-05-14,0.9980379999999999,94.75,1983.0,136.7,1.8,11488.53,0.1,-1386.6,1.0,0.25,80.61
2012-05-11,0.998375,96.03,2004.5,137.6,1.8,11694.67,0.1,-1386.6,1.0,0.25,80.26
2012-05-10,0.998617,97.1,2004.75,139.3,1.8,11736.17,0.1,-1386.6,1.0,0.25,80.11
2012-05-09,1.0003799999999998,96.8,2008.0,141.3,1.8,11675.01,0.1,-1386.6,1.0,0.25,80.08
2012-05-08,1.00395,97.13,2016.25,142.7,1.8,11704.74,0.1,-1386.6,1.0,0.25,79.74
2012-05-07,1.00613,97.86,2028.0,144.1,1.8,11860.66,0.1,-1386.6,1.0,0.25,79.6
2012-05-04,1.0114100000000001,98.49,2028.0,144.1,1.8,11871.23,0.1,-1386.6,1.0,0.25,79.5
2012-05-03,1.01381,102.56,2050.75,144.9,1.8,12014.9,0.1,-1386.6,1.0,0.25,79.22
2012-05-02,1.01342,105.25,2056.25,144.6,1.8,12230.12,0.1,-1386.6,1.0,0.25,79.13
2012-05-01,1.01462,106.17,2082.25,145.4,1.8,12332.79,0.1,-1386.6,1.0,0.25,78.86
2012-04-30,1.01678,104.89,2078.75,145.4,2.1,12292.69,0.1,-740.9,1.0,0.25,78.78
2012-04-27,1.01685,104.86,2069.5,145.4,2.1,12237.75,0.1,-740.9,1.0,0.25,78.71
2012-04-26,1.01607,104.56,2046.5,143.8,2.1,12145.85,0.1,-740.9,1.0,0.25,78.92
2012-04-25,1.0125600000000001,103.72,2029.25,146.7,2.1,12111.06,0.1,-740.9,1.0,0.25,79.01
2012-04-24,1.0085,103.1,2040.5,146.7,2.1,11980.1,0.1,-740.9,1.0,0.25,79.22
2012-04-23,1.00604,102.68,2017.75,148.1,2.1,11988.95,0.1,-740.9,1.0,0.25,79.42
2012-04-20,1.00731,103.58,2042.0,148.4,2.1,12147.28,0.1,-740.9,1.0,0.25,79.19
2012-04-19,1.00906,102.38,2034.5,148.5,2.1,12153.69,0.1,-740.9,1.0,0.25,79.56
2012-04-18,1.0078799999999999,102.65,2018.75,148.5,2.1,12128.89,0.1,-740.9,1.0,0.25,79.54
2012-04-17,1.00282,104.23,2036.75,149.2,2.1,12136.94,0.1,-740.9,1.0,0.25,79.48
2012-04-16,1.00168,102.92,2025.0,149.3,2.1,12037.59,0.1,-740.9,1.0,0.25,79.55
2012-04-13,1.0028299999999999,102.84,2030.5,149.4,2.1,12040.39,0.1,-740.9,1.0,0.25,79.89
2012-04-12,0.9990180000000001,103.69,2065.25,148.8,2.1,12214.65,0.1,-740.9,1.0,0.25,79.28
2012-04-11,0.998466,102.66,2060.75,148.7,2.1,12026.76,0.1,-740.9,1.0,0.25,79.79
2012-04-10,1.0016,101.12,2027.0,148.0,2.1,11935.29,0.1,-740.9,1.0,0.25,79.89
2012-04-09,1.00381,102.45,2072.25,147.6,2.1,12018.5,0.1,-740.9,1.0,0.25,79.73
2012-04-06,1.00525,103.29,2072.25,147.6,2.1,12103.11,0.1,-740.9,1.0,0.25,79.89
2012-04-05,1.00516,103.29,2072.25,147.6,2.1,12103.11,0.1,-740.9,1.0,0.25,80.08
2012-04-04,1.0075,101.53,2053.35,147.6,2.1,12178.66,0.1,-740.9,1.0,0.25,79.78
2012-04-03,1.00777,104.02,2083.75,147.6,2.1,12323.61,0.1,-740.9,1.0,0.25,79.48
2012-04-02,1.004,105.25,2089.5,147.6,2.1,12507.06,0.1,-740.9,1.0,0.25,78.82
2012-03-30,1.00222,103.03,2087.0,147.6,2.1,12392.18,0.1,-740.9,1.0,0.25,79.0
2012-03-29,1.00207,102.79,2094.0,147.7,2.1,12339.36,0.1,-740.9,1.0,0.25,79.19
2012-03-28,1.00501,105.4,2127.25,147.7,2.1,12413.86,0.1,-740.9,1.0,0.25,79.13
2012-03-27,1.0064799999999998,107.32,2155.0,147.1,2.1,12512.04,0.1,-740.9,1.0,0.25,79.05
2012-03-26,1.00273,107.07,2145.25,145.5,2.1,12574.79,0.1,-740.9,1.0,0.25,78.98
2012-03-23,1.00179,106.43,2135.0,145.2,2.1,12465.66,0.1,-740.9,1.0,0.25,79.34
2012-03-22,1.00634,104.98,2128.5,145.2,2.1,12361.81,0.1,-740.9,1.0,0.25,79.74
2012-03-21,1.00968,106.87,2168.75,144.9,2.1,12436.49,0.1,-740.9,1.0,0.25,79.66
2012-03-20,1.00989,105.68,2204.25,144.8,2.1,12430.7,0.1,-740.9,1.0,0.25,79.59
2012-03-19,1.00898,108.09,2234.5,144.7,2.1,12479.7,0.1,-740.9,1.0,0.25,79.79
2012-03-16,1.0076399999999999,107.03,2219.0,144.7,2.1,12496.96,0.1,-740.9,1.0,0.25,79.79
2012-03-15,1.00809,105.19,2208.75,145.0,2.1,12455.82,0.1,-740.9,1.0,0.25,80.15
2012-03-14,1.0094299999999998,105.49,2185.25,144.3,2.1,12377.9,0.1,-740.9,1.0,0.25,80.56
2012-03-13,1.00875,106.7,2215.0,144.1,2.1,12537.69,0.1,-740.9,1.0,0.25,80.19
2012-03-12,1.00861,106.34,2185.25,143.3,2.1,12428.01,0.1,-740.9,1.0,0.25,79.89
2012-03-09,1.0080200000000001,107.4,2197.5,142.6,2.1,12503.62,0.1,-740.9,1.0,0.25,80.04
2012-03-08,1.0030299999999999,106.65,2162.25,142.6,2.1,12461.93,0.1,-740.9,1.0,0.25,79.14
2012-03-07,1.00058,106.16,2165.25,143.0,2.1,12350.16,0.1,-740.9,1.0,0.25,79.71
2012-03-06,1.00437,104.71,2192.0,143.0,2.1,12298.63,0.1,-740.9,1.0,0.25,79.87
2012-03-05,1.01006,106.7,2243.75,143.2,2.1,12523.95,0.1,-740.9,1.0,0.25,79.3
2012-03-02,1.01302,106.68,2285.75,143.2,2.1,12643.82,0.1,-740.9,1.0,0.25,79.4
2012-03-01,1.01126,108.76,2312.25,143.2,2.1,12723.46,0.1,-740.9,1.0,0.25,78.79
2012-02-29,1.0069,107.08,2285.5,143.0,2.3,12644.01,0.1,-1.0,1.0,0.25,78.74
2012-02-28,1.00189,106.59,2283.0,143.0,2.3,12740.47,0.1,-1.0,1.0,0.25,78.27
2012-02-27,1.00014,108.49,2289.25,140.5,2.3,12700.38,0.1,-1.0,1.0,0.25,78.57
2012-02-24,1.00179,109.39,2287.0,139.0,2.3,12725.77,0.1,-1.0,1.0,0.25,78.35
2012-02-23,1.00158,107.44,2231.75,138.7,2.3,12731.28,0.1,-1.0,1.0,0.25,78.82
2012-02-22,1.0030299999999999,105.99,2237.75,135.9,2.3,12701.26,0.1,-1.0,1.0,0.25,79.21
2012-02-21,1.00578,105.88,2211.75,135.4,2.3,12623.36,0.1,-1.0,1.0,0.25,79.04
2012-02-20,1.00615,103.27,2135.25,135.1,2.3,12458.3,0.1,-1.0,1.0,0.25,79.33
2012-02-17,1.0021799999999998,103.27,2121.5,134.3,2.3,12458.3,0.1,-1.0,1.0,0.25,79.33
2012-02-16,1.0005,102.33,2118.0,136.8,2.3,12485.59,0.1,-1.0,1.0,0.25,79.35
2012-02-15,1.00169,101.82,2156.75,137.4,2.3,12362.03,0.1,-1.0,1.0,0.25,79.67
2012-02-14,0.999898,100.82,2173.75,139.6,2.3,12354.47,0.1,-1.0,1.0,0.25,79.58
2012-02-13,1.00086,100.39,2169.5,142.2,2.3,12398.69,0.1,-1.0,1.0,0.25,78.95
2012-02-10,1.00251,98.68,2206.25,142.7,2.3,12389.42,0.1,-1.0,1.0,0.25,79.11
2012-02-09,1.00461,99.88,2251.5,142.8,2.3,12497.94,0.1,-1.0,1.0,0.25,78.57
2012-02-08,1.00441,98.87,2214.0,143.2,2.3,12521.02,0.1,-1.0,1.0,0.25,78.64
2012-02-07,1.00391,98.55,2215.0,144.7,2.3,12512.42,0.1,-1.0,1.0,0.25,78.58
2012-02-06,1.00329,96.89,2182.25,144.8,2.3,12559.85,0.1,-1.0,1.0,0.25,79.07
2012-02-03,1.00169,97.8,2209.25,143.3,2.3,12577.28,0.1,-1.0,1.0,0.25,78.92
2012-02-02,1.0006899999999999,96.36,2158.75,143.1,2.3,12553.48,0.1,-1.0,1.0,0.25,78.99
2012-02-01,0.99926,97.63,2228.5,142.8,2.3,12517.66,0.1,-1.0,1.0,0.25,78.92
2012-01-31,0.9979790000000001,98.46,2201.5,142.4,2.1,12452.15,0.1,-34.6,1.0,0.25,79.29
