Date,JPY/USD,Crude Oil Price,Aluminum Price,Iron Ore Price,Japan Inflation Rate,GDP Growth Rate,Balance of Trade,Interest Rate,US Fed Funds Rate,USDX
2015-12-31,0.00826079,37.04,1501.0,42.9,0.1,-0.3,140.2,0.0,0.5,98.693
2015-12-30,0.00826079,36.6,1534.0,42.5,0.1,-0.3,140.2,0.0,0.5,98.26299999999999
2015-12-29,0.00826079,37.87,1525.0,41.4,0.1,-0.3,140.2,0.0,0.5,98.16799999999999
2015-12-28,0.00826079,36.81,1532.0,40.5,0.1,-0.3,140.2,0.0,0.5,97.946
2015-12-24,0.00826079,38.1,1540.5,40.2,0.1,-0.3,140.2,0.0,0.5,97.984
2015-12-23,0.00826079,37.5,1543.0,40.2,0.1,-0.3,140.2,0.0,0.5,98.31700000000001
2015-12-22,0.00826079,36.14,1506.5,40.2,0.1,-0.3,140.2,0.0,0.5,98.21700000000001
2015-12-21,0.00823925,34.74,1515.0,39.4,0.1,-0.3,140.2,0.0,0.5,98.47
2015-12-18,0.00823925,34.73,1506.0,39.3,0.1,-0.3,140.2,0.0,0.5,98.70299999999999
2015-12-17,0.00823925,34.95,1476.0,38.5,0.1,-0.3,140.2,0.0,0.5,99.27
2015-12-16,0.00823925,35.52,1486.0,38.2,0.1,-0.3,140.2,0.0,0.5,97.87100000000001
2015-12-15,0.00826079,37.35,1471.0,37.5,0.1,-0.3,140.2,0.0,0.25,98.21700000000001
2015-12-14,0.00826079,36.31,1491.5,37.5,0.1,-0.3,140.2,0.0,0.25,97.604
2015-12-11,0.00816075,35.62,1482.0,37.0,0.1,-0.3,140.2,0.0,0.25,97.565
2015-12-10,0.00816075,36.76,1491.0,37.5,0.1,-0.3,140.2,0.0,0.25,97.939
2015-12-09,0.00816075,37.16,1490.0,38.3,0.1,-0.3,140.2,0.0,0.25,97.345
2015-12-08,0.00813692,37.51,1477.0,38.8,0.1,-0.3,140.2,0.0,0.25,98.47399999999999
2015-12-07,0.00813692,37.65,1485.0,38.9,0.1,-0.3,140.2,0.0,0.25,98.655
2015-12-04,0.00813692,39.97,1514.5,39.4,0.1,-0.3,140.2,0.0,0.25,98.354
2015-12-03,0.00813692,41.08,1473.0,40.3,0.1,-0.3,140.2,0.0,0.25,97.62100000000001
2015-12-02,0.00813692,39.94,1485.5,40.6,0.1,-0.3,140.2,0.0,0.25,99.993
2015-12-01,0.00813692,41.85,1469.0,41.6,0.1,-0.3,140.2,0.0,0.25,99.795
2015-11-30,0.00813692,41.65,1446.0,42.8,0.1,-0.3,-379.72,0.0,0.25,100.17
2015-11-27,0.00816075,41.71,1457.5,43.5,0.1,-0.3,-379.72,0.0,0.25,100.02
2015-11-26,0.00816075,42.46,1501.0,43.6,0.1,-0.3,-379.72,0.0,0.25,99.795
2015-11-25,0.00816075,43.04,1460.0,43.4,0.1,-0.3,-379.72,0.0,0.25,99.795
2015-11-24,0.00816075,42.87,1446.0,43.4,0.1,-0.3,-379.72,0.0,0.25,99.527
2015-11-23,0.00813692,41.75,1435.5,44.2,0.1,-0.3,-379.72,0.0,0.25,99.803
2015-11-20,0.00813692,40.39,1447.0,45.0,0.1,-0.3,-379.72,0.0,0.25,99.565
2015-11-19,0.00813692,40.54,1466.0,45.1,0.1,-0.3,-379.72,0.0,0.25,98.98899999999999
2015-11-18,0.00813692,40.75,1472.0,45.8,0.1,-0.3,-379.72,0.0,0.25,99.652
2015-11-17,0.00813692,40.67,1474.0,45.8,0.1,-0.3,-379.72,0.0,0.25,99.631
2015-11-16,0.00813692,41.74,1467.0,47.3,0.1,-0.3,-379.72,0.0,0.25,99.44200000000001
2015-11-13,0.00816075,40.74,1491.0,47.4,0.1,-0.3,-379.72,0.0,0.25,98.99799999999999
2015-11-12,0.00813692,41.75,1492.0,47.8,0.1,-0.3,-379.72,0.0,0.25,98.649
2015-11-11,0.00813692,42.93,1518.0,47.7,0.1,-0.3,-379.72,0.0,0.25,99.01299999999999
2015-11-10,0.00813692,44.21,1508.0,47.7,0.1,-0.3,-379.72,0.0,0.25,99.29299999999999
2015-11-09,0.00813692,43.87,1512.0,47.7,0.1,-0.3,-379.72,0.0,0.25,98.979
2015-11-06,0.00823925,44.29,1523.0,47.4,0.1,-0.3,-379.72,0.0,0.25,99.16799999999999
2015-11-05,0.00823925,45.2,1507.0,47.7,0.1,-0.3,-379.72,0.0,0.25,97.936
2015-11-04,0.00823925,46.32,1504.0,48.3,0.1,-0.3,-379.72,0.0,0.25,97.95
2015-11-03,0.00833921,47.9,1501.0,48.7,0.1,-0.3,-379.72,0.0,0.25,97.15799999999999
2015-11-02,0.00833921,46.14,1493.0,49.1,0.1,-0.3,-379.72,0.0,0.25,96.928
2015-10-30,0.00833921,46.59,1478.5,49.5,-0.1,-0.3,111.46600000000001,0.0,0.25,96.946
2015-10-29,0.00833921,46.06,1470.0,49.0,-0.1,-0.3,111.46600000000001,0.0,0.25,97.28200000000001
2015-10-28,0.00833921,45.94,1483.0,49.5,-0.1,-0.3,111.46600000000001,0.0,0.25,97.78200000000001
2015-10-27,0.00833921,43.2,1476.0,50.8,-0.1,-0.3,111.46600000000001,0.0,0.25,96.906
2015-10-26,0.00833921,43.98,1479.0,50.8,-0.1,-0.3,111.46600000000001,0.0,0.25,96.861
2015-10-23,0.00833921,44.6,1496.0,50.9,-0.1,-0.3,111.46600000000001,0.0,0.25,97.12700000000001
2015-10-22,0.00833921,45.38,1490.0,51.4,-0.1,-0.3,111.46600000000001,0.0,0.25,96.37799999999999
2015-10-21,0.00833921,45.2,1515.0,51.9,-0.1,-0.3,111.46600000000001,0.0,0.25,95.035
2015-10-20,0.00836196,45.55,1545.0,52.1,-0.1,-0.3,111.46600000000001,0.0,0.25,94.913
2015-10-19,0.00836196,45.89,1549.5,52.5,-0.1,-0.3,111.46600000000001,0.0,0.25,94.928
2015-10-16,0.00836196,47.26,1572.5,52.6,-0.1,-0.3,111.46600000000001,0.0,0.25,94.54
2015-10-15,0.00836196,46.38,1574.0,53.2,-0.1,-0.3,111.46600000000001,0.0,0.25,94.37100000000001
2015-10-14,0.00836196,46.64,1593.0,54.3,-0.1,-0.3,111.46600000000001,0.0,0.25,93.931
2015-10-13,0.00833921,46.66,1594.0,54.9,-0.1,-0.3,111.46600000000001,0.0,0.25,94.759
2015-10-12,0.00833921,47.1,1594.0,55.7,-0.1,-0.3,111.46600000000001,0.0,0.25,94.84100000000001
2015-10-09,0.00833921,49.63,1613.0,55.5,-0.1,-0.3,111.46600000000001,0.0,0.25,94.81299999999999
2015-10-08,0.00833921,49.43,1561.0,54.8,-0.1,-0.3,111.46600000000001,0.0,0.25,95.318
2015-10-07,0.00833921,47.81,1577.0,54.4,-0.1,-0.3,111.46600000000001,0.0,0.25,95.49700000000001
2015-10-06,0.00833921,48.53,1553.0,54.0,-0.1,-0.3,111.46600000000001,0.0,0.25,95.455
2015-10-05,0.00833921,46.26,1564.5,54.0,-0.1,-0.3,111.46600000000001,0.0,0.25,96.10600000000001
2015-10-02,0.00833921,45.54,1558.0,54.0,-0.1,-0.3,111.46600000000001,0.0,0.25,95.83
2015-10-01,0.00833921,44.74,1566.0,54.5,-0.1,-0.3,111.46600000000001,0.0,0.25,96.185
2015-09-30,0.00833921,45.09,1577.0,54.4,-0.1,0.3,-114.48,0.0,0.25,96.35
2015-09-29,0.00836196,45.23,1564.0,54.7,-0.1,0.3,-114.48,0.0,0.25,95.855
2015-09-28,0.00833921,44.43,1551.0,56.0,-0.1,0.3,-114.48,0.0,0.25,96.03399999999999
2015-09-25,0.00833921,45.7,1567.0,56.2,-0.1,0.3,-114.48,0.0,0.25,96.26899999999999
2015-09-24,0.00833921,44.91,1579.0,56.8,-0.1,0.3,-114.48,0.0,0.25,95.994
2015-09-23,0.00833921,44.48,1577.0,56.8,-0.1,0.3,-114.48,0.0,0.25,96.068
2015-09-22,0.00833921,45.83,1589.0,57.1,-0.1,0.3,-114.48,0.0,0.25,96.28299999999999
2015-09-21,0.00833921,46.68,1616.0,57.1,-0.1,0.3,-114.48,0.0,0.25,95.89399999999999
2015-09-18,0.00836196,44.68,1624.0,57.1,-0.1,0.3,-114.48,0.0,0.25,94.863
2015-09-17,0.00833921,46.9,1632.0,56.8,-0.1,0.3,-114.48,0.0,0.25,94.55
2015-09-16,0.00833921,47.15,1626.5,56.0,-0.1,0.3,-114.48,0.0,0.25,95.42
2015-09-15,0.00833921,44.59,1613.5,56.4,-0.1,0.3,-114.48,0.0,0.25,95.611
2015-09-14,0.00833921,44.0,1621.0,57.5,-0.1,0.3,-114.48,0.0,0.25,95.24600000000001
2015-09-11,0.00833921,44.63,1640.0,58.5,-0.1,0.3,-114.48,0.0,0.25,95.194
2015-09-10,0.00833921,45.92,1637.5,58.5,-0.1,0.3,-114.48,0.0,0.25,95.456
2015-09-09,0.00833921,44.15,1630.0,56.9,-0.1,0.3,-114.48,0.0,0.25,96.012
2015-09-08,0.00836196,45.94,1631.0,56.4,-0.1,0.3,-114.48,0.0,0.25,95.985
2015-09-07,0.00836196,44.26,1600.5,56.0,-0.1,0.3,-114.48,0.0,0.25,96.229
2015-09-04,0.00836196,46.05,1608.0,55.0,-0.1,0.3,-114.48,0.0,0.25,96.229
2015-09-03,0.00826079,46.75,1630.0,55.8,-0.1,0.3,-114.48,0.0,0.25,96.405
2015-09-02,0.00826079,46.25,1600.0,55.8,-0.1,0.3,-114.48,0.0,0.25,95.82799999999999
2015-09-01,0.00826079,45.41,1603.0,55.7,-0.1,0.3,-114.48,0.0,0.25,95.45
2015-08-31,0.00823925,49.2,1587.75,55.7,-0.1,0.3,-569.66,0.0,0.25,95.824
2015-08-28,0.00833921,45.22,1603.0,55.5,-0.1,0.3,-569.66,0.0,0.25,96.10600000000001
2015-08-27,0.00833921,42.56,1560.0,53.3,-0.1,0.3,-569.66,0.0,0.25,95.61
2015-08-26,0.00836196,38.6,1531.5,53.1,-0.1,0.3,-569.66,0.0,0.25,95.1
2015-08-25,0.00836196,39.31,1557.0,53.3,-0.1,0.3,-569.66,0.0,0.25,94.53
2015-08-24,0.00822158,38.24,1521.0,53.3,-0.1,0.3,-569.66,0.0,0.25,93.33200000000001
2015-08-21,0.00806308,40.45,1548.0,55.6,-0.1,0.3,-569.66,0.0,0.25,95.008
2015-08-20,0.00806308,41.14,1575.0,55.6,-0.1,0.3,-569.66,0.0,0.25,95.98
2015-08-19,0.00803855,40.8,1556.5,55.9,-0.1,0.3,-569.66,0.0,0.25,96.359
2015-08-18,0.00803855,42.62,1554.0,56.0,-0.1,0.3,-569.66,0.0,0.25,97.04
2015-08-17,0.00803855,41.87,1568.0,56.0,-0.1,0.3,-569.66,0.0,0.25,96.806
2015-08-14,0.00803855,42.5,1580.5,56.2,-0.1,0.3,-569.66,0.0,0.25,96.52
2015-08-13,0.00803855,42.23,1574.0,56.2,-0.1,0.3,-569.66,0.0,0.25,96.445
2015-08-12,0.00803855,43.3,1589.0,55.8,-0.1,0.3,-569.66,0.0,0.25,96.262
2015-08-11,0.00803855,43.08,1587.0,55.9,-0.1,0.3,-569.66,0.0,0.25,97.29
2015-08-10,0.00803855,44.96,1618.5,56.3,-0.1,0.3,-569.66,0.0,0.25,97.15899999999999
2015-08-07,0.00803855,43.87,1589.0,56.3,-0.1,0.3,-569.66,0.0,0.25,97.56299999999999
2015-08-06,0.00803855,44.66,1592.5,56.3,-0.1,0.3,-569.66,0.0,0.25,97.833
2015-08-05,0.00803855,45.15,1595.0,56.4,-0.1,0.3,-569.66,0.0,0.25,97.958
2015-08-04,0.00806308,45.74,1617.0,55.0,-0.1,0.3,-569.66,0.0,0.25,97.931
2015-08-03,0.00806308,45.17,1612.0,55.3,-0.1,0.3,-569.66,0.0,0.25,97.494
2015-07-31,0.00806308,47.12,1618.0,52.9,0.0,0.3,-270.49,0.0,0.25,97.336
2015-07-30,0.00806308,48.52,1643.0,54.6,0.0,0.3,-270.49,0.0,0.25,97.56
2015-07-29,0.00806308,48.79,1662.5,55.3,0.0,0.3,-270.49,0.0,0.25,96.976
2015-07-28,0.00806308,47.98,1655.0,52.2,0.0,0.3,-270.49,0.0,0.25,96.772
2015-07-27,0.00806308,47.39,1639.0,51.4,0.0,0.3,-270.49,0.0,0.25,96.50200000000001
2015-07-24,0.00806308,48.14,1642.5,50.7,0.0,0.3,-270.49,0.0,0.25,97.244
2015-07-23,0.00806308,48.45,1636.0,50.6,0.0,0.3,-270.49,0.0,0.25,97.115
2015-07-22,0.00806308,49.19,1659.0,50.7,0.0,0.3,-270.49,0.0,0.25,97.598
2015-07-21,0.00803855,50.36,1661.0,52.1,0.0,0.3,-270.49,0.0,0.25,97.32799999999999
2015-07-20,0.00813692,50.15,1689.0,51.9,0.0,0.3,-270.49,0.0,0.25,98.029
2015-07-17,0.00813692,50.89,1697.0,50.0,0.0,0.3,-270.49,0.0,0.25,97.86200000000001
2015-07-16,0.00813692,50.91,1716.0,50.0,0.0,0.3,-270.49,0.0,0.25,97.66799999999999
2015-07-15,0.00813692,51.41,1718.0,50.1,0.0,0.3,-270.49,0.0,0.25,97.166
2015-07-14,0.00813692,53.04,1707.0,49.4,0.0,0.3,-270.49,0.0,0.25,96.64299999999999
2015-07-13,0.00813692,52.2,1713.0,49.9,0.0,0.3,-270.49,0.0,0.25,96.85799999999999
2015-07-10,0.00823925,52.74,1699.0,49.9,0.0,0.3,-270.49,0.0,0.25,96.025
2015-07-09,0.00826079,52.78,1700.0,48.3,0.0,0.3,-270.49,0.0,0.25,96.60600000000001
2015-07-08,0.00816075,51.65,1671.0,44.1,0.0,0.3,-270.49,0.0,0.25,96.294
2015-07-07,0.00816075,52.33,1674.0,49.7,0.0,0.3,-270.49,0.0,0.25,96.865
2015-07-06,0.00816075,52.53,1695.0,52.0,0.0,0.3,-270.49,0.0,0.25,96.29799999999999
2015-07-03,0.00813692,56.93,1710.0,54.1,0.0,0.3,-270.49,0.0,0.25,96.113
2015-07-02,0.00813692,56.93,1724.0,55.8,0.0,0.3,-270.49,0.0,0.25,96.113
2015-07-01,0.00813692,56.96,1727.0,58.9,0.0,0.3,-270.49,0.0,0.25,96.31
2015-06-30,0.00816075,59.47,1691.0,59.3,0.1,-0.4,-74.42,0.0,0.25,95.485
2015-06-29,0.00806308,58.33,1701.0,60.5,0.1,-0.4,-74.42,0.0,0.25,94.79
2015-06-26,0.00806308,59.41,1665.5,60.7,0.1,-0.4,-74.42,0.0,0.25,95.47
2015-06-25,0.00806308,59.59,1684.75,61.3,0.1,-0.4,-74.42,0.0,0.25,95.19
2015-06-24,0.00806308,60.01,1676.25,61.7,0.1,-0.4,-74.42,0.0,0.25,95.26
2015-06-23,0.00806308,61.05,1684.5,60.5,0.1,-0.4,-74.42,0.0,0.25,95.43
2015-06-22,0.00806308,60.01,1668.25,60.6,0.1,-0.4,-74.42,0.0,0.25,94.33
2015-06-19,0.00806308,59.62,1652.75,60.7,0.1,-0.4,-74.42,0.0,0.25,94.08
2015-06-18,0.00806308,60.41,1663.0,60.9,0.1,-0.4,-74.42,0.0,0.25,94.04
2015-06-17,0.00806308,59.89,1665.5,60.9,0.1,-0.4,-74.42,0.0,0.25,94.3
2015-06-16,0.00806308,60.01,1666.0,62.1,0.1,-0.4,-74.42,0.0,0.25,95.0
2015-06-15,0.00806308,59.53,1676.75,64.5,0.1,-0.4,-74.42,0.0,0.25,94.81
2015-06-12,0.00806308,59.96,1701.5,65.0,0.1,-0.4,-74.42,0.0,0.25,94.97
2015-06-11,0.00806308,60.74,1713.25,65.4,0.1,-0.4,-74.42,0.0,0.25,94.98
2015-06-10,0.00806308,61.36,1722.5,65.1,0.1,-0.4,-74.42,0.0,0.25,94.65
2015-06-09,0.00803855,60.15,1711.75,63.9,0.1,-0.4,-74.42,0.0,0.25,95.17
2015-06-08,0.00803855,58.15,1710.0,63.8,0.1,-0.4,-74.42,0.0,0.25,95.3
2015-06-05,0.00803855,59.11,1712.5,63.8,0.1,-0.4,-74.42,0.0,0.25,96.31
2015-06-04,0.00803855,58.0,1705.75,63.5,0.1,-0.4,-74.42,0.0,0.25,95.46
2015-06-03,0.00806308,59.67,1714.25,62.6,0.1,-0.4,-74.42,0.0,0.25,95.46
2015-06-02,0.00803855,61.3,1701.25,62.1,0.1,-0.4,-74.42,0.0,0.25,95.83
2015-06-01,0.00803855,60.24,1722.5,61.4,0.1,-0.4,-74.42,0.0,0.25,97.39
2015-05-29,0.00813692,60.25,1700.5,61.4,0.1,-0.4,-220.55,0.0,0.25,96.91
2015-05-28,0.00813692,57.69,1739.75,62.3,0.1,-0.4,-220.55,0.0,0.25,96.96
2015-05-27,0.00813692,57.51,1699.0,62.6,0.1,-0.4,-220.55,0.0,0.25,97.37
2015-05-26,0.00823925,57.29,1713.25,62.1,0.1,-0.4,-220.55,0.0,0.25,97.3
2015-05-25,0.00823925,58.88,1729.75,61.1,0.1,-0.4,-220.55,0.0,0.25,96.01
2015-05-22,0.00833921,58.88,1729.75,59.9,0.1,-0.4,-220.55,0.0,0.25,96.14
2015-05-21,0.00833921,60.18,1734.5,57.6,0.1,-0.4,-220.55,0.0,0.25,95.25
2015-05-20,0.00833921,58.96,1744.25,57.8,0.1,-0.4,-220.55,0.0,0.25,95.45
2015-05-19,0.00833921,57.3,1749.75,58.4,0.1,-0.4,-220.55,0.0,0.25,95.27
2015-05-18,0.00836196,59.44,1783.0,59.0,0.1,-0.4,-220.55,0.0,0.25,94.22
2015-05-15,0.00836196,59.73,1817.75,61.0,0.1,-0.4,-220.55,0.0,0.25,93.13
2015-05-14,0.00836196,59.89,1834.0,61.2,0.1,-0.4,-220.55,0.0,0.25,93.46
2015-05-13,0.00836196,60.5,1847.5,62.0,0.1,-0.4,-220.55,0.0,0.25,93.62
2015-05-12,0.00833921,60.72,1861.0,62.3,0.1,-0.4,-220.55,0.0,0.25,94.53
2015-05-11,0.00833921,59.23,1846.25,62.5,0.1,-0.4,-220.55,0.0,0.25,95.01
2015-05-08,0.00833921,59.41,1859.5,60.5,0.1,-0.4,-220.55,0.0,0.25,94.79
2015-05-07,0.00836196,58.99,1855.5,60.0,0.1,-0.4,-220.55,0.0,0.25,94.63
2015-05-06,0.00836196,60.93,1900.0,60.1,0.1,-0.4,-220.55,0.0,0.25,94.09
2015-05-05,0.00833921,60.38,1959.25,59.1,0.1,-0.4,-220.55,0.0,0.25,95.08
2015-05-04,0.00833921,58.92,1902.25,57.8,0.1,-0.4,-220.55,0.0,0.25,95.48
2015-05-01,0.00833921,59.1,1902.25,56.2,0.1,-0.4,-220.55,0.0,0.25,95.3
2015-04-30,0.00836196,59.62,1933.25,56.2,0.3,-0.4,-59.26,0.0,0.25,94.6
2015-04-29,0.00836196,58.55,1891.75,56.9,0.3,-0.4,-59.26,0.0,0.25,95.21
2015-04-28,0.00836196,57.05,1878.75,59.2,0.3,-0.4,-59.26,0.0,0.25,96.09
2015-04-27,0.00836196,55.56,1846.75,58.7,0.3,-0.4,-59.26,0.0,0.25,96.76
2015-04-24,0.00836196,55.98,1843.25,57.0,0.3,-0.4,-59.26,0.0,0.25,96.92
2015-04-23,0.00833921,56.59,1797.75,53.8,0.3,-0.4,-59.26,0.0,0.25,97.28
2015-04-22,0.00836196,56.17,1820.75,52.9,0.3,-0.4,-59.26,0.0,0.25,97.93
2015-04-21,0.00836196,55.58,1834.25,50.8,0.3,-0.4,-59.26,0.0,0.25,98.0
2015-04-20,0.00836196,56.37,1829.25,50.8,0.3,-0.4,-59.26,0.0,0.25,97.94
2015-04-17,0.00836196,55.71,1834.25,50.7,0.3,-0.4,-59.26,0.0,0.25,97.52
2015-04-16,0.00836196,56.69,1836.5,50.0,0.3,-0.4,-59.26,0.0,0.25,97.41
2015-04-15,0.00836196,56.25,1827.0,49.7,0.3,-0.4,-59.26,0.0,0.25,98.32
2015-04-14,0.00836196,53.3,1792.25,50.1,0.3,-0.4,-59.26,0.0,0.25,98.73
2015-04-13,0.00833921,51.95,1775.0,48.8,0.3,-0.4,-59.26,0.0,0.25,99.49
2015-04-10,0.00833921,51.63,1770.0,47.3,0.3,-0.4,-59.26,0.0,0.25,99.34
2015-04-09,0.00833921,50.79,1765.0,47.8,0.3,-0.4,-59.26,0.0,0.25,99.15
2015-04-08,0.00833921,50.44,1769.5,47.9,0.3,-0.4,-59.26,0.0,0.25,97.94
2015-04-07,0.00833921,53.95,1781.75,47.6,0.3,-0.4,-59.26,0.0,0.25,97.83
2015-04-06,0.00836196,52.08,1781.25,46.7,0.3,-0.4,-59.26,0.0,0.25,96.78
2015-04-03,0.00836196,49.13,1781.25,46.7,0.3,-0.4,-59.26,0.0,0.25,96.54
2015-04-02,0.00836196,49.13,1781.25,46.7,0.3,-0.4,-59.26,0.0,0.25,97.44
2015-04-01,0.00833921,50.12,1775.5,49.0,0.3,-0.4,-59.26,0.0,0.25,98.18
2015-03-31,0.00833921,47.72,1781.25,51.0,2.2,1.1,222.66,0.0,0.25,98.36
2015-03-30,0.00836196,48.66,1792.0,52.9,2.2,1.1,222.66,0.0,0.25,97.97
2015-03-27,0.00836196,48.83,1775.5,54.1,2.2,1.1,222.66,0.0,0.25,97.29
2015-03-26,0.00836196,51.41,1783.25,54.8,2.2,1.1,222.66,0.0,0.25,97.44
2015-03-25,0.00836196,48.75,1769.0,55.5,2.2,1.1,222.66,0.0,0.25,96.98
2015-03-24,0.00836196,47.03,1781.75,55.6,2.2,1.1,222.66,0.0,0.25,97.19
2015-03-23,0.00826079,47.4,1787.75,54.2,2.2,1.1,222.66,0.0,0.25,97.03
2015-03-20,0.00826079,46.0,1791.75,55.0,2.2,1.1,222.66,0.0,0.25,97.91
2015-03-19,0.00826079,44.02,1778.5,54.5,2.2,1.1,222.66,0.0,0.25,99.26
2015-03-18,0.00826079,44.63,1759.0,54.5,2.2,1.1,222.66,0.0,0.25,98.55
2015-03-17,0.00823925,43.39,1788.5,57.6,2.2,1.1,222.66,0.0,0.25,99.58
2015-03-16,0.00823925,43.93,1772.5,58.1,2.2,1.1,222.66,0.0,0.25,99.6
2015-03-13,0.00823925,44.88,1769.25,58.1,2.2,1.1,222.66,0.0,0.25,100.33
2015-03-12,0.00823925,47.12,1738.0,57.9,2.2,1.1,222.66,0.0,0.25,99.43
2015-03-11,0.00823925,48.06,1733.25,57.7,2.2,1.1,222.66,0.0,0.25,99.79
2015-03-10,0.00823925,48.42,1746.0,58.5,2.2,1.1,222.66,0.0,0.25,98.62
2015-03-09,0.00833921,49.95,1765.75,58.0,2.2,1.1,222.66,0.0,0.25,97.59
2015-03-06,0.00833921,49.61,1769.25,58.2,2.2,1.1,222.66,0.0,0.25,97.61
2015-03-05,0.00833921,50.76,1786.25,59.3,2.2,1.1,222.66,0.0,0.25,96.38
2015-03-04,0.00836196,51.53,1786.25,62.1,2.2,1.1,222.66,0.0,0.25,95.96
2015-03-03,0.00833921,50.43,1781.25,62.3,2.2,1.1,222.66,0.0,0.25,95.38
2015-03-02,0.00833921,49.59,1789.0,62.8,2.2,1.1,222.66,0.0,0.25,95.46
2015-02-27,0.00836196,49.84,1801.75,63.0,2.0,1.1,-428.47,0.0,0.25,95.29
2015-02-26,0.00836196,47.65,1791.25,62.5,2.0,1.1,-428.47,0.0,0.25,95.29
2015-02-25,0.00836196,50.25,1778.75,62.9,2.0,1.1,-428.47,0.0,0.25,94.21
2015-02-24,0.00836196,48.48,1792.0,63.4,2.0,1.1,-428.47,0.0,0.25,94.49
2015-02-23,0.00836196,49.56,1771.75,63.4,2.0,1.1,-428.47,0.0,0.25,94.57
2015-02-20,0.00836196,49.95,1774.5,63.4,2.0,1.1,-428.47,0.0,0.25,94.31
2015-02-19,0.00836196,51.12,1799.25,63.4,2.0,1.1,-428.47,0.0,0.25,94.4
2015-02-18,0.00836196,52.13,1799.0,63.4,2.0,1.1,-428.47,0.0,0.25,94.2
2015-02-17,0.00836196,53.56,1798.5,63.6,2.0,1.1,-428.47,0.0,0.25,94.06
2015-02-16,0.00836196,52.66,1804.5,65.1,2.0,1.1,-428.47,0.0,0.25,94.2
2015-02-13,0.00836196,52.66,1822.5,63.3,2.0,1.1,-428.47,0.0,0.25,94.2
2015-02-12,0.00836196,51.17,1826.4,62.8,2.0,1.1,-428.47,0.0,0.25,94.09
2015-02-11,0.00833921,48.8,1802.5,62.2,2.0,1.1,-428.47,0.0,0.25,94.98
2015-02-10,0.00843804,50.06,1815.75,62.2,2.0,1.1,-428.47,0.0,0.25,94.76
2015-02-09,0.00843804,52.99,1859.0,61.6,2.0,1.1,-428.47,0.0,0.25,94.45
2015-02-06,0.00853545,51.66,1856.25,61.8,2.0,1.1,-428.47,0.0,0.25,94.65
2015-02-05,0.00853545,50.48,1871.0,61.1,2.0,1.1,-428.47,0.0,0.25,93.57
2015-02-04,0.00853545,48.45,1862.0,61.4,2.0,1.1,-428.47,0.0,0.25,93.99
2015-02-03,0.00853545,53.04,1855.75,62.0,2.0,1.1,-428.47,0.0,0.25,93.6
2015-02-02,0.00853545,49.25,1855.75,61.3,2.0,1.1,-428.47,0.0,0.25,94.5
2015-01-30,0.00853545,47.79,1853.75,61.7,2.2,1.1,-1173.79,0.0,0.25,94.8
2015-01-29,0.00853545,44.12,1808.0,62.3,2.2,1.1,-1173.79,0.0,0.25,94.78
2015-01-28,0.00853545,44.08,1839.5,62.7,2.2,1.1,-1173.79,0.0,0.25,94.47
2015-01-27,0.00853545,45.84,1848.0,62.8,2.2,1.1,-1173.79,0.0,0.25,94.02
2015-01-26,0.00853545,44.8,1876.75,63.3,2.2,1.1,-1173.79,0.0,0.25,94.8
2015-01-23,0.00853545,45.26,1823.0,65.9,2.2,1.1,-1173.79,0.0,0.25,94.76
2015-01-22,0.00853545,45.93,1863.0,66.3,2.2,1.1,-1173.79,0.0,0.25,94.08
2015-01-21,0.00853545,47.85,1870.75,66.5,2.2,1.1,-1173.79,0.0,0.25,92.9
2015-01-20,0.00853545,46.13,1842.25,67.4,2.2,1.1,-1173.79,0.0,0.25,93.05
2015-01-19,0.00853545,48.49,1815.75,67.8,2.2,1.1,-1173.79,0.0,0.25,92.52
2015-01-16,0.00856012,48.49,1840.25,68.0,2.2,1.1,-1173.79,0.0,0.25,92.52
2015-01-15,0.00846455,46.37,1781.6,68.0,2.2,1.1,-1173.79,0.0,0.25,92.35
2015-01-14,0.00846455,48.49,1765.5,67.8,2.2,1.1,-1173.79,0.0,0.25,92.16
2015-01-13,0.00846455,45.92,1779.25,67.9,2.2,1.1,-1173.79,0.0,0.25,92.31
2015-01-12,0.00836196,46.06,1791.0,68.5,2.2,1.1,-1173.79,0.0,0.25,91.98
2015-01-09,0.00836196,48.35,1789.75,69.8,2.2,1.1,-1173.79,0.0,0.25,91.93
2015-01-08,0.00836196,48.8,1811.5,70.6,2.2,1.1,-1173.79,0.0,0.25,92.37
2015-01-07,0.00836196,48.69,1761.75,70.9,2.2,1.1,-1173.79,0.0,0.25,91.89
2015-01-06,0.00836196,47.98,1755.25,71.1,2.2,1.1,-1173.79,0.0,0.25,91.5
2015-01-05,0.00833921,50.03,1787.25,70.8,2.2,1.1,-1173.79,0.0,0.25,91.38
2015-01-02,0.00833921,52.72,1805.25,71.2,2.2,1.1,-1173.79,0.0,0.25,91.08
2015-01-01,0.00833921,53.45,1825.0,71.2,2.2,1.1,-1173.79,0.0,0.25,90.27
2014-12-31,0.00836196,53.45,1825.0,71.2,2.5,0.5,-665.6,0.0,0.25,90.27
2014-12-30,0.00833921,54.14,1831.0,71.2,2.5,0.5,-665.6,0.0,0.25,89.99
2014-12-29,0.00833921,53.46,1833.5,67.9,2.5,0.5,-665.6,0.0,0.25,90.19
2014-12-26,0.00833921,54.59,1833.5,66.7,2.5,0.5,-665.6,0.0,0.25,90.03
2014-12-25,0.00833921,55.7,1833.5,66.2,2.5,0.5,-665.6,0.0,0.25,89.97
2014-12-24,0.00833921,55.7,1833.5,66.2,2.5,0.5,-665.6,0.0,0.25,89.97
2014-12-23,0.00833921,56.78,1843.75,65.6,2.5,0.5,-665.6,0.0,0.25,90.06
2014-12-22,0.00843804,55.25,1853.25,68.0,2.5,0.5,-665.6,0.0,0.25,89.77
2014-12-19,0.00843804,56.91,1880.75,69.5,2.5,0.5,-665.6,0.0,0.25,89.6
2014-12-18,0.00843804,54.18,1882.75,68.0,2.5,0.5,-665.6,0.0,0.25,89.23
2014-12-17,0.00846455,56.43,1892.0,67.9,2.5,0.5,-665.6,0.0,0.25,89.13
2014-12-16,0.00846455,55.97,1876.5,68.1,2.5,0.5,-665.6,0.0,0.25,88.13
2014-12-15,0.00836196,55.96,1895.75,68.6,2.5,0.5,-665.6,0.0,0.25,88.46
2014-12-12,0.00836196,57.81,1913.15,68.7,2.5,0.5,-665.6,0.0,0.25,88.36
2014-12-11,0.00836196,60.01,1927.75,68.8,2.5,0.5,-665.6,0.0,0.25,88.66
2014-12-10,0.00836196,60.99,1937.75,68.9,2.5,0.5,-665.6,0.0,0.25,88.27
2014-12-09,0.00833921,63.74,1956.0,69.4,2.5,0.5,-665.6,0.0,0.25,88.69
2014-12-08,0.00833921,63.13,1949.5,69.7,2.5,0.5,-665.6,0.0,0.25,89.04
2014-12-05,0.00833921,65.89,1977.75,70.9,2.5,0.5,-665.6,0.0,0.25,89.33
2014-12-04,0.00833921,66.73,1994.5,71.1,2.5,0.5,-665.6,0.0,0.25,88.7
2014-12-03,0.00843804,67.3,1967.0,69.5,2.5,0.5,-665.6,0.0,0.25,88.96
2014-12-02,0.00843804,66.99,1983.5,69.7,2.5,0.5,-665.6,0.0,0.25,88.65
2014-12-01,0.00843804,68.98,2044.0,70.6,2.5,0.5,-665.6,0.0,0.25,87.95
2014-11-28,0.00853545,65.94,2030.5,69.8,2.7,0.5,-898.8,0.0,0.25,88.36
2014-11-27,0.00853545,73.7,2075.0,69.7,2.7,0.5,-898.8,0.0,0.25,87.61
2014-11-26,0.00853545,73.7,2082.0,68.0,2.7,0.5,-898.8,0.0,0.25,87.61
2014-11-25,0.00853545,74.04,2077.5,68.6,2.7,0.5,-898.8,0.0,0.25,87.92
2014-11-24,0.00853545,75.74,2067.75,70.0,2.7,0.5,-898.8,0.0,0.25,88.15
2014-11-21,0.00853545,76.52,2064.75,69.8,2.7,0.5,-898.8,0.0,0.25,88.31
2014-11-20,0.00853545,75.63,2042.5,70.0,2.7,0.5,-898.8,0.0,0.25,87.59
2014-11-19,0.00853545,74.55,2026.0,70.0,2.7,0.5,-898.8,0.0,0.25,87.65
2014-11-18,0.00863988,74.55,2021.0,72.1,2.7,0.5,-898.8,0.0,0.25,87.57
2014-11-17,0.00863988,75.64,2042.0,75.1,2.7,0.5,-898.8,0.0,0.25,87.93
2014-11-14,0.00863988,75.91,2028.6,75.5,2.7,0.5,-898.8,0.0,0.25,87.52
2014-11-13,0.00863988,74.13,2047.25,75.5,2.7,0.5,-898.8,0.0,0.25,87.67
2014-11-12,0.00873616,77.16,2070.25,75.4,2.7,0.5,-898.8,0.0,0.25,87.82
2014-11-11,0.00873616,77.85,2055.5,75.5,2.7,0.5,-898.8,0.0,0.25,87.53
2014-11-10,0.00873616,77.43,2037.75,75.5,2.7,0.5,-898.8,0.0,0.25,87.81
2014-11-07,0.00873616,78.71,2059.75,75.5,2.7,0.5,-898.8,0.0,0.25,87.64
2014-11-06,0.00873616,77.87,2082.0,75.6,2.7,0.5,-898.8,0.0,0.25,88.01
2014-11-05,0.00887394,78.71,2062.5,76.0,2.7,0.5,-898.8,0.0,0.25,87.44
2014-11-04,0.00887394,77.15,2062.5,77.1,2.7,0.5,-898.8,0.0,0.25,86.98
2014-11-03,0.00887394,78.77,2076.0,77.8,2.7,0.5,-898.8,0.0,0.25,87.31
2014-10-31,0.00907357,80.53,2057.0,78.5,2.9,0.5,-741.8,0.0,0.25,86.92
2014-10-30,0.00923607,81.06,2044.0,79.0,2.9,0.5,-741.8,0.0,0.25,86.15
2014-10-29,0.00923607,82.25,2037.0,78.6,2.9,0.5,-741.8,0.0,0.25,85.95
2014-10-28,0.00933827,81.36,1995.25,78.8,2.9,0.5,-741.8,0.0,0.25,85.41
2014-10-27,0.00933827,81.26,1976.25,79.6,2.9,0.5,-741.8,0.0,0.25,85.49
2014-10-24,0.00933827,81.27,1959.5,79.8,2.9,0.5,-741.8,0.0,0.25,85.73
2014-10-23,0.00933827,82.81,1984.5,80.0,2.9,0.5,-741.8,0.0,0.25,85.84
2014-10-22,0.00933827,80.52,2008.0,81.5,2.9,0.5,-741.8,0.0,0.25,85.74
2014-10-21,0.00936346,83.25,1982.5,81.5,2.9,0.5,-741.8,0.0,0.25,85.3
2014-10-20,0.00933827,82.76,1959.75,81.2,2.9,0.5,-741.8,0.0,0.25,84.95
2014-10-17,0.00936346,82.8,1955.5,80.6,2.9,0.5,-741.8,0.0,0.25,85.11
2014-10-16,0.00936346,82.33,1888.0,80.5,2.9,0.5,-741.8,0.0,0.25,84.95
2014-10-15,0.00936346,81.82,1892.0,82.2,2.9,0.5,-741.8,0.0,0.25,85.15
2014-10-14,0.00926173,81.72,1920.75,83.1,2.9,0.5,-741.8,0.0,0.25,85.82
2014-10-13,0.00926173,85.73,1916.0,83.1,2.9,0.5,-741.8,0.0,0.25,85.53
2014-10-10,0.00926173,85.87,1901.75,79.9,2.9,0.5,-741.8,0.0,0.25,85.91
2014-10-09,0.00926173,85.76,1920.1,79.5,2.9,0.5,-741.8,0.0,0.25,85.52
2014-10-08,0.00916393,87.29,1907.25,79.8,2.9,0.5,-741.8,0.0,0.25,85.3
2014-10-07,0.00916393,88.89,1924.5,80.0,2.9,0.5,-741.8,0.0,0.25,85.67
2014-10-06,0.0091366,90.33,1900.25,78.9,2.9,0.5,-741.8,0.0,0.25,85.93
2014-10-03,0.00916393,89.76,1885.25,78.9,2.9,0.5,-741.8,0.0,0.25,86.69
2014-10-02,0.00916393,91.02,1858.75,78.8,2.9,0.5,-741.8,0.0,0.25,85.6
2014-10-01,0.0091366,90.74,1888.5,78.3,2.9,0.5,-741.8,0.0,0.25,85.97
2014-09-30,0.0091366,91.17,1928.75,77.5,3.0,-0.6,-961.98,0.0,0.25,85.94
2014-09-29,0.0091366,94.53,1930.0,77.7,3.0,-0.6,-961.98,0.0,0.25,85.59
2014-09-26,0.00923607,95.55,1913.5,78.6,3.0,-0.6,-961.98,0.0,0.25,85.64
2014-09-25,0.00923607,93.59,1917.5,78.6,3.0,-0.6,-961.98,0.0,0.25,85.19
2014-09-24,0.00923607,93.6,1941.0,79.4,3.0,-0.6,-961.98,0.0,0.25,85.04
2014-09-23,0.00923607,91.55,1932.0,79.4,3.0,-0.6,-961.98,0.0,0.25,84.66
2014-09-22,0.00923607,91.46,1941.75,79.8,3.0,-0.6,-961.98,0.0,0.25,84.75
2014-09-19,0.00923607,92.43,1941.75,81.7,3.0,-0.6,-961.98,0.0,0.25,84.73
2014-09-18,0.00923607,93.07,1947.0,83.0,3.0,-0.6,-961.98,0.0,0.25,84.32
2014-09-17,0.00933827,94.33,1961.25,84.2,3.0,-0.6,-961.98,0.0,0.25,84.34
2014-09-16,0.00933827,94.91,1988.5,84.5,3.0,-0.6,-961.98,0.0,0.25,84.07
2014-09-15,0.00933827,92.86,1952.25,85.2,3.0,-0.6,-961.98,0.0,0.25,84.26
2014-09-12,0.00933827,92.18,1992.5,82.0,3.0,-0.6,-961.98,0.0,0.25,84.24
2014-09-11,0.00943654,92.89,2002.75,81.9,3.0,-0.6,-961.98,0.0,0.25,84.3
2014-09-10,0.00943654,91.71,2019.75,82.2,3.0,-0.6,-961.98,0.0,0.25,84.28
2014-09-09,0.00943654,92.73,2032.5,83.2,3.0,-0.6,-961.98,0.0,0.25,84.28
2014-09-08,0.00953507,92.64,2065.75,83.6,3.0,-0.6,-961.98,0.0,0.25,84.23
2014-09-05,0.00953507,93.32,2066.0,83.6,3.0,-0.6,-961.98,0.0,0.25,83.74
2014-09-04,0.00953507,94.51,2083.75,84.3,3.0,-0.6,-961.98,0.0,0.25,83.82
2014-09-03,0.00953507,95.5,2061.5,85.7,3.0,-0.6,-961.98,0.0,0.25,82.86
2014-09-02,0.00953507,92.92,2089.0,86.7,3.0,-0.6,-961.98,0.0,0.25,82.99
2014-09-01,0.00963755,97.86,2080.75,87.1,3.0,-0.6,-961.98,0.0,0.25,82.75
2014-08-29,0.00963755,97.86,2086.5,87.9,3.1,-0.6,-953.22,0.0,0.25,82.75
2014-08-28,0.00963755,96.44,2084.25,87.3,3.1,-0.6,-953.22,0.0,0.25,82.48
2014-08-27,0.00963755,95.82,2085.5,88.2,3.1,-0.6,-953.22,0.0,0.25,82.43
2014-08-26,0.00963755,95.78,2071.75,88.9,3.1,-0.6,-953.22,0.0,0.25,82.65
2014-08-25,0.00963755,95.39,2058.0,89.2,3.1,-0.6,-953.22,0.0,0.25,82.55
2014-08-22,0.00963755,93.61,2058.0,90.1,3.1,-0.6,-953.22,0.0,0.25,82.34
2014-08-21,0.00963755,93.97,2050.25,91.9,3.1,-0.6,-953.22,0.0,0.25,82.15
2014-08-20,0.00973575,96.4,2064.0,92.3,3.1,-0.6,-953.22,0.0,0.25,82.23
2014-08-19,0.00973575,94.35,2024.0,93.0,3.1,-0.6,-953.22,0.0,0.25,81.88
2014-08-18,0.00976179,96.44,2017.75,93.3,3.1,-0.6,-953.22,0.0,0.25,81.58
2014-08-15,0.00976179,97.3,1993.85,93.4,3.1,-0.6,-953.22,0.0,0.25,81.42
2014-08-14,0.00976179,95.54,1986.5,93.2,3.1,-0.6,-953.22,0.0,0.25,81.59
2014-08-13,0.00976179,97.57,2009.0,93.2,3.1,-0.6,-953.22,0.0,0.25,81.6
2014-08-12,0.00976179,97.36,2032.75,94.0,3.1,-0.6,-953.22,0.0,0.25,81.5
2014-08-11,0.00976179,98.09,2020.25,95.7,3.1,-0.6,-953.22,0.0,0.25,81.47
2014-08-08,0.00976179,97.61,2019.75,95.7,3.1,-0.6,-953.22,0.0,0.25,81.4
2014-08-07,0.00976179,97.34,2017.5,96.0,3.1,-0.6,-953.22,0.0,0.25,81.52
2014-08-06,0.00976179,96.93,2013.25,95.9,3.1,-0.6,-953.22,0.0,0.25,81.44
2014-08-05,0.00973575,97.34,1998.75,95.5,3.1,-0.6,-953.22,0.0,0.25,81.33
2014-08-04,0.00973575,98.26,2013.75,95.4,3.1,-0.6,-953.22,0.0,0.25,81.33
2014-08-01,0.00973575,97.86,1962.5,95.2,3.1,-0.6,-953.22,0.0,0.25,81.3
2014-07-31,0.00973575,98.23,1978.5,95.6,3.3,-0.6,-966.54,0.0,0.25,81.46
2014-07-30,0.00983821,104.29,2011.0,95.9,3.3,-0.6,-966.54,0.0,0.25,81.43
2014-07-29,0.00983821,100.91,1965.5,95.3,3.3,-0.6,-966.54,0.0,0.25,81.21
2014-07-28,0.00983821,105.68,1999.75,94.3,3.3,-0.6,-966.54,0.0,0.25,81.02
2014-07-25,0.00983821,105.23,1980.0,94.3,3.3,-0.6,-966.54,0.0,0.25,81.03
2014-07-24,0.00983821,102.76,2008.25,93.6,3.3,-0.6,-966.54,0.0,0.25,80.87
2014-07-23,0.00986064,103.11,1996.5,94.3,3.3,-0.6,-966.54,0.0,0.25,80.82
2014-07-22,0.00986064,103.89,2024.75,95.4,3.3,-0.6,-966.54,0.0,0.25,80.78
2014-07-21,0.00986064,104.64,2003.25,96.0,3.3,-0.6,-966.54,0.0,0.25,80.56
2014-07-18,0.00986064,103.13,1964.5,96.6,3.3,-0.6,-966.54,0.0,0.25,80.52
2014-07-17,0.00986064,103.14,1974.25,97.5,3.3,-0.6,-966.54,0.0,0.25,80.5
2014-07-16,0.00983821,101.18,1954.5,98.0,3.3,-0.6,-966.54,0.0,0.25,80.56
2014-07-15,0.00983821,99.86,1940.5,98.0,3.3,-0.6,-966.54,0.0,0.25,80.39
2014-07-14,0.00986064,101.03,1921.75,97.9,3.3,-0.6,-966.54,0.0,0.25,80.19
2014-07-11,0.00986064,100.78,1920.0,96.9,3.3,-0.6,-966.54,0.0,0.25,80.19
2014-07-10,0.00986064,102.91,1898.75,96.9,3.3,-0.6,-966.54,0.0,0.25,80.13
2014-07-09,0.00983821,102.23,1913.25,96.6,3.3,-0.6,-966.54,0.0,0.25,79.99
2014-07-08,0.00983821,103.36,1912.5,96.5,3.3,-0.6,-966.54,0.0,0.25,80.18
2014-07-07,0.00983821,103.49,1892.25,95.9,3.3,-0.6,-966.54,0.0,0.25,80.22
2014-07-04,0.00983821,104.06,1893.25,96.5,3.3,-0.6,-966.54,0.0,0.25,80.27
2014-07-03,0.00983821,104.06,1907.0,96.5,3.3,-0.6,-966.54,0.0,0.25,80.21
2014-07-02,0.00983821,104.48,1896.75,94.7,3.3,-0.6,-966.54,0.0,0.25,79.96
2014-07-01,0.00986064,105.36,1854.25,94.2,3.3,-0.6,-966.54,0.0,0.25,79.81
2014-06-30,0.00986064,105.37,1856.75,93.8,3.3,-2.0,-834.06,0.0,0.25,79.77
2014-06-27,0.00986064,105.76,1849.75,94.9,3.3,-2.0,-834.06,0.0,0.25,80.02
2014-06-26,0.00976179,105.79,1862.25,95.3,3.3,-2.0,-834.06,0.0,0.25,80.22
2014-06-25,0.00976179,107.04,1866.0,93.7,3.3,-2.0,-834.06,0.0,0.25,80.22
2014-06-24,0.00976179,106.64,1862.75,93.3,3.3,-2.0,-834.06,0.0,0.25,80.33
2014-06-23,0.00976179,106.83,1852.25,93.4,3.3,-2.0,-834.06,0.0,0.25,80.27
2014-06-20,0.00976179,107.3,1847.75,92.1,3.3,-2.0,-834.06,0.0,0.25,80.37
2014-06-19,0.00976179,106.43,1850.0,90.7,3.3,-2.0,-834.06,0.0,0.25,80.32
2014-06-18,0.00976179,105.99,1833.25,90.3,3.3,-2.0,-834.06,0.0,0.25,80.58
2014-06-17,0.00976179,106.3,1807.75,89.3,3.3,-2.0,-834.06,0.0,0.25,80.63
2014-06-16,0.00976179,106.87,1809.25,89.0,3.3,-2.0,-834.06,0.0,0.25,80.47
2014-06-13,0.00976179,106.84,1803.75,90.9,3.3,-2.0,-834.06,0.0,0.25,80.58
2014-06-12,0.00976179,106.55,1803.75,91.5,3.3,-2.0,-834.06,0.0,0.25,80.58
2014-06-11,0.00976179,104.39,1827.0,93.5,3.3,-2.0,-834.06,0.0,0.25,80.77
2014-06-10,0.00976179,104.37,1865.5,93.6,3.3,-2.0,-834.06,0.0,0.25,80.82
2014-06-09,0.00976179,104.44,1886.0,94.3,3.3,-2.0,-834.06,0.0,0.25,80.65
2014-06-06,0.00976179,102.67,1856.75,94.5,3.3,-2.0,-834.06,0.0,0.25,80.41
2014-06-05,0.00976179,102.52,1824.25,94.3,3.3,-2.0,-834.06,0.0,0.25,80.37
2014-06-04,0.00973575,102.62,1812.75,94.6,3.3,-2.0,-834.06,0.0,0.25,80.66
2014-06-03,0.00983821,102.69,1824.0,92.5,3.3,-2.0,-834.06,0.0,0.25,80.55
2014-06-02,0.00983821,102.42,1816.5,92.1,3.3,-2.0,-834.06,0.0,0.25,80.64
2014-05-30,0.00983821,102.75,1806.5,91.8,3.4,-2.0,-917.22,0.0,0.25,80.37
2014-05-29,0.00983821,103.61,1810.0,95.7,3.4,-2.0,-917.22,0.0,0.25,80.49
2014-05-28,0.00983821,102.72,1801.25,96.8,3.4,-2.0,-917.22,0.0,0.25,80.57
2014-05-27,0.00983821,104.13,1788.25,98.1,3.4,-2.0,-917.22,0.0,0.25,80.35
2014-05-26,0.00983821,105.01,1776.0,98.6,3.4,-2.0,-917.22,0.0,0.25,80.39
2014-05-23,0.00983821,105.01,1776.0,97.5,3.4,-2.0,-917.22,0.0,0.25,80.39
2014-05-22,0.00983821,104.03,1757.5,98.8,3.4,-2.0,-917.22,0.0,0.25,80.25
2014-05-21,0.00986064,104.31,1726.75,98.5,3.4,-2.0,-917.22,0.0,0.25,80.09
2014-05-20,0.00986064,102.51,1728.75,97.5,3.4,-2.0,-917.22,0.0,0.25,80.04
2014-05-19,0.00986064,102.66,1732.25,98.5,3.4,-2.0,-917.22,0.0,0.25,79.99
2014-05-16,0.00986064,102.02,1728.25,100.7,3.4,-2.0,-917.22,0.0,0.25,80.04
2014-05-15,0.00976179,101.45,1733.0,102.8,3.4,-2.0,-917.22,0.0,0.25,80.0
2014-05-14,0.00976179,102.34,1765.75,103.5,3.4,-2.0,-917.22,0.0,0.25,80.07
2014-05-13,0.00976179,101.72,1736.75,103.0,3.4,-2.0,-917.22,0.0,0.25,80.14
2014-05-12,0.00976179,100.6,1742.25,103.0,3.4,-2.0,-917.22,0.0,0.25,79.9
2014-05-09,0.00976179,100.03,1718.0,102.7,3.4,-2.0,-917.22,0.0,0.25,79.9
2014-05-08,0.00976179,100.23,1722.75,103.7,3.4,-2.0,-917.22,0.0,0.25,79.36
2014-05-07,0.00976179,100.77,1723.5,105.1,3.4,-2.0,-917.22,0.0,0.25,79.2
2014-05-06,0.00976179,99.52,1738.75,106.0,3.4,-2.0,-917.22,0.0,0.25,79.09
2014-05-05,0.00976179,99.45,1742.5,105.9,3.4,-2.0,-917.22,0.0,0.25,79.49
2014-05-02,0.00976179,99.8,1742.5,106.0,3.4,-2.0,-917.22,0.0,0.25,79.52
2014-05-01,0.00976179,99.4,1742.25,105.4,3.4,-2.0,-917.22,0.0,0.25,79.53
2014-04-30,0.00976179,99.78,1756.25,105.4,3.2,-2.0,-825.53,0.0,0.25,79.47
2014-04-29,0.00973575,101.27,1771.0,108.3,3.2,-2.0,-825.53,0.0,0.25,79.81
2014-04-28,0.00976179,100.84,1787.75,108.6,3.2,-2.0,-825.53,0.0,0.25,79.68
2014-04-25,0.00976179,100.85,1814.25,111.0,3.2,-2.0,-825.53,0.0,0.25,79.75
2014-04-24,0.00976179,102.2,1839.5,113.2,3.2,-2.0,-825.53,0.0,0.25,79.8
2014-04-23,0.00976179,101.47,1837.25,112.2,3.2,-2.0,-825.53,0.0,0.25,79.85
2014-04-22,0.00973575,101.69,1854.75,112.5,3.2,-2.0,-825.53,0.0,0.25,79.9
2014-04-21,0.00973575,104.35,1829.5,113.3,3.2,-2.0,-825.53,0.0,0.25,79.94
2014-04-18,0.00976179,104.33,1829.5,116.5,3.2,-2.0,-825.53,0.0,0.25,79.83
2014-04-17,0.00976179,104.33,1829.5,116.5,3.2,-2.0,-825.53,0.0,0.25,79.83
2014-04-16,0.00976179,103.71,1839.0,116.2,3.2,-2.0,-825.53,0.0,0.25,79.8
2014-04-15,0.00976179,103.7,1813.5,117.1,3.2,-2.0,-825.53,0.0,0.25,79.8
2014-04-14,0.00976179,104.05,1844.0,117.0,3.2,-2.0,-825.53,0.0,0.25,79.73
2014-04-11,0.00976179,103.68,1848.0,116.9,3.2,-2.0,-825.53,0.0,0.25,79.45
2014-04-10,0.00976179,103.37,1858.25,119.1,3.2,-2.0,-825.53,0.0,0.25,79.38
2014-04-09,0.00976179,103.55,1827.0,119.4,3.2,-2.0,-825.53,0.0,0.25,79.48
2014-04-08,0.00976179,102.57,1784.75,118.2,3.2,-2.0,-825.53,0.0,0.25,79.75
2014-04-07,0.00966425,100.43,1782.0,117.2,3.2,-2.0,-825.53,0.0,0.25,80.23
2014-04-04,0.00963755,101.16,1785.75,115.7,3.2,-2.0,-825.53,0.0,0.25,80.42
2014-04-03,0.00963755,100.29,1796.5,115.5,3.2,-2.0,-825.53,0.0,0.25,80.47
2014-04-02,0.00963755,99.6,1789.75,115.3,3.2,-2.0,-825.53,0.0,0.25,80.21
2014-04-01,0.00973575,99.69,1754.75,117.6,3.2,-2.0,-825.53,0.0,0.25,80.09
2014-03-31,0.00973575,101.57,1744.25,116.8,1.3,1.3,-1450.14,0.0,0.25,80.1
2014-03-28,0.00976179,101.73,1716.1,112.3,1.3,1.3,-1450.14,0.0,0.25,80.18
2014-03-27,0.00976179,101.25,1695.5,112.3,1.3,1.3,-1450.14,0.0,0.25,80.11
2014-03-26,0.00976179,100.61,1685.5,111.9,1.3,1.3,-1450.14,0.0,0.25,80.03
2014-03-25,0.00976179,99.66,1709.25,111.8,1.3,1.3,-1450.14,0.0,0.25,79.94
2014-03-24,0.00976179,100.05,1687.5,110.5,1.3,1.3,-1450.14,0.0,0.25,79.93
2014-03-21,0.00976179,99.97,1681.5,110.7,1.3,1.3,-1450.14,0.0,0.25,80.1
2014-03-20,0.00976179,99.38,1668.5,110.7,1.3,1.3,-1450.14,0.0,0.25,80.19
2014-03-19,0.00976179,100.41,1694.0,110.5,1.3,1.3,-1450.14,0.0,0.25,79.99
2014-03-18,0.00976179,99.78,1691.85,110.5,1.3,1.3,-1450.14,0.0,0.25,79.41
2014-03-17,0.00976179,98.13,1681.25,109.6,1.3,1.3,-1450.14,0.0,0.25,79.38
2014-03-14,0.00976179,98.93,1697.5,110.1,1.3,1.3,-1450.14,0.0,0.25,79.45
2014-03-13,0.00976179,98.27,1698.75,111.5,1.3,1.3,-1450.14,0.0,0.25,79.62
2014-03-12,0.00973575,97.99,1715.5,107.4,1.3,1.3,-1450.14,0.0,0.25,79.61
2014-03-11,0.00973575,99.99,1707.75,104.9,1.3,1.3,-1450.14,0.0,0.25,79.74
2014-03-10,0.00973575,101.09,1732.5,104.7,1.3,1.3,-1450.14,0.0,0.25,79.77
2014-03-07,0.00973575,102.52,1723.5,114.2,1.3,1.3,-1450.14,0.0,0.25,79.72
2014-03-06,0.00973575,101.52,1753.75,116.9,1.3,1.3,-1450.14,0.0,0.25,79.66
2014-03-05,0.00983821,101.45,1730.25,116.7,1.3,1.3,-1450.14,0.0,0.25,80.11
2014-03-04,0.00983821,103.34,1722.75,116.8,1.3,1.3,-1450.14,0.0,0.25,80.17
2014-03-03,0.00986064,105.04,1675.25,117.7,1.3,1.3,-1450.14,0.0,0.25,80.08
2014-02-28,0.00983821,102.58,1711.15,118.1,1.3,1.3,-806.13,0.0,0.25,79.69
2014-02-27,0.00983821,102.38,1724.75,118.0,1.3,1.3,-806.13,0.0,0.25,80.28
2014-02-26,0.00983821,102.63,1729.5,117.8,1.3,1.3,-806.13,0.0,0.25,80.43
2014-02-25,0.00983821,102.2,1725.75,119.1,1.3,1.3,-806.13,0.0,0.25,80.14
2014-02-24,0.00983821,103.17,1718.5,119.9,1.3,1.3,-806.13,0.0,0.25,80.2
2014-02-21,0.00983821,102.53,1727.5,122.4,1.3,1.3,-806.13,0.0,0.25,80.24
2014-02-20,0.00983821,103.2,1728.5,122.9,1.3,1.3,-806.13,0.0,0.25,80.29
2014-02-19,0.00983821,103.46,1725.25,123.9,1.3,1.3,-806.13,0.0,0.25,80.14
2014-02-18,0.00983821,102.54,1721.75,124.4,1.3,1.3,-806.13,0.0,0.25,80.01
2014-02-17,0.00983821,100.89,1689.25,124.4,1.3,1.3,-806.13,0.0,0.25,80.14
2014-02-14,0.00983821,100.31,1702.5,123.2,1.3,1.3,-806.13,0.0,0.25,80.15
2014-02-13,0.00983821,100.27,1700.25,122.0,1.3,1.3,-806.13,0.0,0.25,80.32
2014-02-12,0.00983821,100.38,1692.5,121.0,1.3,1.3,-806.13,0.0,0.25,80.68
2014-02-11,0.00983821,99.96,1663.6,120.0,1.3,1.3,-806.13,0.0,0.25,80.64
2014-02-10,0.00983821,100.12,1658.75,120.8,1.3,1.3,-806.13,0.0,0.25,80.64
2014-02-07,0.00983821,99.98,1677.25,120.9,1.3,1.3,-806.13,0.0,0.25,80.69
2014-02-06,0.00983821,97.84,1671.5,121.0,1.3,1.3,-806.13,0.0,0.25,80.91
2014-02-05,0.00986064,97.4,1657.25,122.4,1.3,1.3,-806.13,0.0,0.25,81.04
2014-02-04,0.00986064,97.24,1644.25,122.6,1.3,1.3,-806.13,0.0,0.25,81.12
2014-02-03,0.00976179,96.44,1633.55,122.6,1.3,1.3,-806.13,0.0,0.25,81.01
2014-01-31,0.00976179,97.55,1663.25,122.6,1.3,1.3,-2795.04,0.0,0.25,81.31
2014-01-30,0.00976179,98.25,1685.25,122.6,1.3,1.3,-2795.04,0.0,0.25,81.08
2014-01-29,0.00973575,97.34,1697.5,122.6,1.3,1.3,-2795.04,0.0,0.25,80.5
2014-01-28,0.00973575,97.49,1710.25,123.9,1.3,1.3,-2795.04,0.0,0.25,80.57
2014-01-27,0.00976179,95.82,1710.25,124.3,1.3,1.3,-2795.04,0.0,0.25,80.52
2014-01-24,0.00966425,96.66,1718.5,124.3,1.3,1.3,-2795.04,0.0,0.25,80.46
2014-01-23,0.00963755,97.23,1719.0,123.9,1.3,1.3,-2795.04,0.0,0.25,80.44
2014-01-22,0.00963755,96.35,1738.75,123.5,1.3,1.3,-2795.04,0.0,0.25,81.17
2014-01-21,0.00963755,94.89,1754.0,123.2,1.3,1.3,-2795.04,0.0,0.25,81.1
2014-01-20,0.00963755,93.34,1762.65,124.8,1.3,1.3,-2795.04,0.0,0.25,81.22
2014-01-17,0.00963755,94.34,1780.15,127.3,1.3,1.3,-2795.04,0.0,0.25,81.22
2014-01-16,0.00963755,93.92,1757.25,128.3,1.3,1.3,-2795.04,0.0,0.25,80.91
2014-01-15,0.00963755,94.16,1740.25,129.6,1.3,1.3,-2795.04,0.0,0.25,81.03
2014-01-14,0.00966425,92.53,1715.5,129.5,1.3,1.3,-2795.04,0.0,0.25,80.66
2014-01-13,0.00966425,91.83,1734.5,130.9,1.3,1.3,-2795.04,0.0,0.25,80.51
2014-01-10,0.00956245,92.77,1721.75,130.7,1.3,1.3,-2795.04,0.0,0.25,80.66
2014-01-09,0.00953507,91.74,1705.0,131.0,1.3,1.3,-2795.04,0.0,0.25,81.0
2014-01-08,0.00953507,92.28,1730.25,131.5,1.3,1.3,-2795.04,0.0,0.25,81.02
2014-01-07,0.00956245,93.69,1738.5,133.8,1.3,1.3,-2795.04,0.0,0.25,80.83
2014-01-06,0.00956245,93.5,1735.25,134.8,1.3,1.3,-2795.04,0.0,0.25,80.65
2014-01-03,0.00956245,94.04,1727.25,135.0,1.3,1.3,-2795.04,0.0,0.25,80.79
2014-01-02,0.00953507,95.52,1758.0,135.0,1.3,1.3,-2795.04,0.0,0.25,80.63
2014-01-01,0.00953507,98.04,1754.75,134.2,1.3,1.3,-2795.04,0.0,0.25,80.03
2013-12-31,0.00953507,98.55,1754.75,134.2,1.3,-0.1,-1307.16,0.0,0.25,80.03
2013-12-30,0.00953507,99.28,1776.75,134.2,1.3,-0.1,-1307.16,0.0,0.25,80.0
2013-12-27,0.00953507,100.32,1764.0,134.0,1.3,-0.1,-1307.16,0.0,0.25,80.39
2013-12-26,0.00963755,99.56,1714.5,132.1,1.3,-0.1,-1307.16,0.0,0.25,80.48
2013-12-25,0.00963755,98.84,1714.5,132.0,1.3,-0.1,-1307.16,0.0,0.25,80.45
2013-12-24,0.00963755,98.87,1714.5,132.0,1.3,-0.1,-1307.16,0.0,0.25,80.45
2013-12-23,0.00963755,98.62,1714.5,131.9,1.3,-0.1,-1307.16,0.0,0.25,80.45
2013-12-20,0.00963755,99.11,1740.1,132.7,1.3,-0.1,-1307.16,0.0,0.25,80.57
2013-12-19,0.00963755,98.63,1728.25,132.7,1.3,-0.1,-1307.16,0.0,0.25,80.63
2013-12-18,0.00973575,97.82,1752.0,133.4,1.3,-0.1,-1307.16,0.0,0.25,80.1
2013-12-17,0.00973575,97.22,1752.75,134.3,1.3,-0.1,-1307.16,0.0,0.25,80.06
2013-12-16,0.00973575,97.41,1748.25,134.9,1.3,-0.1,-1307.16,0.0,0.25,80.07
2013-12-13,0.00973575,96.5,1755.25,136.0,1.3,-0.1,-1307.16,0.0,0.25,80.21
2013-12-12,0.00973575,97.44,1748.6,137.9,1.3,-0.1,-1307.16,0.0,0.25,80.21
2013-12-11,0.00973575,97.48,1773.25,139.1,1.3,-0.1,-1307.16,0.0,0.25,79.89
2013-12-10,0.00973575,98.55,1759.25,139.4,1.3,-0.1,-1307.16,0.0,0.25,79.97
2013-12-09,0.00973575,97.33,1747.25,139.4,1.3,-0.1,-1307.16,0.0,0.25,80.13
2013-12-06,0.00976179,97.71,1734.75,139.2,1.3,-0.1,-1307.16,0.0,0.25,80.31
2013-12-05,0.00976179,97.37,1714.0,139.5,1.3,-0.1,-1307.16,0.0,0.25,80.23
2013-12-04,0.00976179,97.2,1727.25,139.7,1.3,-0.1,-1307.16,0.0,0.25,80.62
2013-12-03,0.00973575,96.06,1694.0,138.2,1.3,-0.1,-1307.16,0.0,0.25,80.92
2013-12-02,0.00973575,93.84,1696.75,136.8,1.3,-0.1,-1307.16,0.0,0.25,80.92
2013-11-29,0.00983821,92.78,1710.0,136.4,1.2,-0.1,-1301.09,0.0,0.25,80.68
2013-11-28,0.00983821,92.28,1708.5,136.4,1.2,-0.1,-1301.09,0.0,0.25,80.72
2013-11-27,0.00983821,92.28,1709.75,136.0,1.2,-0.1,-1301.09,0.0,0.25,80.72
2013-11-26,0.00986064,93.64,1726.75,135.9,1.2,-0.1,-1301.09,0.0,0.25,80.61
2013-11-25,0.00983821,93.86,1728.25,136.5,1.2,-0.1,-1301.09,0.0,0.25,80.92
2013-11-22,0.00993936,94.53,1737.75,136.5,1.2,-0.1,-1301.09,0.0,0.25,80.71
2013-11-21,0.00993936,95.35,1738.75,136.3,1.2,-0.1,-1301.09,0.0,0.25,81.07
2013-11-20,0.010038600000000002,93.34,1735.5,136.4,1.2,-0.1,-1301.09,0.0,0.25,81.11
2013-11-19,0.010038600000000002,93.35,1748.5,136.3,1.2,-0.1,-1301.09,0.0,0.25,80.7
2013-11-18,0.010038600000000002,93.03,1736.75,137.0,1.2,-0.1,-1301.09,0.0,0.25,80.82
2013-11-15,0.010038600000000002,93.8,1745.25,136.8,1.2,-0.1,-1301.09,0.0,0.25,80.85
2013-11-14,0.010038600000000002,93.76,1745.5,136.6,1.2,-0.1,-1301.09,0.0,0.25,81.02
2013-11-13,0.010064700000000001,93.91,1748.5,136.1,1.2,-0.1,-1301.09,0.0,0.25,80.93
2013-11-12,0.010038600000000002,93.12,1753.25,135.9,1.2,-0.1,-1301.09,0.0,0.25,81.19
2013-11-11,0.0101353,95.13,1763.0,135.9,1.2,-0.1,-1301.09,0.0,0.25,81.09
2013-11-08,0.0101624,94.56,1771.25,135.9,1.2,-0.1,-1301.09,0.0,0.25,81.3
2013-11-07,0.0101353,94.25,1777.25,136.9,1.2,-0.1,-1301.09,0.0,0.25,80.84
2013-11-06,0.0101353,94.74,1775.75,137.1,1.2,-0.1,-1301.09,0.0,0.25,80.48
2013-11-05,0.0101624,93.4,1771.5,136.8,1.2,-0.1,-1301.09,0.0,0.25,80.71
2013-11-04,0.0101353,94.58,1776.25,135.8,1.2,-0.1,-1301.09,0.0,0.25,80.55
2013-11-01,0.010237600000000001,94.56,1799.25,135.3,1.2,-0.1,-1301.09,0.0,0.25,80.72
2013-10-31,0.010237600000000001,96.29,1814.75,131.9,0.9,-0.1,-1100.42,0.0,0.25,80.19
2013-10-30,0.010237600000000001,96.81,1847.25,131.2,0.9,-0.1,-1100.42,0.0,0.25,79.78
2013-10-29,0.010237600000000001,98.29,1837.5,131.3,0.9,-0.1,-1100.42,0.0,0.25,79.61
2013-10-28,0.010237600000000001,98.74,1849.5,131.8,0.9,-0.1,-1100.42,0.0,0.25,79.25
2013-10-25,0.010264,97.4,1836.5,133.3,0.9,-0.1,-1100.42,0.0,0.25,79.19
2013-10-24,0.010264,96.64,1815.0,133.5,0.9,-0.1,-1100.42,0.0,0.25,79.18
2013-10-23,0.010264,96.9,1797.75,133.2,0.9,-0.1,-1100.42,0.0,0.25,79.26
2013-10-22,0.0101624,97.63,1832.75,133.3,0.9,-0.1,-1100.42,0.0,0.25,79.23
2013-10-21,0.0101624,99.28,1803.5,134.4,0.9,-0.1,-1100.42,0.0,0.25,79.69
2013-10-18,0.0101624,100.87,1802.25,134.4,0.9,-0.1,-1100.42,0.0,0.25,79.65
2013-10-17,0.0101624,100.72,1804.0,134.4,0.9,-0.1,-1100.42,0.0,0.25,79.65
2013-10-16,0.0101353,102.34,1809.0,133.7,0.9,-0.1,-1100.42,0.0,0.25,80.47
2013-10-15,0.010237600000000001,101.15,1801.5,133.6,0.9,-0.1,-1100.42,0.0,0.25,80.48
2013-10-14,0.010237600000000001,102.46,1822.75,133.6,0.9,-0.1,-1100.42,0.0,0.25,80.26
2013-10-11,0.010237600000000001,102.17,1836.0,133.1,0.9,-0.1,-1100.42,0.0,0.25,80.41
2013-10-10,0.010237600000000001,103.08,1836.25,133.0,0.9,-0.1,-1100.42,0.0,0.25,80.42
2013-10-09,0.010264,101.63,1811.25,131.8,0.9,-0.1,-1100.42,0.0,0.25,80.38
2013-10-08,0.010264,103.54,1818.25,131.7,0.9,-0.1,-1100.42,0.0,0.25,80.06
2013-10-07,0.010264,103.07,1807.9,131.4,0.9,-0.1,-1100.42,0.0,0.25,79.94
2013-10-04,0.010264,103.83,1799.75,131.4,0.9,-0.1,-1100.42,0.0,0.25,80.13
2013-10-03,0.010264,103.29,1781.75,131.4,0.9,-0.1,-1100.42,0.0,0.25,79.75
2013-10-02,0.0101624,104.15,1791.25,131.4,0.9,-0.1,-1100.42,0.0,0.25,79.9
2013-10-01,0.0101624,102.09,1779.0,131.4,0.9,-0.1,-1100.42,0.0,0.25,80.14
2013-09-30,0.0101624,102.36,1798.35,131.4,0.7,0.5,-943.24,0.0,0.25,80.22
2013-09-27,0.010064700000000001,102.86,1794.25,131.9,0.7,0.5,-943.24,0.0,0.25,80.29
2013-09-26,0.010064700000000001,103.1,1775.75,133.8,0.7,0.5,-943.24,0.0,0.25,80.52
2013-09-25,0.010064700000000001,102.68,1757.5,133.8,0.7,0.5,-943.24,0.0,0.25,80.33
2013-09-24,0.010064700000000001,103.22,1749.25,132.7,0.7,0.5,-943.24,0.0,0.25,80.56
2013-09-23,0.010064700000000001,103.62,1770.75,132.4,0.7,0.5,-943.24,0.0,0.25,80.45
2013-09-20,0.010064700000000001,104.7,1754.5,131.8,0.7,0.5,-943.24,0.0,0.25,80.43
2013-09-19,0.010064700000000001,106.26,1784.0,131.8,0.7,0.5,-943.24,0.0,0.25,80.37
2013-09-18,0.010064700000000001,108.23,1738.0,131.7,0.7,0.5,-943.24,0.0,0.25,80.24
2013-09-17,0.010064700000000001,105.36,1730.75,131.1,0.7,0.5,-943.24,0.0,0.25,81.14
2013-09-16,0.010064700000000001,106.54,1735.5,134.1,0.7,0.5,-943.24,0.0,0.25,81.29
2013-09-13,0.010038600000000002,108.31,1744.5,134.5,0.7,0.5,-943.24,0.0,0.25,81.45
2013-09-12,0.010064700000000001,108.72,1766.25,135.2,0.7,0.5,-943.24,0.0,0.25,81.49
2013-09-11,0.010038600000000002,107.65,1755.25,135.1,0.7,0.5,-943.24,0.0,0.25,81.52
2013-09-10,0.010038600000000002,107.48,1749.0,135.2,0.7,0.5,-943.24,0.0,0.25,81.82
2013-09-09,0.010038600000000002,109.62,1758.0,134.8,0.7,0.5,-943.24,0.0,0.25,81.79
2013-09-06,0.010038600000000002,110.62,1777.0,134.1,0.7,0.5,-943.24,0.0,0.25,82.15
2013-09-05,0.010038600000000002,108.5,1751.05,137.1,0.7,0.5,-943.24,0.0,0.25,82.63
2013-09-04,0.010038600000000002,107.29,1741.75,138.0,0.7,0.5,-943.24,0.0,0.25,82.17
2013-09-03,0.010038600000000002,108.67,1774.5,138.7,0.7,0.5,-943.24,0.0,0.25,82.36
2013-09-02,0.0101353,107.98,1781.5,138.7,0.7,0.5,-943.24,0.0,0.25,82.09
2013-08-30,0.010237600000000001,107.98,1766.0,137.7,0.8,0.5,-971.4,0.0,0.25,82.09
2013-08-29,0.010237600000000001,108.51,1787.25,138.3,0.8,0.5,-971.4,0.0,0.25,81.95
2013-08-28,0.010264,110.17,1815.25,138.5,0.8,0.5,-971.4,0.0,0.25,81.43
2013-08-27,0.0101624,109.11,1837.5,138.7,0.8,0.5,-971.4,0.0,0.25,81.17
2013-08-26,0.0101353,105.88,1846.6,138.7,0.8,0.5,-971.4,0.0,0.25,81.41
2013-08-23,0.0101353,106.47,1846.6,138.6,0.8,0.5,-971.4,0.0,0.25,81.36
2013-08-22,0.010237600000000001,104.92,1837.0,137.7,0.8,0.5,-971.4,0.0,0.25,81.49
2013-08-21,0.010264,103.92,1848.25,137.8,0.8,0.5,-971.4,0.0,0.25,81.21
2013-08-20,0.010264,104.89,1865.25,139.0,0.8,0.5,-971.4,0.0,0.25,80.91
2013-08-19,0.010237600000000001,107.13,1865.75,139.2,0.8,0.5,-971.4,0.0,0.25,81.23
2013-08-16,0.010264,107.57,1898.5,137.9,0.8,0.5,-971.4,0.0,0.25,81.26
2013-08-15,0.0102751,107.42,1861.0,141.2,0.8,0.5,-971.4,0.0,0.25,81.18
2013-08-14,0.0102751,106.88,1844.5,142.8,0.8,0.5,-971.4,0.0,0.25,81.71
2013-08-13,0.0102751,106.77,1833.55,141.8,0.8,0.5,-971.4,0.0,0.25,81.77
2013-08-12,0.0103646,106.18,1837.55,138.7,0.8,0.5,-971.4,0.0,0.25,81.33
2013-08-09,0.0103646,106.03,1825.6,133.1,0.8,0.5,-971.4,0.0,0.25,81.13
2013-08-08,0.0103646,103.44,1794.55,133.1,0.8,0.5,-971.4,0.0,0.25,80.98
2013-08-07,0.010264,104.4,1750.25,133.1,0.8,0.5,-971.4,0.0,0.25,81.29
2013-08-06,0.0101624,105.31,1741.8,131.4,0.8,0.5,-971.4,0.0,0.25,81.6
2013-08-05,0.0101353,106.6,1753.55,130.2,0.8,0.5,-971.4,0.0,0.25,81.88
2013-08-02,0.0101353,106.93,1764.5,130.1,0.8,0.5,-971.4,0.0,0.25,81.91
2013-08-01,0.0101353,107.92,1766.75,129.7,0.8,0.5,-971.4,0.0,0.25,82.34
2013-07-31,0.0101624,105.09,1757.25,129.9,0.6,0.5,-1032.45,0.0,0.25,81.45
2013-07-30,0.0101624,103.13,1729.0,130.9,0.6,0.5,-1032.45,0.0,0.25,81.83
2013-07-29,0.0101624,104.6,1748.5,131.7,0.6,0.5,-1032.45,0.0,0.25,81.66
2013-07-26,0.010064700000000001,104.75,1750.0,132.6,0.6,0.5,-1032.45,0.0,0.25,81.66
2013-07-25,0.010038600000000002,105.47,1778.75,132.1,0.6,0.5,-1032.45,0.0,0.25,81.97
2013-07-24,0.010038600000000002,105.4,1805.25,132.1,0.6,0.5,-1032.45,0.0,0.25,82.29
2013-07-23,0.010038600000000002,107.13,1800.25,131.9,0.6,0.5,-1032.45,0.0,0.25,81.94
2013-07-22,0.010038600000000002,106.61,1803.25,131.5,0.6,0.5,-1032.45,0.0,0.25,82.22
2013-07-19,0.010038600000000002,108.0,1781.5,131.7,0.6,0.5,-1032.45,0.0,0.25,82.62
2013-07-18,0.010038600000000002,107.94,1760.75,131.9,0.6,0.5,-1032.45,0.0,0.25,82.82
2013-07-17,0.010064700000000001,106.39,1758.5,130.4,0.6,0.5,-1032.45,0.0,0.25,82.71
2013-07-16,0.010038600000000002,105.88,1770.25,129.0,0.6,0.5,-1032.45,0.0,0.25,82.5
2013-07-15,0.010038600000000002,106.2,1760.0,126.9,0.6,0.5,-1032.45,0.0,0.25,83.04
2013-07-12,0.010029399999999999,105.85,1802.5,126.8,0.6,0.5,-1032.45,0.0,0.25,82.99
2013-07-11,0.010029399999999999,104.77,1791.25,125.2,0.6,0.5,-1032.45,0.0,0.25,82.75
2013-07-10,0.00993936,106.41,1773.0,123.9,0.6,0.5,-1032.45,0.0,0.25,84.04
2013-07-09,0.00993936,103.46,1745.5,123.7,0.6,0.5,-1032.45,0.0,0.25,84.58
2013-07-08,0.00993936,103.03,1757.25,121.9,0.6,0.5,-1032.45,0.0,0.25,84.19
2013-07-05,0.010038600000000002,103.09,1723.75,122.6,0.6,0.5,-1032.45,0.0,0.25,84.44
2013-07-04,0.010038600000000002,101.92,1767.75,122.0,0.6,0.5,-1032.45,0.0,0.25,83.23
2013-07-03,0.010038600000000002,101.92,1763.25,120.5,0.6,0.5,-1032.45,0.0,0.25,83.23
2013-07-02,0.010038600000000002,99.65,1789.5,119.3,0.6,0.5,-1032.45,0.0,0.25,83.54
2013-07-01,0.010038600000000002,97.94,1784.0,116.9,0.6,0.5,-1032.45,0.0,0.25,83.05
2013-06-28,0.0101353,96.36,1729.75,116.5,0.4,0.7,-180.52,0.0,0.25,83.14
2013-06-27,0.010237600000000001,97.0,1721.0,115.3,0.4,0.7,-180.52,0.0,0.25,82.9
2013-06-26,0.010237600000000001,95.47,1725.75,113.8,0.4,0.7,-180.52,0.0,0.25,82.98
2013-06-25,0.010237600000000001,95.25,1738.75,114.0,0.4,0.7,-180.52,0.0,0.25,82.58
2013-06-24,0.010237600000000001,95.06,1725.6,116.6,0.4,0.7,-180.52,0.0,0.25,82.42
2013-06-21,0.010372,93.81,1747.55,118.6,0.4,0.7,-180.52,0.0,0.25,82.41
2013-06-20,0.010372,94.89,1752.0,120.6,0.4,0.7,-180.52,0.0,0.25,81.91
2013-06-19,0.010537000000000001,98.24,1783.75,120.0,0.4,0.7,-180.52,0.0,0.25,81.43
2013-06-18,0.010537000000000001,98.46,1795.75,117.7,0.4,0.7,-180.52,0.0,0.25,80.61
2013-06-17,0.010562700000000001,97.86,1800.75,115.0,0.4,0.7,-180.52,0.0,0.25,80.79
2013-06-14,0.010537000000000001,97.83,1810.0,113.6,0.4,0.7,-180.52,0.0,0.25,80.62
2013-06-13,0.010525299999999998,96.66,1815.85,112.0,0.4,0.7,-180.52,0.0,0.25,80.75
2013-06-12,0.0103292,95.98,1821.25,110.9,0.4,0.7,-180.52,0.0,0.25,80.95
2013-06-11,0.010237600000000001,95.5,1846.25,110.9,0.4,0.7,-180.52,0.0,0.25,81.11
2013-06-10,0.010237600000000001,95.82,1883.0,110.9,0.4,0.7,-180.52,0.0,0.25,81.65
2013-06-07,0.010228000000000001,96.11,1903.25,110.9,0.4,0.7,-180.52,0.0,0.25,81.67
2013-06-06,0.010064700000000001,94.71,1928.75,113.9,0.4,0.7,-180.52,0.0,0.25,81.54
2013-06-05,0.00996144,93.66,1944.0,116.6,0.4,0.7,-180.52,0.0,0.25,82.59
2013-06-04,0.00996144,93.36,1920.0,116.6,0.4,0.7,-180.52,0.0,0.25,82.77
2013-06-03,0.00996144,93.41,1897.75,111.9,0.4,0.7,-180.52,0.0,0.25,82.66
2013-05-31,0.00986064,91.93,1877.75,110.4,0.0,0.7,-991.32,0.0,0.25,83.26
2013-05-30,0.00986064,93.57,1876.0,111.6,0.0,0.7,-991.32,0.0,0.25,83.04
2013-05-29,0.00983821,93.13,1828.5,112.9,0.0,0.7,-991.32,0.0,0.25,83.66
2013-05-28,0.00983821,94.65,1817.25,117.8,0.0,0.7,-991.32,0.0,0.25,84.1
2013-05-27,0.00986064,93.84,1805.5,120.9,0.0,0.7,-991.32,0.0,0.25,83.7
2013-05-24,0.00976179,93.84,1805.5,123.2,0.0,0.7,-991.32,0.0,0.25,83.7
2013-05-23,0.00976179,94.11,1816.5,123.2,0.0,0.7,-991.32,0.0,0.25,83.8
2013-05-22,0.00973575,93.97,1850.0,123.2,0.0,0.7,-991.32,0.0,0.25,84.35
2013-05-21,0.00976179,95.54,1827.0,123.6,0.0,0.7,-991.32,0.0,0.25,83.86
2013-05-20,0.00973575,96.28,1829.5,123.0,0.0,0.7,-991.32,0.0,0.25,83.74
2013-05-17,0.00973575,95.71,1820.0,123.1,0.0,0.7,-991.32,0.0,0.25,84.25
2013-05-16,0.00983821,94.84,1825.25,125.0,0.0,0.7,-991.32,0.0,0.25,83.59
2013-05-15,0.00983821,93.94,1807.0,126.4,0.0,0.7,-991.32,0.0,0.25,83.83
2013-05-14,0.00983821,93.95,1827.5,128.1,0.0,0.7,-991.32,0.0,0.25,83.59
2013-05-13,0.00983821,94.75,1840.0,129.4,0.0,0.7,-991.32,0.0,0.25,83.28
2013-05-10,0.00997872,95.8,1843.25,129.6,0.0,0.7,-991.32,0.0,0.25,83.14
2013-05-09,0.0101353,96.08,1862.0,130.2,0.0,0.7,-991.32,0.0,0.25,82.79
2013-05-08,0.0101353,96.23,1876.25,130.2,0.0,0.7,-991.32,0.0,0.25,81.9
2013-05-07,0.0101353,95.27,1847.75,130.0,0.0,0.7,-991.32,0.0,0.25,82.25
2013-05-06,0.0101353,95.79,1847.0,128.1,0.0,0.7,-991.32,0.0,0.25,82.31
2013-05-03,0.010237600000000001,95.24,1847.0,128.1,0.0,0.7,-991.32,0.0,0.25,82.1
2013-05-02,0.010264,93.69,1774.25,129.4,0.0,0.7,-991.32,0.0,0.25,82.22
2013-05-01,0.010264,90.73,1785.75,134.1,0.0,0.7,-991.32,0.0,0.25,81.48
2013-04-30,0.0101624,93.21,1832.25,134.1,-0.4,0.7,-877.36,0.0,0.25,81.75
2013-04-29,0.0101624,94.08,1860.75,134.1,-0.4,0.7,-877.36,0.0,0.25,82.15
2013-04-26,0.010064700000000001,92.63,1845.0,134.1,-0.4,0.7,-877.36,0.0,0.25,82.47
2013-04-25,0.010064700000000001,93.27,1912.0,134.6,-0.4,0.7,-877.36,0.0,0.25,82.74
2013-04-24,0.010064700000000001,91.06,1880.75,135.1,-0.4,0.7,-877.36,0.0,0.25,83.05
2013-04-23,0.010064700000000001,89.21,1868.0,136.4,-0.4,0.7,-877.36,0.0,0.25,83.05
2013-04-22,0.010038600000000002,88.81,1865.25,138.0,-0.4,0.7,-877.36,0.0,0.25,82.68
2013-04-19,0.0101353,88.04,1859.75,138.0,-0.4,0.7,-877.36,0.0,0.25,82.71
2013-04-18,0.010237600000000001,87.83,1884.75,138.6,-0.4,0.7,-877.36,0.0,0.25,82.56
2013-04-17,0.010237600000000001,86.65,1866.0,139.3,-0.4,0.7,-877.36,0.0,0.25,82.68
2013-04-16,0.010264,88.73,1883.25,139.4,-0.4,0.7,-877.36,0.0,0.25,81.75
2013-04-15,0.0101624,88.75,1832.25,140.9,-0.4,0.7,-877.36,0.0,0.25,82.42
2013-04-12,0.010064700000000001,91.23,1818.75,141.0,-0.4,0.7,-877.36,0.0,0.25,82.13
2013-04-11,0.010038600000000002,93.44,1864.5,140.9,-0.4,0.7,-877.36,0.0,0.25,82.25
2013-04-10,0.0101706,94.59,1875.0,140.6,-0.4,0.7,-877.36,0.0,0.25,82.53
2013-04-09,0.0101706,94.18,1883.25,139.1,-0.4,0.7,-877.36,0.0,0.25,82.31
2013-04-08,0.0101706,93.36,1853.0,137.6,-0.4,0.7,-877.36,0.0,0.25,82.75
2013-04-05,0.010408,92.76,1850.5,135.9,-0.4,0.7,-877.36,0.0,0.25,82.5
2013-04-04,0.010637299999999999,93.26,1856.0,135.9,-0.4,0.7,-877.36,0.0,0.25,82.68
2013-04-03,0.0106611,95.02,1839.5,135.6,-0.4,0.7,-877.36,0.0,0.25,82.72
2013-04-02,0.0106611,97.23,1851.0,136.1,-0.4,0.7,-877.36,0.0,0.25,82.92
2013-04-01,0.0106611,97.1,1875.25,137.3,-0.4,0.7,-877.36,0.0,0.25,82.73
2013-03-29,0.010562700000000001,97.24,1875.25,137.3,-0.5,1.0,-356.89,0.0,0.25,83.22
2013-03-28,0.010562700000000001,97.24,1875.25,137.3,-0.5,1.0,-356.89,0.0,0.25,82.99
2013-03-27,0.010562700000000001,96.53,1885.75,137.4,-0.5,1.0,-356.89,0.0,0.25,83.22
2013-03-26,0.010562700000000001,95.99,1875.25,137.1,-0.5,1.0,-356.89,0.0,0.25,82.88
2013-03-25,0.010562700000000001,94.55,1895.5,136.0,-0.5,1.0,-356.89,0.0,0.25,82.83
2013-03-22,0.010562700000000001,93.4,1914.5,135.3,-0.5,1.0,-356.89,0.0,0.25,82.53
2013-03-21,0.010463,92.46,1893.25,134.2,-0.5,1.0,-356.89,0.0,0.25,82.74
2013-03-20,0.010463,93.21,1900.75,134.1,-0.5,1.0,-356.89,0.0,0.25,82.78
2013-03-19,0.010463,93.71,1895.0,134.4,-0.5,1.0,-356.89,0.0,0.25,82.99
2013-03-18,0.010463,93.71,1893.5,134.6,-0.5,1.0,-356.89,0.0,0.25,82.69
2013-03-15,0.0104354,93.49,1923.3,134.6,-0.5,1.0,-356.89,0.0,0.25,82.13
2013-03-14,0.0104354,93.03,1938.85,132.9,-0.5,1.0,-356.89,0.0,0.25,82.61
2013-03-13,0.0104354,92.47,1923.5,139.0,-0.5,1.0,-356.89,0.0,0.25,82.89
2013-03-12,0.0104354,92.44,1939.0,143.4,-0.5,1.0,-356.89,0.0,0.25,82.58
2013-03-11,0.0104354,92.07,1909.25,144.1,-0.5,1.0,-356.89,0.0,0.25,82.57
2013-03-08,0.010537000000000001,92.01,1923.25,148.2,-0.5,1.0,-356.89,0.0,0.25,82.71
2013-03-07,0.010637299999999999,91.53,1936.5,148.03,-0.5,1.0,-356.89,0.0,0.25,82.08
2013-03-06,0.0107389,90.47,1910.0,145.8,-0.5,1.0,-356.89,0.0,0.25,82.46
2013-03-05,0.0107389,90.88,1932.5,145.2,-0.5,1.0,-356.89,0.0,0.25,82.09
2013-03-04,0.0107389,90.13,1928.75,148.8,-0.5,1.0,-356.89,0.0,0.25,82.19
2013-03-01,0.010839399999999999,90.71,1932.0,150.6,-0.5,1.0,-356.89,0.0,0.25,82.28
2013-02-28,0.010839399999999999,92.03,1961.75,151.7,-0.3,1.0,-773.32,0.0,0.25,81.95
2013-02-27,0.0108262,92.84,1975.5,151.9,-0.3,1.0,-773.32,0.0,0.25,81.6
2013-02-26,0.0108262,92.63,1978.0,151.9,-0.3,1.0,-773.32,0.0,0.25,81.87
2013-02-25,0.0106611,92.74,1993.25,151.9,-0.3,1.0,-773.32,0.0,0.25,81.67
2013-02-22,0.0106611,93.11,2004.75,153.6,-0.3,1.0,-773.32,0.0,0.25,81.46
2013-02-21,0.0106611,92.79,2034.25,156.2,-0.3,1.0,-773.32,0.0,0.25,81.46
2013-02-20,0.0106611,94.92,2060.75,158.9,-0.3,1.0,-773.32,0.0,0.25,81.07
2013-02-19,0.0106611,96.69,2069.0,158.0,-0.3,1.0,-773.32,0.0,0.25,80.47
2013-02-18,0.010674700000000002,95.95,2077.0,157.2,-0.3,1.0,-773.32,0.0,0.25,80.58
2013-02-15,0.0107606,95.95,2127.25,155.1,-0.3,1.0,-773.32,0.0,0.25,80.58
2013-02-14,0.0106611,97.3,2115.25,155.1,-0.3,1.0,-773.32,0.0,0.25,80.46
2013-02-13,0.0106611,97.01,2100.0,155.1,-0.3,1.0,-773.32,0.0,0.25,80.09
2013-02-12,0.010674700000000002,97.48,2078.25,155.1,-0.3,1.0,-773.32,0.0,0.25,80.11
2013-02-11,0.0107606,97.01,2063.0,155.1,-0.3,1.0,-773.32,0.0,0.25,80.31
2013-02-08,0.0107389,95.71,2080.25,155.1,-0.3,1.0,-773.32,0.0,0.25,80.21
2013-02-07,0.0107389,95.84,2060.5,155.1,-0.3,1.0,-773.32,0.0,0.25,80.19
2013-02-06,0.0107389,96.44,2058.65,155.1,-0.3,1.0,-773.32,0.0,0.25,79.72
2013-02-05,0.010839399999999999,96.68,2073.0,154.2,-0.3,1.0,-773.32,0.0,0.25,79.49
2013-02-04,0.010839399999999999,96.21,2073.75,154.2,-0.3,1.0,-773.32,0.0,0.25,79.55
2013-02-01,0.0109369,97.56,2087.75,153.2,-0.3,1.0,-773.32,0.0,0.25,79.21
2013-01-31,0.0110756,97.65,2054.25,152.5,-0.2,1.0,-1633.11,0.0,0.25,79.21
2013-01-30,0.0110756,97.98,2066.5,149.4,-0.2,1.0,-1633.11,0.0,0.25,79.28
2013-01-29,0.0110756,97.62,2022.25,148.4,-0.2,1.0,-1633.11,0.0,0.25,79.56
2013-01-28,0.0110756,95.94,2013.0,148.4,-0.2,1.0,-1633.11,0.0,0.25,79.75
2013-01-25,0.0110756,95.15,2011.0,148.6,-0.2,1.0,-1633.11,0.0,0.25,79.75
2013-01-24,0.011238600000000001,95.35,2041.0,148.6,-0.2,1.0,-1633.11,0.0,0.25,79.95
2013-01-23,0.011261700000000001,95.06,2039.25,147.7,-0.2,1.0,-1633.11,0.0,0.25,79.92
2013-01-22,0.011161399999999998,96.09,2038.5,145.9,-0.2,1.0,-1633.11,0.0,0.25,79.87
2013-01-21,0.011137600000000001,95.61,2004.0,145.9,-0.2,1.0,-1633.11,0.0,0.25,80.04
2013-01-18,0.011137600000000001,95.61,2006.5,145.1,-0.2,1.0,-1633.11,0.0,0.25,80.04
2013-01-17,0.011238600000000001,95.49,2012.75,145.4,-0.2,1.0,-1633.11,0.0,0.25,79.65
2013-01-16,0.011261700000000001,94.28,2007.25,145.4,-0.2,1.0,-1633.11,0.0,0.25,79.8
2013-01-15,0.011238600000000001,93.26,2014.75,152.9,-0.2,1.0,-1633.11,0.0,0.25,79.78
2013-01-14,0.011238600000000001,94.27,2015.25,154.6,-0.2,1.0,-1633.11,0.0,0.25,79.49
2013-01-11,0.011238600000000001,93.6,2063.1,154.9,-0.2,1.0,-1633.11,0.0,0.25,79.56
2013-01-10,0.011338299999999999,93.81,2080.0,158.2,-0.2,1.0,-1633.11,0.0,0.25,79.74
2013-01-09,0.0114375,93.08,2040.5,158.5,-0.2,1.0,-1633.11,0.0,0.25,80.56
2013-01-08,0.0114375,93.21,2031.25,158.5,-0.2,1.0,-1633.11,0.0,0.25,80.34
2013-01-07,0.0114375,93.2,2029.25,153.9,-0.2,1.0,-1633.11,0.0,0.25,80.26
2013-01-04,0.0114375,93.12,2027.25,153.3,-0.2,1.0,-1633.11,0.0,0.25,80.5
2013-01-03,0.0115382,92.97,2082.5,149.8,-0.2,1.0,-1633.11,0.0,0.25,80.38
2013-01-02,0.0115382,93.14,2127.25,144.9,-0.2,1.0,-1633.11,0.0,0.25,79.84
2013-01-01,0.0115382,91.83,2041.0,144.9,-0.2,1.0,-1633.11,0.0,0.25,79.77
2012-12-31,0.0116394,91.83,2041.0,144.9,-0.2,-0.1,-645.74,0.0,0.25,79.77
2012-12-28,0.0116394,90.66,2030.75,139.4,-0.2,-0.1,-645.74,0.0,0.25,79.68
2012-12-27,0.0117384,90.91,2046.0,139.4,-0.2,-0.1,-645.74,0.0,0.25,79.62
2012-12-26,0.0118397,90.71,2039.75,135.4,-0.2,-0.1,-645.74,0.0,0.25,79.62
2012-12-25,0.0118397,88.29,2039.75,135.4,-0.2,-0.1,-645.74,0.0,0.25,79.64
2012-12-24,0.0118397,88.29,2039.75,135.4,-0.2,-0.1,-645.74,0.0,0.25,79.64
2012-12-21,0.011939,88.2,2048.25,135.4,-0.2,-0.1,-645.74,0.0,0.25,79.62
2012-12-20,0.011939,89.75,2026.0,135.5,-0.2,-0.1,-645.74,0.0,0.25,79.26
2012-12-19,0.011939,89.08,2048.25,135.5,-0.2,-0.1,-645.74,0.0,0.25,79.27
2012-12-18,0.011939,87.45,2079.75,132.2,-0.2,-0.1,-645.74,0.0,0.25,79.36
2012-12-17,0.011939,86.7,2149.75,132.2,-0.2,-0.1,-645.74,0.0,0.25,79.57
2012-12-14,0.0120365,86.31,2138.25,129.3,-0.2,-0.1,-645.74,0.0,0.25,79.58
2012-12-13,0.0120365,85.38,2132.75,126.4,-0.2,-0.1,-645.74,0.0,0.25,79.93
2012-12-12,0.012139,86.34,2141.25,125.0,-0.2,-0.1,-645.74,0.0,0.25,79.81
2012-12-11,0.012139,85.35,2110.0,124.9,-0.2,-0.1,-645.74,0.0,0.25,80.06
2012-12-10,0.012139,85.13,2123.5,123.4,-0.2,-0.1,-645.74,0.0,0.25,80.33
2012-12-07,0.012139,85.44,2086.75,121.0,-0.2,-0.1,-645.74,0.0,0.25,80.41
2012-12-06,0.012139,85.46,2089.75,118.4,-0.2,-0.1,-645.74,0.0,0.25,80.26
2012-12-05,0.0121613,87.35,2106.25,117.9,-0.2,-0.1,-645.74,0.0,0.25,79.77
2012-12-04,0.0121613,88.03,2092.5,117.1,-0.2,-0.1,-645.74,0.0,0.25,79.64
2012-12-03,0.0121613,88.68,2118.0,115.3,-0.2,-0.1,-645.74,0.0,0.25,79.88
2012-11-30,0.012139,88.53,2094.0,115.6,-0.1,-0.1,-957.04,0.0,0.25,80.15
2012-11-29,0.0121613,87.63,2065.25,116.9,-0.1,-0.1,-957.04,0.0,0.25,80.2
2012-11-28,0.0121613,86.09,1992.0,117.9,-0.1,-0.1,-957.04,0.0,0.25,80.34
2012-11-27,0.0121613,86.8,2000.5,117.9,-0.1,-0.1,-957.04,0.0,0.25,80.4
2012-11-26,0.0121613,87.27,1986.5,118.2,-0.1,-0.1,-957.04,0.0,0.25,80.25
2012-11-23,0.012139,87.08,1969.5,118.9,-0.1,-0.1,-957.04,0.0,0.25,80.19
2012-11-22,0.012139,87.08,1925.75,118.7,-0.1,-0.1,-957.04,0.0,0.25,80.93
2012-11-21,0.0122387,87.08,1910.75,120.6,-0.1,-0.1,-957.04,0.0,0.25,80.93
2012-11-20,0.0123351,86.46,1946.5,120.6,-0.1,-0.1,-957.04,0.0,0.25,80.96
2012-11-19,0.0123351,89.05,1955.0,122.8,-0.1,-0.1,-957.04,0.0,0.25,80.87
2012-11-16,0.0123351,86.62,1930.25,122.8,-0.1,-0.1,-957.04,0.0,0.25,81.26
2012-11-15,0.012436200000000001,85.45,1943.0,122.8,-0.1,-0.1,-957.04,0.0,0.25,81.08
2012-11-14,0.0125371,86.32,1948.75,122.4,-0.1,-0.1,-957.04,0.0,0.25,81.06
2012-11-13,0.012563,85.38,1967.25,122.3,-0.1,-0.1,-957.04,0.0,0.25,81.08
2012-11-12,0.012563,85.56,1951.0,122.1,-0.1,-0.1,-957.04,0.0,0.25,81.03
2012-11-09,0.012563,86.08,1901.5,122.1,-0.1,-0.1,-957.04,0.0,0.25,81.03
2012-11-08,0.012462899999999999,85.07,1902.0,121.4,-0.1,-0.1,-957.04,0.0,0.25,80.79
2012-11-07,0.012462899999999999,84.5,1897.0,121.6,-0.1,-0.1,-957.04,0.0,0.25,80.76
2012-11-06,0.012462899999999999,88.62,1892.0,121.1,-0.1,-0.1,-957.04,0.0,0.25,80.61
2012-11-05,0.012436200000000001,85.64,1878.75,120.5,-0.1,-0.1,-957.04,0.0,0.25,80.75
2012-11-02,0.012436200000000001,84.9,1899.5,120.1,-0.1,-0.1,-957.04,0.0,0.25,80.59
2012-11-01,0.0125371,87.05,1917.5,120.3,-0.1,-0.1,-957.04,0.0,0.25,80.05
2012-10-31,0.0125371,86.23,1877.5,119.3,0.0,-0.1,-556.19,0.0,0.25,79.92
2012-10-30,0.012563,85.65,1882.25,119.8,0.0,-0.1,-556.19,0.0,0.25,79.93
2012-10-29,0.0125371,85.52,1869.25,120.0,0.0,-0.1,-556.19,0.0,0.25,80.23
2012-10-26,0.0125371,85.84,1895.75,119.6,0.0,-0.1,-556.19,0.0,0.25,80.07
2012-10-25,0.0125371,85.59,1911.25,120.0,0.0,-0.1,-556.19,0.0,0.25,80.04
2012-10-24,0.0125371,85.39,1912.0,118.7,0.0,-0.1,-556.19,0.0,0.25,79.91
2012-10-23,0.0125371,86.65,1923.25,117.5,0.0,-0.1,-556.19,0.0,0.25,79.98
2012-10-22,0.012637,88.3,1933.75,117.5,0.0,-0.1,-556.19,0.0,0.25,79.65
2012-10-19,0.012637,90.0,1946.25,115.3,0.0,-0.1,-556.19,0.0,0.25,79.62
2012-10-18,0.012637,92.0,1991.5,115.5,0.0,-0.1,-556.19,0.0,0.25,79.37
2012-10-17,0.0127379,91.97,1959.75,115.4,0.0,-0.1,-556.19,0.0,0.25,79.02
2012-10-16,0.0127379,92.07,1929.75,112.6,0.0,-0.1,-556.19,0.0,0.25,79.4
2012-10-15,0.0127379,91.84,1935.25,113.0,0.0,-0.1,-556.19,0.0,0.25,79.74
2012-10-12,0.012762,91.83,1968.5,114.5,0.0,-0.1,-556.19,0.0,0.25,79.67
2012-10-11,0.012762,92.19,1992.25,115.8,0.0,-0.1,-556.19,0.0,0.25,79.77
2012-10-10,0.012762,91.24,1980.25,117.7,0.0,-0.1,-556.19,0.0,0.25,79.92
2012-10-09,0.012762,92.42,2025.0,117.2,0.0,-0.1,-556.19,0.0,0.25,79.95
2012-10-08,0.012762,89.43,2052.75,110.4,0.0,-0.1,-556.19,0.0,0.25,79.54
2012-10-05,0.0127379,89.87,2085.0,104.2,0.0,-0.1,-556.19,0.0,0.25,79.34
2012-10-04,0.0127379,91.69,2087.5,104.2,0.0,-0.1,-556.19,0.0,0.25,79.35
2012-10-03,0.012837999999999999,88.19,2074.0,104.2,0.0,-0.1,-556.19,0.0,0.25,79.96
2012-10-02,0.012837999999999999,91.88,2078.75,104.2,0.0,-0.1,-556.19,0.0,0.25,79.74
2012-10-01,0.012837999999999999,92.44,2097.5,104.2,0.0,-0.1,-556.19,0.0,0.25,79.82
2012-09-28,0.0128642,92.18,2084.75,104.2,-0.1,-0.5,-568.19,0.0,0.25,79.93
2012-09-27,0.0128642,91.89,2079.5,104.2,-0.1,-0.5,-568.19,0.0,0.25,79.55
2012-09-26,0.0128642,89.92,2042.75,104.2,-0.1,-0.5,-568.19,0.0,0.25,79.88
2012-09-25,0.0128642,91.06,2078.5,103.7,-0.1,-0.5,-568.19,0.0,0.25,79.55
2012-09-24,0.012762,91.67,2057.5,103.7,-0.1,-0.5,-568.19,0.0,0.25,79.52
2012-09-21,0.012762,92.63,2107.5,106.4,-0.1,-0.5,-568.19,0.0,0.25,79.33
2012-09-20,0.012762,92.14,2098.25,109.1,-0.1,-0.5,-568.19,0.0,0.25,79.41
2012-09-19,0.0127379,91.97,2126.5,109.5,-0.1,-0.5,-568.19,0.0,0.25,79.05
2012-09-18,0.0127379,95.27,2161.75,109.6,-0.1,-0.5,-568.19,0.0,0.25,79.25
2012-09-17,0.0127379,96.51,2167.0,105.1,-0.1,-0.5,-568.19,0.0,0.25,79.01
2012-09-14,0.012837999999999999,98.94,2200.0,101.6,-0.1,-0.5,-568.19,0.0,0.25,78.85
2012-09-13,0.0128642,98.3,2101.25,96.1,-0.1,-0.5,-568.19,0.0,0.25,79.26
2012-09-12,0.012762,97.02,2082.0,98.1,-0.1,-0.5,-568.19,0.0,0.25,79.74
2012-09-11,0.012762,97.03,2073.15,100.2,-0.1,-0.5,-568.19,0.0,0.25,79.86
2012-09-10,0.012762,96.52,2049.5,95.0,-0.1,-0.5,-568.19,0.0,0.25,80.25
2012-09-07,0.0127379,96.41,2010.0,89.0,-0.1,-0.5,-568.19,0.0,0.25,80.25
2012-09-06,0.0127379,95.58,1966.5,87.0,-0.1,-0.5,-568.19,0.0,0.25,81.04
2012-09-05,0.012762,95.37,1962.0,86.7,-0.1,-0.5,-568.19,0.0,0.25,81.23
2012-09-04,0.012762,95.34,1926.0,86.9,-0.1,-0.5,-568.19,0.0,0.25,81.31
2012-09-03,0.012762,97.04,1908.0,89.1,-0.1,-0.5,-568.19,0.0,0.25,81.21
2012-08-31,0.0126621,96.47,1883.75,89.4,-0.3,-0.5,-768.43,0.0,0.25,81.21
2012-08-30,0.0126621,94.61,1856.25,88.7,-0.3,-0.5,-768.43,0.0,0.25,81.69
2012-08-29,0.0126621,95.5,1870.25,90.3,-0.3,-0.5,-768.43,0.0,0.25,81.55
2012-08-28,0.0126621,96.3,1890.75,94.8,-0.3,-0.5,-768.43,0.0,0.25,81.37
2012-08-27,0.0126621,95.54,1890.45,99.4,-0.3,-0.5,-768.43,0.0,0.25,81.66
2012-08-24,0.0126621,95.77,1890.45,99.4,-0.3,-0.5,-768.43,0.0,0.25,81.59
2012-08-23,0.0126621,95.87,1877.25,99.6,-0.3,-0.5,-768.43,0.0,0.25,81.36
2012-08-22,0.012637,96.55,1844.75,106.4,-0.3,-0.5,-768.43,0.0,0.25,81.49
2012-08-21,0.012637,96.55,1832.5,106.4,-0.3,-0.5,-768.43,0.0,0.25,81.91
2012-08-20,0.012637,96.03,1800.0,109.3,-0.3,-0.5,-768.43,0.0,0.25,82.46
2012-08-17,0.012637,96.0,1821.25,110.2,-0.3,-0.5,-768.43,0.0,0.25,82.6
2012-08-16,0.012637,95.66,1804.0,111.9,-0.3,-0.5,-768.43,0.0,0.25,82.36
2012-08-15,0.0127379,94.35,1796.0,113.1,-0.3,-0.5,-768.43,0.0,0.25,82.64
2012-08-14,0.0127379,93.4,1815.5,113.3,-0.3,-0.5,-768.43,0.0,0.25,82.48
2012-08-13,0.012762,92.76,1816.0,112.9,-0.3,-0.5,-768.43,0.0,0.25,82.43
2012-08-10,0.012762,92.94,1841.25,113.8,-0.3,-0.5,-768.43,0.0,0.25,82.55
2012-08-09,0.0127379,93.39,1861.5,114.8,-0.3,-0.5,-768.43,0.0,0.25,82.64
2012-08-08,0.0127379,93.39,1877.75,114.9,-0.3,-0.5,-768.43,0.0,0.25,82.39
2012-08-07,0.012762,93.68,1873.5,116.2,-0.3,-0.5,-768.43,0.0,0.25,82.21
2012-08-06,0.012762,92.3,1843.75,116.6,-0.3,-0.5,-768.43,0.0,0.25,82.27
2012-08-03,0.012762,91.4,1825.5,116.7,-0.3,-0.5,-768.43,0.0,0.25,82.38
2012-08-02,0.012762,87.22,1804.0,117.1,-0.3,-0.5,-768.43,0.0,0.25,83.36
2012-08-01,0.012762,88.99,1827.25,117.4,-0.3,-0.5,-768.43,0.0,0.25,83.06
2012-07-31,0.012762,88.08,1853.25,117.0,-0.3,-0.5,-528.55,0.0,0.25,82.63
2012-07-30,0.012762,89.8,1864.5,115.2,-0.3,-0.5,-528.55,0.0,0.25,82.79
2012-07-27,0.012762,90.13,1862.0,116.2,-0.3,-0.5,-528.55,0.0,0.25,82.71
2012-07-26,0.012762,89.4,1846.0,117.3,-0.3,-0.5,-528.55,0.0,0.25,82.81
2012-07-25,0.012762,88.79,1839.5,118.6,-0.3,-0.5,-528.55,0.0,0.25,83.52
2012-07-24,0.012762,88.27,1838.25,122.9,-0.3,-0.5,-528.55,0.0,0.25,84.0
2012-07-23,0.012762,87.76,1851.75,123.6,-0.3,-0.5,-528.55,0.0,0.25,83.71
2012-07-20,0.0126621,91.56,1872.75,125.0,-0.3,-0.5,-528.55,0.0,0.25,83.48
2012-07-19,0.0126621,92.78,1925.0,125.6,-0.3,-0.5,-528.55,0.0,0.25,82.88
2012-07-18,0.0126621,89.88,1882.5,128.3,-0.3,-0.5,-528.55,0.0,0.25,83.07
2012-07-17,0.0126621,89.07,1876.75,129.4,-0.3,-0.5,-528.55,0.0,0.25,83.03
2012-07-16,0.0126621,88.41,1885.75,130.1,-0.3,-0.5,-528.55,0.0,0.25,83.1
2012-07-13,0.012563,87.15,1877.5,132.8,-0.3,-0.5,-528.55,0.0,0.25,83.35
2012-07-12,0.012563,86.02,1849.5,133.7,-0.3,-0.5,-528.55,0.0,0.25,83.66
2012-07-11,0.012563,85.88,1867.0,134.0,-0.3,-0.5,-528.55,0.0,0.25,83.57
2012-07-10,0.012563,83.92,1878.5,135.5,-0.3,-0.5,-528.55,0.0,0.25,83.4
2012-07-09,0.012563,85.93,1891.75,135.5,-0.3,-0.5,-528.55,0.0,0.25,83.16
2012-07-06,0.0125371,84.37,1863.25,135.1,-0.3,-0.5,-528.55,0.0,0.25,83.38
2012-07-05,0.0125371,87.11,1909.75,134.8,-0.3,-0.5,-528.55,0.0,0.25,82.81
2012-07-04,0.0125371,87.74,1921.5,135.1,-0.3,-0.5,-528.55,0.0,0.25,81.78
2012-07-03,0.0125371,87.74,1947.75,135.4,-0.3,-0.5,-528.55,0.0,0.25,81.78
2012-07-02,0.012563,83.72,1873.0,133.5,-0.3,-0.5,-528.55,0.0,0.25,81.87
2012-06-29,0.012563,85.04,1875.75,134.0,-0.2,-0.4,56.08,0.0,0.25,81.63
2012-06-28,0.012563,77.72,1808.25,134.9,-0.2,-0.4,56.08,0.0,0.25,82.81
2012-06-27,0.012563,80.27,1832.75,135.4,-0.2,-0.4,56.08,0.0,0.25,82.62
2012-06-26,0.012563,79.34,1806.5,135.4,-0.2,-0.4,56.08,0.0,0.25,82.37
2012-06-25,0.012462899999999999,78.75,1826.5,137.1,-0.2,-0.4,56.08,0.0,0.25,82.5
2012-06-22,0.012436200000000001,79.33,1824.75,137.4,-0.2,-0.4,56.08,0.0,0.25,82.26
2012-06-21,0.0125371,77.91,1830.75,137.4,-0.2,-0.4,56.08,0.0,0.25,82.29
2012-06-20,0.012637,81.06,1865.0,136.8,-0.2,-0.4,56.08,0.0,0.25,81.58
2012-06-19,0.0126621,83.99,1886.0,136.6,-0.2,-0.4,56.08,0.0,0.25,81.38
2012-06-18,0.012637,83.26,1890.0,136.0,-0.2,-0.4,56.08,0.0,0.25,81.95
2012-06-15,0.0126621,84.03,1895.0,135.0,-0.2,-0.4,56.08,0.0,0.25,81.63
2012-06-14,0.012637,83.91,1916.25,134.7,-0.2,-0.4,56.08,0.0,0.25,81.99
2012-06-13,0.012637,82.56,1925.75,133.7,-0.2,-0.4,56.08,0.0,0.25,82.06
2012-06-12,0.012637,83.35,1929.75,133.1,-0.2,-0.4,56.08,0.0,0.25,82.42
2012-06-11,0.012637,82.58,1934.5,132.3,-0.2,-0.4,56.08,0.0,0.25,82.51
2012-06-08,0.012637,84.1,1948.0,131.4,-0.2,-0.4,56.08,0.0,0.25,82.51
2012-06-07,0.012637,84.78,1955.5,130.6,-0.2,-0.4,56.08,0.0,0.25,82.05
2012-06-06,0.0127379,85.05,1939.25,131.0,-0.2,-0.4,56.08,0.0,0.25,82.32
2012-06-05,0.0127379,84.31,1934.5,135.0,-0.2,-0.4,56.08,0.0,0.25,82.82
2012-06-04,0.012762,83.95,1934.5,135.0,-0.2,-0.4,56.08,0.0,0.25,82.56
2012-06-01,0.012762,83.17,1934.5,135.0,-0.2,-0.4,56.08,0.0,0.25,82.89
2012-05-31,0.0126621,86.52,1955.5,134.8,-0.1,-0.4,-907.93,0.0,0.25,83.04
2012-05-30,0.012563,87.79,1967.75,134.8,-0.1,-0.4,-907.93,0.0,0.25,83.02
2012-05-29,0.012563,90.75,1978.25,132.5,-0.1,-0.4,-907.93,0.0,0.25,82.48
2012-05-28,0.012563,90.63,1984.0,130.7,-0.1,-0.4,-907.93,0.0,0.25,82.4
2012-05-25,0.012563,90.63,1976.25,130.5,-0.1,-0.4,-907.93,0.0,0.25,82.4
2012-05-24,0.012563,90.35,1977.25,130.3,-0.1,-0.4,-907.93,0.0,0.25,82.35
2012-05-23,0.012563,89.4,1969.25,129.9,-0.1,-0.4,-907.93,0.0,0.25,82.09
2012-05-22,0.012563,91.44,1989.0,131.1,-0.1,-0.4,-907.93,0.0,0.25,81.49
2012-05-21,0.012563,92.57,2005.25,130.9,-0.1,-0.4,-907.93,0.0,0.25,81.08
2012-05-18,0.012563,91.51,2028.25,131.3,-0.1,-0.4,-907.93,0.0,0.25,81.29
2012-05-17,0.012462899999999999,92.53,2014.25,133.6,-0.1,-0.4,-907.93,0.0,0.25,81.38
2012-05-16,0.012436200000000001,92.78,1993.5,135.1,-0.1,-0.4,-907.93,0.0,0.25,81.37
2012-05-15,0.012462899999999999,93.97,1983.25,135.9,-0.1,-0.4,-907.93,0.0,0.25,81.22
2012-05-14,0.012462899999999999,94.75,1983.0,136.7,-0.1,-0.4,-907.93,0.0,0.25,80.61
2012-05-11,0.012462899999999999,96.03,2004.5,137.6,-0.1,-0.4,-907.93,0.0,0.25,80.26
2012-05-10,0.012462899999999999,97.1,2004.75,139.3,-0.1,-0.4,-907.93,0.0,0.25,80.11
2012-05-09,0.012462899999999999,96.8,2008.0,141.3,-0.1,-0.4,-907.93,0.0,0.25,80.08
2012-05-08,0.012462899999999999,97.13,2016.25,142.7,-0.1,-0.4,-907.93,0.0,0.25,79.74
2012-05-07,0.012462899999999999,97.86,2028.0,144.1,-0.1,-0.4,-907.93,0.0,0.25,79.6
2012-05-04,0.012462899999999999,98.49,2028.0,144.1,-0.1,-0.4,-907.93,0.0,0.25,79.5
2012-05-03,0.012462899999999999,102.56,2050.75,144.9,-0.1,-0.4,-907.93,0.0,0.25,79.22
2012-05-02,0.012462899999999999,105.25,2056.25,144.6,-0.1,-0.4,-907.93,0.0,0.25,79.13
2012-05-01,0.012462899999999999,106.17,2082.25,145.4,-0.1,-0.4,-907.93,0.0,0.25,78.86
2012-04-30,0.012462899999999999,104.89,2078.75,145.4,0.2,-0.4,-518.42,0.0,0.25,78.78
2012-04-27,0.0123638,104.86,2069.5,145.4,0.2,-0.4,-518.42,0.0,0.25,78.71
2012-04-26,0.0123351,104.56,2046.5,143.8,0.2,-0.4,-518.42,0.0,0.25,78.92
2012-04-25,0.0123351,103.72,2029.25,146.7,0.2,-0.4,-518.42,0.0,0.25,79.01
2012-04-24,0.0123351,103.1,2040.5,146.7,0.2,-0.4,-518.42,0.0,0.25,79.22
2012-04-23,0.0123351,102.68,2017.75,148.1,0.2,-0.4,-518.42,0.0,0.25,79.42
2012-04-20,0.0123351,103.58,2042.0,148.4,0.2,-0.4,-518.42,0.0,0.25,79.19
2012-04-19,0.0123351,102.38,2034.5,148.5,0.2,-0.4,-518.42,0.0,0.25,79.56
2012-04-18,0.0123351,102.65,2018.75,148.5,0.2,-0.4,-518.42,0.0,0.25,79.54
2012-04-17,0.0123638,104.23,2036.75,149.2,0.2,-0.4,-518.42,0.0,0.25,79.48
2012-04-16,0.0123638,102.92,2025.0,149.3,0.2,-0.4,-518.42,0.0,0.25,79.55
2012-04-13,0.0123351,102.84,2030.5,149.4,0.2,-0.4,-518.42,0.0,0.25,79.89
2012-04-12,0.0123638,103.69,2065.25,148.8,0.2,-0.4,-518.42,0.0,0.25,79.28
2012-04-11,0.0123638,102.66,2060.75,148.7,0.2,-0.4,-518.42,0.0,0.25,79.79
2012-04-10,0.0122649,101.12,2027.0,148.0,0.2,-0.4,-518.42,0.0,0.25,79.89
2012-04-09,0.0122649,102.45,2072.25,147.6,0.2,-0.4,-518.42,0.0,0.25,79.73
2012-04-06,0.0121613,103.29,2072.25,147.6,0.2,-0.4,-518.42,0.0,0.25,79.89
2012-04-05,0.0121613,103.29,2072.25,147.6,0.2,-0.4,-518.42,0.0,0.25,80.08
2012-04-04,0.012139,101.53,2053.35,147.6,0.2,-0.4,-518.42,0.0,0.25,79.78
2012-04-03,0.0121613,104.02,2083.75,147.6,0.2,-0.4,-518.42,0.0,0.25,79.48
2012-04-02,0.012139,105.25,2089.5,147.6,0.2,-0.4,-518.42,0.0,0.25,78.82
2012-03-30,0.0121613,103.03,2087.0,147.6,0.3,0.9,-81.83,0.0,0.25,79.0
2012-03-29,0.012061,102.79,2094.0,147.7,0.3,0.9,-81.83,0.0,0.25,79.19
2012-03-28,0.012061,105.4,2127.25,147.7,0.3,0.9,-81.83,0.0,0.25,79.13
2012-03-27,0.012061,107.32,2155.0,147.1,0.3,0.9,-81.83,0.0,0.25,79.05
2012-03-26,0.012061,107.07,2145.25,145.5,0.3,0.9,-81.83,0.0,0.25,78.98
2012-03-23,0.012061,106.43,2135.0,145.2,0.3,0.9,-81.83,0.0,0.25,79.34
2012-03-22,0.0119635,104.98,2128.5,145.2,0.3,0.9,-81.83,0.0,0.25,79.74
2012-03-21,0.011939,106.87,2168.75,144.9,0.3,0.9,-81.83,0.0,0.25,79.66
2012-03-20,0.0120365,105.68,2204.25,144.8,0.3,0.9,-81.83,0.0,0.25,79.59
2012-03-19,0.0120365,108.09,2234.5,144.7,0.3,0.9,-81.83,0.0,0.25,79.79
2012-03-16,0.0120365,107.03,2219.0,144.7,0.3,0.9,-81.83,0.0,0.25,79.79
2012-03-15,0.0120365,105.19,2208.75,145.0,0.3,0.9,-81.83,0.0,0.25,80.15
2012-03-14,0.0120365,105.49,2185.25,144.3,0.3,0.9,-81.83,0.0,0.25,80.56
2012-03-13,0.012139,106.7,2215.0,144.1,0.3,0.9,-81.83,0.0,0.25,80.19
2012-03-12,0.0122387,106.34,2185.25,143.3,0.3,0.9,-81.83,0.0,0.25,79.89
2012-03-09,0.0122387,107.4,2197.5,142.6,0.3,0.9,-81.83,0.0,0.25,80.04
2012-03-08,0.0123351,106.65,2162.25,142.6,0.3,0.9,-81.83,0.0,0.25,79.14
2012-03-07,0.0123638,106.16,2165.25,143.0,0.3,0.9,-81.83,0.0,0.25,79.71
2012-03-06,0.0123351,104.71,2192.0,143.0,0.3,0.9,-81.83,0.0,0.25,79.87
2012-03-05,0.0123351,106.7,2243.75,143.2,0.3,0.9,-81.83,0.0,0.25,79.3
2012-03-02,0.0123351,106.68,2285.75,143.2,0.3,0.9,-81.83,0.0,0.25,79.4
2012-03-01,0.0123351,108.76,2312.25,143.2,0.3,0.9,-81.83,0.0,0.25,78.79
2012-02-29,0.012436200000000001,107.08,2285.5,143.0,0.1,0.9,25.89,0.0,0.25,78.74
2012-02-28,0.012436200000000001,106.59,2283.0,143.0,0.1,0.9,25.89,0.0,0.25,78.27
2012-02-27,0.012436200000000001,108.49,2289.25,140.5,0.1,0.9,25.89,0.0,0.25,78.57
2012-02-24,0.012436200000000001,109.39,2287.0,139.0,0.1,0.9,25.89,0.0,0.25,78.35
2012-02-23,0.0125371,107.44,2231.75,138.7,0.1,0.9,25.89,0.0,0.25,78.82
2012-02-22,0.0125371,105.99,2237.75,135.9,0.1,0.9,25.89,0.0,0.25,79.21
2012-02-21,0.0125371,105.88,2211.75,135.4,0.1,0.9,25.89,0.0,0.25,79.04
2012-02-20,0.012637,103.27,2135.25,135.1,0.1,0.9,25.89,0.0,0.25,79.33
2012-02-17,0.012637,103.27,2121.5,134.3,0.1,0.9,25.89,0.0,0.25,79.33
2012-02-16,0.0127379,102.33,2118.0,136.8,0.1,0.9,25.89,0.0,0.25,79.35
2012-02-15,0.0127379,101.82,2156.75,137.4,0.1,0.9,25.89,0.0,0.25,79.67
2012-02-14,0.012837999999999999,100.82,2173.75,139.6,0.1,0.9,25.89,0.0,0.25,79.58
2012-02-13,0.0129358,100.39,2169.5,142.2,0.1,0.9,25.89,0.0,0.25,78.95
2012-02-10,0.0129358,98.68,2206.25,142.7,0.1,0.9,25.89,0.0,0.25,79.11
2012-02-09,0.0129358,99.88,2251.5,142.8,0.1,0.9,25.89,0.0,0.25,78.57
2012-02-08,0.013035900000000001,98.87,2214.0,143.2,0.1,0.9,25.89,0.0,0.25,78.64
2012-02-07,0.013035900000000001,98.55,2215.0,144.7,0.1,0.9,25.89,0.0,0.25,78.58
2012-02-06,0.0130648,96.89,2182.25,144.8,0.1,0.9,25.89,0.0,0.25,79.07
2012-02-03,0.0130648,97.8,2209.25,143.3,0.1,0.9,25.89,0.0,0.25,78.92
2012-02-02,0.0130648,96.36,2158.75,143.1,0.1,0.9,25.89,0.0,0.25,78.99
2012-02-01,0.0130648,97.63,2228.5,142.8,0.1,0.9,25.89,0.0,0.25,78.92
2012-01-31,0.0130648,98.46,2201.5,142.4,-0.1,0.9,-1490.67,0.0,0.25,79.29
2012-01-30,0.0130648,98.75,2245.0,139.9,-0.1,0.9,-1490.67,0.0,0.25,79.17
2012-01-27,0.0129641,99.47,2233.0,139.8,-0.1,0.9,-1490.67,0.0,0.25,78.9
2012-01-26,0.0128642,99.76,2244.75,139.8,-0.1,0.9,-1490.67,0.0,0.25,79.39
2012-01-25,0.012837999999999999,99.23,2217.75,139.8,-0.1,0.9,-1490.67,0.0,0.25,79.58
2012-01-24,0.0129358,98.84,2204.25,139.8,-0.1,0.9,-1490.67,0.0,0.25,79.87
