[DateTime], [Close]
1996-03-08,0.7683
1996-03-11,0.7685
1996-03-12,0.7709
1996-03-13,0.7739
1996-03-14,0.7748
1996-03-15,0.7738
1996-03-18,0.7738
1996-03-19,0.7745
1996-03-20,0.7755
1996-03-21,0.7780
1996-03-22,0.7768
1996-03-25,0.7737
1996-03-26,0.7738
1996-03-27,0.7803
1996-03-28,0.7813
1996-03-29,0.7823
1996-04-01,0.7853
1996-04-02,0.7823
1996-04-03,0.7806
1996-04-04,0.7818
1996-04-05,0.7834
1996-04-08,0.7825
1996-04-09,0.7865
1996-04-10,0.7888
1996-04-11,0.7893
1996-04-12,0.7904
1996-04-15,0.7901
1996-04-16,0.7873
1996-04-17,0.7861
1996-04-18,0.7844
1996-04-19,0.7821
1996-04-22,0.7866
1996-04-23,0.7903
1996-04-24,0.7846
1996-04-25,0.7874
1996-04-26,0.7898
1996-04-29,0.7871
1996-04-30,0.7863
1996-05-01,0.7892
1996-05-02,0.7948
1996-05-03,0.7968
1996-05-06,0.7961
1996-05-07,0.7998
1996-05-08,0.8007
1996-05-09,0.7985
1996-05-10,0.8036
1996-05-13,0.8008
1996-05-14,0.8024
1996-05-15,0.8005
1996-05-16,0.8020
1996-05-17,0.8007
1996-05-20,0.7945
1996-05-21,0.7931
1996-05-22,0.7923
1996-05-23,0.7942
1996-05-24,0.7914
1996-05-27,0.7914
1996-05-28,0.7946
1996-05-29,0.7997
1996-05-30,0.7956
1996-05-31,0.7985
1996-06-03,0.8015
1996-06-04,0.7992
1996-06-05,0.7937
1996-06-06,0.7862
1996-06-07,0.7915
1996-06-10,0.7932
1996-06-11,0.7923
1996-06-12,0.7915
1996-06-13,0.7928
1996-06-14,0.7913
1996-06-17,0.7918
1996-06-18,0.7889
1996-06-19,0.7885
1996-06-20,0.7888
1996-06-21,0.7908
1996-06-24,0.7903
1996-06-25,0.7911
1996-06-26,0.7910
1996-06-27,0.7889
1996-06-28,0.7871
1996-07-01,0.7875
1996-07-02,0.7828
1996-07-03,0.7818
1996-07-04,0.7844
1996-07-05,0.7913
1996-07-08,0.7941
1996-07-09,0.7928
1996-07-10,0.7980
1996-07-11,0.7974
1996-07-12,0.7973
1996-07-15,0.7948
1996-07-16,0.7916
1996-07-17,0.7889
1996-07-18,0.7915
1996-07-19,0.7910
1996-07-22,0.7908
1996-07-23,0.7910
1996-07-24,0.7907
1996-07-25,0.7871
1996-07-26,0.7878
1996-07-29,0.7878
1996-07-30,0.7826
1996-07-31,0.7729
1996-08-01,0.7722
1996-08-02,0.7729
1996-08-05,0.7731
1996-08-06,0.7756
1996-08-07,0.7766
1996-08-08,0.7792
1996-08-09,0.7787
1996-08-12,0.7773
1996-08-13,0.7792
1996-08-14,0.7794
1996-08-15,0.7809
1996-08-16,0.7842
1996-08-19,0.7900
1996-08-20,0.7863
1996-08-21,0.7895
1996-08-22,0.7927
1996-08-23,0.7900
1996-08-26,0.7908
1996-08-27,0.7873
1996-08-28,0.7908
1996-08-29,0.7915
1996-08-30,0.7913
1996-09-02,0.7899
1996-09-03,0.7923
1996-09-04,0.7921
1996-09-05,0.7935
1996-09-06,0.7975
1996-09-09,0.8011
1996-09-10,0.7991
1996-09-11,0.8013
1996-09-12,0.7965
1996-09-13,0.7932
1996-09-16,0.7883
1996-09-17,0.7904
1996-09-18,0.7891
1996-09-19,0.7902
1996-09-20,0.7924
1996-09-23,0.7923
1996-09-24,0.7894
1996-09-25,0.7911
1996-09-26,0.7923
1996-09-27,0.7918
1996-09-30,0.7913
1996-10-01,0.7917
1996-10-02,0.7958
1996-10-03,0.7911
1996-10-04,0.7900
1996-10-07,0.7867
1996-10-08,0.7893
1996-10-09,0.7894
1996-10-10,0.7888
1996-10-11,0.7910
1996-10-14,0.7915
1996-10-15,0.7908
1996-10-16,0.7915
1996-10-17,0.7921
1996-10-18,0.7955
1996-10-21,0.7973
1996-10-22,0.7960
1996-10-23,0.7950
1996-10-24,0.7925
1996-10-25,0.7920
1996-10-28,0.7904
1996-10-29,0.7913
1996-10-30,0.7919
1996-10-31,0.7931
1996-11-01,0.7888
1996-11-04,0.7871
1996-11-05,0.7873
1996-11-06,0.7926
1996-11-07,0.7835
1996-11-08,0.7881
1996-11-11,0.7872
1996-11-12,0.7876
1996-11-13,0.7880
1996-11-14,0.7916
1996-11-15,0.7898
1996-11-18,0.7915
1996-11-19,0.7940
1996-11-20,0.7998
1996-11-21,0.8107
1996-11-22,0.8121
1996-11-25,0.8115
1996-11-26,0.8121
1996-11-27,0.8114
1996-11-28,0.8111
1996-11-29,0.8145
1996-12-02,0.8180
1996-12-03,0.7978
1996-12-04,0.7996
1996-12-05,0.7984
1996-12-06,0.7969
1996-12-09,0.8028
1996-12-10,0.8017
1996-12-11,0.7923
1996-12-12,0.7929
1996-12-13,0.7938
1996-12-16,0.7928
1996-12-17,0.7956
1996-12-18,0.7922
1996-12-19,0.7936
1996-12-20,0.7950
1996-12-23,0.7965
1996-12-24,0.7963
1996-12-25,0.7963
1996-12-26,0.7955
1996-12-27,0.7956
1996-12-30,0.7959
1996-12-31,0.7943
1997-01-01,0.7943
1997-01-02,0.7899
1997-01-03,0.7916
1997-01-06,0.7883
1997-01-07,0.7892
1997-01-08,0.7804
1997-01-09,0.7786
1997-01-10,0.7805
1997-01-13,0.7785
1997-01-14,0.7812
1997-01-15,0.7766
1997-01-16,0.7787
1997-01-17,0.7814
1997-01-20,0.7790
1997-01-21,0.7776
1997-01-22,0.7761
1997-01-23,0.7712
1997-01-24,0.7726
1997-01-27,0.7712
1997-01-28,0.7689
1997-01-29,0.7705
1997-01-30,0.7651
1997-01-31,0.7623
1997-02-03,0.7666
1997-02-04,0.7631
1997-02-05,0.7614
1997-02-06,0.7644
1997-02-07,0.7622
1997-02-10,0.7570
1997-02-11,0.7613
1997-02-12,0.7563
1997-02-13,0.7677
1997-02-14,0.7660
1997-02-17,0.7670
1997-02-18,0.7654
1997-02-19,0.7660
1997-02-20,0.7708
1997-02-21,0.7782
1997-02-24,0.7792
1997-02-25,0.7770
1997-02-26,0.7767
1997-02-27,0.7788
1997-02-28,0.7762
1997-03-03,0.7854
1997-03-04,0.7885
1997-03-05,0.7841
1997-03-06,0.7864
1997-03-07,0.7898
1997-03-10,0.7880
1997-03-11,0.7926
1997-03-12,0.7949
1997-03-13,0.7925
1997-03-14,0.7976
1997-03-17,0.7938
1997-03-18,0.7864
1997-03-19,0.7856
1997-03-20,0.7879
1997-03-21,0.7860
1997-03-24,0.7874
1997-03-25,0.7825
1997-03-26,0.7833
1997-03-27,0.7821
1997-03-28,0.7844
1997-03-31,0.7839
1997-04-01,0.7874
1997-04-02,0.7846
1997-04-03,0.7801
1997-04-04,0.7764
1997-04-07,0.7764
1997-04-08,0.7813
1997-04-09,0.7821
1997-04-10,0.7813
1997-04-11,0.7862
1997-04-14,0.7793
1997-04-15,0.7761
1997-04-16,0.7710
1997-04-17,0.7735
1997-04-18,0.7745
1997-04-21,0.7762
1997-04-22,0.7783
1997-04-23,0.7770
1997-04-24,0.7757
1997-04-25,0.7765
1997-04-28,0.7804
1997-04-29,0.7812
1997-04-30,0.7817
1997-05-01,0.7853
1997-05-02,0.7845
1997-05-05,0.7805
1997-05-06,0.7773
1997-05-07,0.7755
1997-05-08,0.7794
1997-05-09,0.7785
1997-05-12,0.7788
1997-05-13,0.7773
1997-05-14,0.7781
1997-05-15,0.7758
1997-05-16,0.7745
1997-05-19,0.7742
1997-05-20,0.7735
1997-05-21,0.7833
1997-05-22,0.7807
1997-05-23,0.7658
1997-05-26,0.7670
1997-05-27,0.7639
1997-05-28,0.7629
1997-05-29,0.7643
1997-05-30,0.7613
1997-06-02,0.7589
1997-06-03,0.7608
1997-06-04,0.7583
1997-06-05,0.7608
1997-06-06,0.7596
1997-06-09,0.7613
1997-06-10,0.7618
1997-06-11,0.7589
1997-06-12,0.7528
1997-06-13,0.7514
1997-06-16,0.7487
1997-06-17,0.7503
1997-06-18,0.7510
1997-06-19,0.7480
1997-06-20,0.7513
1997-06-23,0.7527
1997-06-24,0.7514
1997-06-25,0.7514
1997-06-26,0.7498
1997-06-27,0.7458
1997-06-30,0.7492
1997-07-01,0.7531
1997-07-02,0.7519
1997-07-03,0.7542
1997-07-04,0.7489
1997-07-07,0.7433
1997-07-08,0.7482
1997-07-09,0.7448
1997-07-10,0.7433
1997-07-11,0.7429
1997-07-14,0.7370
1997-07-15,0.7364
1997-07-16,0.7352
1997-07-17,0.7355
1997-07-18,0.7401
1997-07-21,0.7415
1997-07-22,0.7393
1997-07-23,0.7365
1997-07-24,0.7368
1997-07-25,0.7375
1997-07-28,0.7360
1997-07-29,0.7440
1997-07-30,0.7449
1997-07-31,0.7451
1997-08-01,0.7401
1997-08-04,0.7388
1997-08-05,0.7398
1997-08-06,0.7349
1997-08-07,0.7360
1997-08-08,0.7313
1997-08-11,0.7376
1997-08-12,0.7383
1997-08-13,0.7435
1997-08-14,0.7432
1997-08-15,0.7442
1997-08-18,0.7388
1997-08-19,0.7393
1997-08-20,0.7423
1997-08-21,0.7473
1997-08-22,0.7478
1997-08-25,0.7468
1997-08-26,0.7471
1997-08-27,0.7412
1997-08-28,0.7366
1997-08-29,0.7345
1997-09-01,0.7310
1997-09-02,0.7274
1997-09-03,0.7275
1997-09-04,0.7326
1997-09-05,0.7306
1997-09-08,0.7312
1997-09-09,0.7306
1997-09-10,0.7283
1997-09-11,0.7199
1997-09-12,0.7215
1997-09-15,0.7206
1997-09-16,0.7175
1997-09-17,0.7178
1997-09-18,0.7166
1997-09-19,0.7205
1997-09-22,0.7199
1997-09-23,0.7202
1997-09-24,0.7209
1997-09-25,0.7265
1997-09-26,0.7240
1997-09-29,0.7190
1997-09-30,0.7242
1997-10-01,0.7279
1997-10-02,0.7288
1997-10-03,0.7284
1997-10-06,0.7240
1997-10-07,0.7251
1997-10-08,0.7273
1997-10-09,0.7359
1997-10-10,0.7368
1997-10-13,0.7403
1997-10-14,0.7368
1997-10-15,0.7327
1997-10-16,0.7373
1997-10-17,0.7333
1997-10-20,0.7306
1997-10-21,0.7267
1997-10-22,0.7059
1997-10-23,0.7028
1997-10-24,0.7014
1997-10-27,0.6915
1997-10-28,0.7009
1997-10-29,0.7055
1997-10-30,0.6997
1997-10-31,0.7049
1997-11-03,0.7132
1997-11-04,0.7071
1997-11-05,0.7036
1997-11-06,0.6987
1997-11-07,0.6928
1997-11-10,0.6968
1997-11-11,0.6976
1997-11-12,0.6937
1997-11-13,0.6974
1997-11-14,0.6943
1997-11-17,0.6985
1997-11-18,0.6980
1997-11-19,0.6893
1997-11-20,0.6890
1997-11-21,0.7000
1997-11-24,0.6938
1997-11-25,0.6851
1997-11-26,0.6830
1997-11-27,0.6788
1997-11-28,0.6843
1997-12-01,0.6780
1997-12-02,0.6788
1997-12-03,0.6761
1997-12-04,0.6723
1997-12-05,0.6711
1997-12-08,0.6712
1997-12-09,0.6670
1997-12-10,0.6695
1997-12-11,0.6665
1997-12-12,0.6625
1997-12-15,0.6565
1997-12-16,0.6504
1997-12-17,0.6584
1997-12-18,0.6584
1997-12-19,0.6538
1997-12-22,0.6528
1997-12-23,0.6561
1997-12-24,0.6562
1997-12-25,0.6562
1997-12-26,0.6565
1997-12-29,0.6550
1997-12-30,0.6524
1997-12-31,0.6516
1998-01-01,0.6516
1998-01-02,0.6500
1998-01-05,0.6430
1998-01-06,0.6327
1998-01-07,0.6398
1998-01-08,0.6367
1998-01-09,0.6454
1998-01-12,0.6406
1998-01-13,0.6461
1998-01-14,0.6472
1998-01-15,0.6480
1998-01-16,0.6622
1998-01-19,0.6680
1998-01-20,0.6648
1998-01-21,0.6613
1998-01-22,0.6585
1998-01-23,0.6624
1998-01-26,0.6708
1998-01-27,0.6743
1998-01-28,0.6778
1998-01-29,0.6772
1998-01-30,0.6854
1998-02-02,0.6855
1998-02-03,0.6826
1998-02-04,0.6788
1998-02-05,0.6781
1998-02-06,0.6709
1998-02-09,0.6720
1998-02-10,0.6801
1998-02-11,0.6775
1998-02-12,0.6781
1998-02-13,0.6717
1998-02-16,0.6636
1998-02-17,0.6694
1998-02-18,0.6695
1998-02-19,0.6760
1998-02-20,0.6730
1998-02-23,0.6677
1998-02-24,0.6653
1998-02-25,0.6659
1998-02-26,0.6720
1998-02-27,0.6813
1998-03-02,0.6814
1998-03-03,0.6806
1998-03-04,0.6758
1998-03-05,0.6687
1998-03-06,0.6695
1998-03-09,0.6668
1998-03-10,0.6693
1998-03-11,0.6665
1998-03-12,0.6688
1998-03-13,0.6746
1998-03-16,0.6691
1998-03-17,0.6707
1998-03-18,0.6649
1998-03-19,0.6627
1998-03-20,0.6643
1998-03-23,0.6671
1998-03-24,0.6714
1998-03-25,0.6705
1998-03-26,0.6733
1998-03-27,0.6735
1998-03-30,0.6630
1998-03-31,0.6632
1998-04-01,0.6610
1998-04-02,0.6562
1998-04-03,0.6582
1998-04-06,0.6606
1998-04-07,0.6588
1998-04-08,0.6576
1998-04-09,0.6571
1998-04-10,0.6571
1998-04-13,0.6553
1998-04-14,0.6475
1998-04-15,0.6500
1998-04-16,0.6495
1998-04-17,0.6525
1998-04-20,0.6458
1998-04-21,0.6488
1998-04-22,0.6519
1998-04-23,0.6533
1998-04-24,0.6510
1998-04-27,0.6475
1998-04-28,0.6440
1998-04-29,0.6481
1998-04-30,0.6520
1998-05-01,0.6526
1998-05-04,0.6441
1998-05-05,0.6411
1998-05-06,0.6385
1998-05-07,0.6360
1998-05-08,0.6372
1998-05-11,0.6347
1998-05-12,0.6339
1998-05-13,0.6292
1998-05-14,0.6278
1998-05-15,0.6275
1998-05-18,0.6212
1998-05-19,0.6239
1998-05-20,0.6255
1998-05-21,0.6304
1998-05-22,0.6323
1998-05-25,0.6252
1998-05-26,0.6215
1998-05-27,0.6215
1998-05-28,0.6217
1998-05-29,0.6264
1998-06-01,0.6153
1998-06-02,0.6156
1998-06-03,0.6118
1998-06-04,0.6140
1998-06-05,0.6008
1998-06-08,0.5983
1998-06-09,0.5973
1998-06-10,0.5874
1998-06-11,0.5891
1998-06-12,0.5934
1998-06-15,0.5868
1998-06-16,0.5923
1998-06-17,0.6073
1998-06-18,0.6080
1998-06-19,0.6248
1998-06-22,0.6083
1998-06-23,0.6087
1998-06-24,0.6087
1998-06-25,0.6063
1998-06-26,0.6054
1998-06-29,0.6085
1998-06-30,0.6193
1998-07-01,0.6178
1998-07-02,0.6128
1998-07-03,0.6185
1998-07-06,0.6165
1998-07-07,0.6207
1998-07-08,0.6165
1998-07-09,0.6126
1998-07-10,0.6148
1998-07-13,0.6141
1998-07-14,0.6233
1998-07-15,0.6238
1998-07-16,0.6308
1998-07-17,0.6273
1998-07-20,0.6296
1998-07-21,0.6274
1998-07-22,0.6210
1998-07-23,0.6181
1998-07-24,0.6214
1998-07-27,0.6101
1998-07-28,0.6113
1998-07-29,0.6109
1998-07-30,0.6144
1998-07-31,0.6073
1998-08-03,0.6023
1998-08-04,0.6050
1998-08-05,0.6083
1998-08-06,0.6041
1998-08-07,0.6009
1998-08-10,0.5987
1998-08-11,0.5928
1998-08-12,0.5964
1998-08-13,0.5970
1998-08-14,0.5945
1998-08-17,0.5924
1998-08-18,0.5908
1998-08-19,0.5964
1998-08-20,0.5909
1998-08-21,0.5813
1998-08-24,0.5798
1998-08-25,0.5773
1998-08-26,0.5735
1998-08-27,0.5563
1998-08-28,0.5660
1998-08-31,0.5723
1998-09-01,0.5808
1998-09-02,0.5833
1998-09-03,0.5797
1998-09-04,0.5870
1998-09-07,0.5910
1998-09-08,0.5901
1998-09-09,0.5868
1998-09-10,0.5968
1998-09-11,0.6020
1998-09-14,0.5951
1998-09-15,0.5956
1998-09-16,0.5930
1998-09-17,0.5938
1998-09-18,0.5900
1998-09-21,0.5863
1998-09-22,0.5829
1998-09-23,0.5785
1998-09-24,0.5830
1998-09-25,0.5888
1998-09-28,0.5843
1998-09-29,0.5975
1998-09-30,0.5923
1998-10-01,0.5967
1998-10-02,0.5960
1998-10-05,0.5955
1998-10-06,0.5876
1998-10-07,0.6195
1998-10-08,0.6167
1998-10-09,0.6145
1998-10-12,0.6258
1998-10-13,0.6292
1998-10-14,0.6308
1998-10-15,0.6325
1998-10-16,0.6310
1998-10-19,0.6322
1998-10-20,0.6283
1998-10-21,0.6268
1998-10-22,0.6245
1998-10-23,0.6205
1998-10-26,0.6175
1998-10-27,0.6141
1998-10-28,0.6168
1998-10-29,0.6239
1998-10-30,0.6223
1998-11-02,0.6250
1998-11-03,0.6261
1998-11-04,0.6285
1998-11-05,0.6326
1998-11-06,0.6338
1998-11-09,0.6329
1998-11-10,0.6238
1998-11-11,0.6308
1998-11-12,0.6308
1998-11-13,0.6394
1998-11-16,0.6403
1998-11-17,0.6335
1998-11-18,0.6440
1998-11-19,0.6455
1998-11-20,0.6438
1998-11-23,0.6414
1998-11-24,0.6428
1998-11-25,0.6401
1998-11-26,0.6375
1998-11-27,0.6349
1998-11-30,0.6288
1998-12-01,0.6305
1998-12-02,0.6327
1998-12-03,0.6245
1998-12-04,0.6170
1998-12-07,0.6203
1998-12-08,0.6157
1998-12-09,0.6165
1998-12-10,0.6195
1998-12-11,0.6198
1998-12-14,0.6200
1998-12-15,0.6238
1998-12-16,0.6206
1998-12-17,0.6233
1998-12-18,0.6210
1998-12-21,0.6185
1998-12-22,0.6147
1998-12-23,0.6126
1998-12-24,0.6100
1998-12-25,0.6100
1998-12-28,0.6067
1998-12-29,0.6111
1998-12-30,0.6130
1998-12-31,0.6134
1999-01-01,0.6134
1999-01-04,0.6189
1999-01-05,0.6220
1999-01-06,0.6293
1999-01-07,0.6322
1999-01-08,0.6332
1999-01-11,0.6412
1999-01-12,0.6421
1999-01-13,0.6318
1999-01-14,0.6333
1999-01-15,0.6338
1999-01-18,0.6345
1999-01-19,0.6390
1999-01-20,0.6400
1999-01-21,0.6405
1999-01-22,0.6337
1999-01-25,0.6318
1999-01-26,0.6304
1999-01-27,0.6295
1999-01-28,0.6265
1999-01-29,0.6283
1999-02-01,0.6346
1999-02-02,0.6398
1999-02-03,0.6421
1999-02-04,0.6446
1999-02-05,0.6524
1999-02-08,0.6517
1999-02-09,0.6482
1999-02-10,0.6465
1999-02-11,0.6503
1999-02-12,0.6464
1999-02-15,0.6460
1999-02-16,0.6377
1999-02-17,0.6345
1999-02-18,0.6355
1999-02-19,0.6383
1999-02-22,0.6405
1999-02-23,0.6390
1999-02-24,0.6318
1999-02-25,0.6259
1999-02-26,0.6210
1999-03-01,0.6185
1999-03-02,0.6210
1999-03-03,0.6246
1999-03-04,0.6233
1999-03-05,0.6284
1999-03-08,0.6305
1999-03-09,0.6367
1999-03-10,0.6357
1999-03-11,0.6337
1999-03-12,0.6360
1999-03-15,0.6325
1999-03-16,0.6249
1999-03-17,0.6265
1999-03-18,0.6316
1999-03-19,0.6305
1999-03-22,0.6336
1999-03-23,0.6390
1999-03-24,0.6402
1999-03-25,0.6364
1999-03-26,0.6340
1999-03-29,0.6339
1999-03-30,0.6279
1999-03-31,0.6315
1999-04-01,0.6375
1999-04-02,0.6343
1999-04-05,0.6327
1999-04-06,0.6276
1999-04-07,0.6276
1999-04-08,0.6245
1999-04-09,0.6295
1999-04-12,0.6352
1999-04-13,0.6376
1999-04-14,0.6390
1999-04-15,0.6374
1999-04-16,0.6469
1999-04-19,0.6518
1999-04-20,0.6488
1999-04-21,0.6467
1999-04-22,0.6503
1999-04-23,0.6530
1999-04-26,0.6481
1999-04-27,0.6496
1999-04-28,0.6535
1999-04-29,0.6593
1999-04-30,0.6628
1999-05-03,0.6635
1999-05-04,0.6621
1999-05-05,0.6615
1999-05-06,0.6705
1999-05-07,0.6696
1999-05-10,0.6691
1999-05-11,0.6723
1999-05-12,0.6675
1999-05-13,0.6678
1999-05-14,0.6665
1999-05-17,0.6657
1999-05-18,0.6715
1999-05-19,0.6631
1999-05-20,0.6623
1999-05-21,0.6614
1999-05-24,0.6595
1999-05-25,0.6575
1999-05-26,0.6487
1999-05-27,0.6495
1999-05-28,0.6539
1999-05-31,0.6488
1999-06-01,0.6437
1999-06-02,0.6445
1999-06-03,0.6475
1999-06-04,0.6545
1999-06-07,0.6585
1999-06-08,0.6592
1999-06-09,0.6605
1999-06-10,0.6630
1999-06-11,0.6654
1999-06-14,0.6637
1999-06-15,0.6579
1999-06-16,0.6567
1999-06-17,0.6575
1999-06-18,0.6543
1999-06-21,0.6518
1999-06-22,0.6526
1999-06-23,0.6561
1999-06-24,0.6574
1999-06-25,0.6625
1999-06-28,0.6579
1999-06-29,0.6558
1999-06-30,0.6619
1999-07-01,0.6665
1999-07-02,0.6696
1999-07-05,0.6664
1999-07-06,0.6660
1999-07-07,0.6630
1999-07-08,0.6645
1999-07-09,0.6660
1999-07-12,0.6624
1999-07-13,0.6592
1999-07-14,0.6605
1999-07-15,0.6631
1999-07-16,0.6599
1999-07-19,0.6512
1999-07-20,0.6497
1999-07-21,0.6465
1999-07-22,0.6475
1999-07-23,0.6502
1999-07-26,0.6474
1999-07-27,0.6435
1999-07-28,0.6445
1999-07-29,0.6484
1999-07-30,0.6530
1999-08-02,0.6492
1999-08-03,0.6541
1999-08-04,0.6576
1999-08-05,0.6551
1999-08-06,0.6537
1999-08-09,0.6531
1999-08-10,0.6514
1999-08-11,0.6484
1999-08-12,0.6488
1999-08-13,0.6520
1999-08-16,0.6504
1999-08-17,0.6475
1999-08-18,0.6481
1999-08-19,0.6375
1999-08-20,0.6375
1999-08-23,0.6360
1999-08-24,0.6375
1999-08-25,0.6324
1999-08-26,0.6310
1999-08-27,0.6326
1999-08-30,0.6314
1999-08-31,0.6372
1999-09-01,0.6396
1999-09-02,0.6445
1999-09-03,0.6451
1999-09-06,0.6440
1999-09-07,0.6477
1999-09-08,0.6488
1999-09-09,0.6529
1999-09-10,0.6513
1999-09-13,0.6577
1999-09-14,0.6544
1999-09-15,0.6490
1999-09-16,0.6471
1999-09-17,0.6487
1999-09-20,0.6441
1999-09-21,0.6485
1999-09-22,0.6513
1999-09-23,0.6494
1999-09-24,0.6529
1999-09-27,0.6541
1999-09-28,0.6551
1999-09-29,0.6535
1999-09-30,0.6526
1999-10-01,0.6555
1999-10-04,0.6588
1999-10-05,0.6632
1999-10-06,0.6602
1999-10-07,0.6609
1999-10-08,0.6564
1999-10-11,0.6536
1999-10-12,0.6546
1999-10-13,0.6540
1999-10-14,0.6505
1999-10-15,0.6480
1999-10-18,0.6446
1999-10-19,0.6465
1999-10-20,0.6474
1999-10-21,0.6476
1999-10-22,0.6510
1999-10-25,0.6515
1999-10-26,0.6506
1999-10-27,0.6435
1999-10-28,0.6453
1999-10-29,0.6373
1999-11-01,0.6383
1999-11-02,0.6407
1999-11-03,0.6440
1999-11-04,0.6373
1999-11-05,0.6381
1999-11-08,0.6390
1999-11-09,0.6374
1999-11-10,0.6393
1999-11-11,0.6431
1999-11-12,0.6435
1999-11-15,0.6464
1999-11-16,0.6415
1999-11-17,0.6413
1999-11-18,0.6400
1999-11-19,0.6383
1999-11-22,0.6377
1999-11-23,0.6364
1999-11-24,0.6331
1999-11-25,0.6350
1999-11-26,0.6340
1999-11-29,0.6366
1999-11-30,0.6357
1999-12-01,0.6354
1999-12-02,0.6326
1999-12-03,0.6335
1999-12-06,0.6321
1999-12-07,0.6360
1999-12-08,0.6382
1999-12-09,0.6405
1999-12-10,0.6366
1999-12-13,0.6343
1999-12-14,0.6360
1999-12-15,0.6366
1999-12-16,0.6431
1999-12-17,0.6427
1999-12-20,0.6416
1999-12-21,0.6437
1999-12-22,0.6446
1999-12-23,0.6450
1999-12-24,0.6450
1999-12-27,0.6445
1999-12-28,0.6452
1999-12-29,0.6501
1999-12-30,0.6544
1999-12-31,0.6544
2000-01-03,0.6600
2000-01-04,0.6575
2000-01-05,0.6573
2000-01-06,0.6552
2000-01-07,0.6555
2000-01-10,0.6565
2000-01-11,0.6573
2000-01-12,0.6588
2000-01-13,0.6666
2000-01-14,0.6670
2000-01-17,0.6634
2000-01-18,0.6643
2000-01-19,0.6636
2000-01-20,0.6675
2000-01-21,0.6631
2000-01-24,0.6546
2000-01-25,0.6543
2000-01-26,0.6505
2000-01-27,0.6546
2000-01-28,0.6425
2000-01-31,0.6378
2000-02-01,0.6340
2000-02-02,0.6365
2000-02-03,0.6375
2000-02-04,0.6320
2000-02-07,0.6343
2000-02-08,0.6342
2000-02-09,0.6350
2000-02-10,0.6318
2000-02-11,0.6292
2000-02-14,0.6290
2000-02-15,0.6301
2000-02-16,0.6302
2000-02-17,0.6311
2000-02-18,0.6292
2000-02-21,0.6271
2000-02-22,0.6263
2000-02-23,0.6212
2000-02-24,0.6157
2000-02-25,0.6172
2000-02-28,0.6126
2000-02-29,0.6142
2000-03-01,0.6058
2000-03-02,0.6085
2000-03-03,0.6085
2000-03-06,0.6017
2000-03-07,0.6049
2000-03-08,0.6091
2000-03-09,0.6131
2000-03-10,0.6140
2000-03-13,0.6170
2000-03-14,0.6145
2000-03-15,0.6136
2000-03-16,0.6106
2000-03-17,0.6071
2000-03-20,0.6065
2000-03-21,0.6103
2000-03-22,0.6054
2000-03-23,0.6045
2000-03-24,0.6059
2000-03-27,0.6121
2000-03-28,0.6145
2000-03-29,0.6125
2000-03-30,0.6109
2000-03-31,0.6070
2000-04-03,0.6068
2000-04-04,0.6022
2000-04-05,0.6056
2000-04-06,0.6014
2000-04-07,0.5986
2000-04-10,0.5986
2000-04-11,0.5958
2000-04-12,0.5974
2000-04-13,0.5968
2000-04-14,0.5978
2000-04-17,0.5905
2000-04-18,0.5951
2000-04-19,0.5968
2000-04-20,0.5944
2000-04-21,0.5944
2000-04-24,0.5955
2000-04-25,0.5965
2000-04-26,0.5906
2000-04-27,0.5878
2000-04-28,0.5835
2000-05-01,0.5799
2000-05-02,0.5863
2000-05-03,0.5910
2000-05-04,0.5922
2000-05-05,0.5935
2000-05-08,0.5876
2000-05-09,0.5820
2000-05-10,0.5810
2000-05-11,0.5805
2000-05-12,0.5795
2000-05-15,0.5732
2000-05-16,0.5761
2000-05-17,0.5681
2000-05-18,0.5686
2000-05-19,0.5715
2000-05-22,0.5740
2000-05-23,0.5768
2000-05-24,0.5713
2000-05-25,0.5706
2000-05-26,0.5690
2000-05-29,0.5722
2000-05-30,0.5774
2000-05-31,0.5705
2000-06-01,0.5725
2000-06-02,0.5800
2000-06-05,0.5818
2000-06-06,0.5899
2000-06-07,0.5897
2000-06-08,0.5896
2000-06-09,0.5855
2000-06-12,0.5910
2000-06-13,0.5980
2000-06-14,0.6015
2000-06-15,0.6015
2000-06-16,0.6079
2000-06-19,0.6015
2000-06-20,0.6021
2000-06-21,0.6021
2000-06-22,0.6005
2000-06-23,0.5965
2000-06-26,0.5970
2000-06-27,0.5999
2000-06-28,0.6012
2000-06-29,0.6036
2000-06-30,0.6004
2000-07-03,0.5983
2000-07-04,0.5982
2000-07-05,0.5907
2000-07-06,0.5914
2000-07-07,0.5903
2000-07-10,0.5921
2000-07-11,0.5899
2000-07-12,0.5903
2000-07-13,0.5845
2000-07-14,0.5847
2000-07-17,0.5850
2000-07-18,0.5845
2000-07-19,0.5770
2000-07-20,0.5805
2000-07-21,0.5861
2000-07-24,0.5865
2000-07-25,0.5844
2000-07-26,0.5910
2000-07-27,0.5894
2000-07-28,0.5877
2000-07-31,0.5790
2000-08-01,0.5814
2000-08-02,0.5825
2000-08-03,0.5840
2000-08-04,0.5852
2000-08-07,0.5860
2000-08-08,0.5866
2000-08-09,0.5787
2000-08-10,0.5820
2000-08-11,0.5798
2000-08-14,0.5799
2000-08-15,0.5828
2000-08-16,0.5890
2000-08-17,0.5935
2000-08-18,0.5896
2000-08-21,0.5889
2000-08-22,0.5852
2000-08-23,0.5738
2000-08-24,0.5731
2000-08-25,0.5738
2000-08-28,0.5713
2000-08-29,0.5723
2000-08-30,0.5719
2000-08-31,0.5778
2000-09-01,0.5757
2000-09-04,0.5752
2000-09-05,0.5701
2000-09-06,0.5654
2000-09-07,0.5576
2000-09-08,0.5556
2000-09-11,0.5590
2000-09-12,0.5600
2000-09-13,0.5567
2000-09-14,0.5502
2000-09-15,0.5497
2000-09-18,0.5440
2000-09-19,0.5438
2000-09-20,0.5410
2000-09-21,0.5421
2000-09-22,0.5508
2000-09-25,0.5480
2000-09-26,0.5498
2000-09-27,0.5497
2000-09-28,0.5490
2000-09-29,0.5416
2000-10-02,0.5457
2000-10-03,0.5401
2000-10-04,0.5385
2000-10-05,0.5358
2000-10-06,0.5358
2000-10-09,0.5344
2000-10-10,0.5329
2000-10-11,0.5364
2000-10-12,0.5316
2000-10-13,0.5307
2000-10-16,0.5243
2000-10-17,0.5197
2000-10-18,0.5212
2000-10-19,0.5206
2000-10-20,0.5282
2000-10-23,0.5270
2000-10-24,0.5267
2000-10-25,0.5186
2000-10-26,0.5190
2000-10-27,0.5243
2000-10-30,0.5250
2000-10-31,0.5182
2000-11-01,0.5233
2000-11-02,0.5204
2000-11-03,0.5251
2000-11-06,0.5292
2000-11-07,0.5283
2000-11-08,0.5264
2000-11-09,0.5259
2000-11-10,0.5232
2000-11-13,0.5201
2000-11-14,0.5196
2000-11-15,0.5213
2000-11-16,0.5186
2000-11-17,0.5188
2000-11-20,0.5146
2000-11-21,0.5111
2000-11-22,0.5196
2000-11-23,0.5229
2000-11-24,0.5227
2000-11-27,0.5256
2000-11-28,0.5235
2000-11-29,0.5239
2000-11-30,0.5258
2000-12-01,0.5368
2000-12-04,0.5453
2000-12-05,0.5408
2000-12-06,0.5438
2000-12-07,0.5466
2000-12-08,0.5463
2000-12-11,0.5404
2000-12-12,0.5409
2000-12-13,0.5398
2000-12-14,0.5418
2000-12-15,0.5458
2000-12-18,0.5413
2000-12-19,0.5429
2000-12-20,0.5485
2000-12-21,0.5544
2000-12-22,0.5547
2000-12-25,0.5547
2000-12-26,0.5575
2000-12-27,0.5581
2000-12-28,0.5532
2000-12-29,0.5557
2001-01-01,0.5557
2001-01-02,0.5581
2001-01-03,0.5621
2001-01-04,0.5652
2001-01-05,0.5703
2001-01-08,0.5661
2001-01-09,0.5625
2001-01-10,0.5583
2001-01-11,0.5578
2001-01-12,0.5565
2001-01-15,0.5533
2001-01-16,0.5561
2001-01-17,0.5515
2001-01-18,0.5559
2001-01-19,0.5566
2001-01-22,0.5541
2001-01-23,0.5536
2001-01-24,0.5442
2001-01-25,0.5448
2001-01-26,0.5433
2001-01-29,0.5443
2001-01-30,0.5461
2001-01-31,0.5492
2001-02-01,0.5546
2001-02-02,0.5519
2001-02-05,0.5502
2001-02-06,0.5497
2001-02-07,0.5462
2001-02-08,0.5375
2001-02-09,0.5357
2001-02-12,0.5381
2001-02-13,0.5338
2001-02-14,0.5290
2001-02-15,0.5238
2001-02-16,0.5311
2001-02-19,0.5293
2001-02-20,0.5225
2001-02-21,0.5261
2001-02-22,0.5249
2001-02-23,0.5220
2001-02-26,0.5227
2001-02-27,0.5248
2001-02-28,0.5242
2001-03-01,0.5260
2001-03-02,0.5288
2001-03-05,0.5220
2001-03-06,0.5181
2001-03-07,0.5109
2001-03-08,0.5107
2001-03-09,0.5097
2001-03-12,0.5099
2001-03-13,0.5024
2001-03-14,0.4993
2001-03-15,0.4941
2001-03-16,0.4936
2001-03-19,0.4992
2001-03-20,0.4991
2001-03-21,0.4936
2001-03-22,0.4928
2001-03-23,0.4961
2001-03-26,0.4995
2001-03-27,0.4986
2001-03-28,0.4939
2001-03-29,0.4919
2001-03-30,0.4883
2001-04-02,0.4848
2001-04-03,0.4843
2001-04-04,0.4901
2001-04-05,0.4898
2001-04-06,0.4958
2001-04-09,0.4941
2001-04-10,0.4961
2001-04-11,0.5027
2001-04-12,0.5078
2001-04-13,0.5078
2001-04-16,0.5094
2001-04-17,0.5058
2001-04-18,0.4948
2001-04-19,0.5085
2001-04-20,0.5182
2001-04-23,0.5063
2001-04-24,0.5038
2001-04-25,0.5050
2001-04-26,0.5090
2001-04-27,0.5100
2001-04-30,0.5108
2001-05-01,0.5169
2001-05-02,0.5204
2001-05-03,0.5226
2001-05-04,0.5193
2001-05-07,0.5189
2001-05-08,0.5198
2001-05-09,0.5225
2001-05-10,0.5266
2001-05-11,0.5212
2001-05-14,0.5182
2001-05-15,0.5189
2001-05-16,0.5217
2001-05-17,0.5283
2001-05-18,0.5253
2001-05-21,0.5304
2001-05-22,0.5229
2001-05-23,0.5196
2001-05-24,0.5180
2001-05-25,0.5193
2001-05-28,0.5208
2001-05-29,0.5158
2001-05-30,0.5138
2001-05-31,0.5069
2001-06-01,0.5086
2001-06-04,0.5078
2001-06-05,0.5084
2001-06-06,0.5133
2001-06-07,0.5197
2001-06-08,0.5235
2001-06-11,0.5224
2001-06-12,0.5239
2001-06-13,0.5283
2001-06-14,0.5281
2001-06-15,0.5279
2001-06-18,0.5231
2001-06-19,0.5208
2001-06-20,0.5182
2001-06-21,0.5182
2001-06-22,0.5172
2001-06-25,0.5162
2001-06-26,0.5188
2001-06-27,0.5177
2001-06-28,0.5109
2001-06-29,0.5081
2001-07-02,0.5100
2001-07-03,0.5152
2001-07-04,0.5188
2001-07-05,0.5167
2001-07-06,0.5070
2001-07-09,0.5074
2001-07-10,0.5106
2001-07-11,0.5063
2001-07-12,0.5045
2001-07-13,0.5078
2001-07-16,0.5102
2001-07-17,0.5059
2001-07-18,0.5142
2001-07-19,0.5131
2001-07-20,0.5061
2001-07-23,0.5075
2001-07-24,0.5076
2001-07-25,0.5080
2001-07-26,0.5084
2001-07-27,0.5051
2001-07-30,0.5055
2001-07-31,0.5073
2001-08-01,0.5156
2001-08-02,0.5199
2001-08-03,0.5185
2001-08-06,0.5173
2001-08-07,0.5156
2001-08-08,0.5173
2001-08-09,0.5131
2001-08-10,0.5146
2001-08-13,0.5172
2001-08-14,0.5167
2001-08-15,0.5268
2001-08-16,0.5276
2001-08-17,0.5354
2001-08-20,0.5321
2001-08-21,0.5316
2001-08-22,0.5369
2001-08-23,0.5321
2001-08-24,0.5299
2001-08-27,0.5283
2001-08-28,0.5279
2001-08-29,0.5296
2001-08-30,0.5314
2001-08-31,0.5260
2001-09-03,0.5267
2001-09-04,0.5218
2001-09-05,0.5195
2001-09-06,0.5217
2001-09-07,0.5189
2001-09-10,0.5123
2001-09-11,0.5205
2001-09-12,0.5171
2001-09-13,0.5148
2001-09-14,0.5152
2001-09-17,0.5040
2001-09-18,0.4956
2001-09-19,0.4942
2001-09-20,0.4937
2001-09-21,0.4858
2001-09-24,0.4910
2001-09-25,0.4946
2001-09-26,0.4897
2001-09-27,0.4872
2001-09-28,0.4935
2001-10-01,0.4927
2001-10-02,0.4945
2001-10-03,0.4970
2001-10-04,0.4975
2001-10-05,0.5058
2001-10-08,0.5074
2001-10-09,0.5021
2001-10-10,0.5019
2001-10-11,0.4987
2001-10-12,0.5007
2001-10-15,0.5133
2001-10-16,0.5137
2001-10-17,0.5139
2001-10-18,0.5098
2001-10-19,0.5074
2001-10-22,0.5078
2001-10-23,0.5085
2001-10-24,0.5084
2001-10-25,0.5063
2001-10-26,0.5016
2001-10-29,0.5057
2001-10-30,0.5069
2001-10-31,0.5046
2001-11-01,0.5094
2001-11-02,0.5075
2001-11-05,0.5080
2001-11-06,0.5125
2001-11-07,0.5154
2001-11-08,0.5148
2001-11-09,0.5133
2001-11-12,0.5191
2001-11-13,0.5194
2001-11-14,0.5193
2001-11-15,0.5178
2001-11-16,0.5213
2001-11-19,0.5208
2001-11-20,0.5194
2001-11-21,0.5168
2001-11-22,0.5162
2001-11-23,0.5174
2001-11-26,0.5177
2001-11-27,0.5234
2001-11-28,0.5201
2001-11-29,0.5178
2001-11-30,0.5201
2001-12-03,0.5181
2001-12-04,0.5153
2001-12-05,0.5165
2001-12-06,0.5187
2001-12-07,0.5162
2001-12-10,0.5147
2001-12-11,0.5145
2001-12-12,0.5191
2001-12-13,0.5194
2001-12-14,0.5183
2001-12-17,0.5179
2001-12-18,0.5161
2001-12-19,0.5138
2001-12-20,0.5056
2001-12-21,0.5063
2001-12-24,0.5086
2001-12-25,0.5086
2001-12-26,0.5082
2001-12-27,0.5078
2001-12-28,0.5096
2001-12-31,0.5119
2002-01-01,0.5119
2002-01-02,0.5135
2002-01-03,0.5143
2002-01-04,0.5184
2002-01-07,0.5187
2002-01-08,0.5226
2002-01-09,0.5230
2002-01-10,0.5230
2002-01-11,0.5210
2002-01-14,0.5184
2002-01-15,0.5179
2002-01-16,0.5151
2002-01-17,0.5135
2002-01-18,0.5147
2002-01-21,0.5168
2002-01-22,0.5189
2002-01-23,0.5198
2002-01-24,0.5188
2002-01-25,0.5168
2002-01-28,0.5153
2002-01-29,0.5142
2002-01-30,0.5062
2002-01-31,0.5067
2002-02-01,0.5094
2002-02-04,0.5099
2002-02-05,0.5093
2002-02-06,0.5084
2002-02-07,0.5071
2002-02-08,0.5108
2002-02-11,0.5122
2002-02-12,0.5091
2002-02-13,0.5088
2002-02-14,0.5154
2002-02-15,0.5168
2002-02-18,0.5179
2002-02-19,0.5168
2002-02-20,0.5168
2002-02-21,0.5153
2002-02-22,0.5134
2002-02-25,0.5131
2002-02-26,0.5141
2002-02-27,0.5153
2002-02-28,0.5162
2002-03-01,0.5177
2002-03-04,0.5205
2002-03-05,0.5202
2002-03-06,0.5209
2002-03-07,0.5262
2002-03-08,0.5222
2002-03-11,0.5210
2002-03-12,0.5200
2002-03-13,0.5203
2002-03-14,0.5230
2002-03-15,0.5252
2002-03-18,0.5243
2002-03-19,0.5242
2002-03-20,0.5313
2002-03-21,0.5329
2002-03-22,0.5326
2002-03-25,0.5303
2002-03-26,0.5275
2002-03-27,0.5273
2002-03-28,0.5337
2002-03-29,0.5337
2002-04-01,0.5347
2002-04-02,0.5342
2002-04-03,0.5313
2002-04-04,0.5316
2002-04-05,0.5313
2002-04-08,0.5273
2002-04-09,0.5287
2002-04-10,0.5309
2002-04-11,0.5347
2002-04-12,0.5344
2002-04-15,0.5312
2002-04-16,0.5313
2002-04-17,0.5369
2002-04-18,0.5388
2002-04-19,0.5396
2002-04-22,0.5395
2002-04-23,0.5389
2002-04-24,0.5418
2002-04-25,0.5441
2002-04-26,0.5435
2002-04-29,0.5383
2002-04-30,0.5370
2002-05-01,0.5386
2002-05-02,0.5360
2002-05-03,0.5384
2002-05-06,0.5384
2002-05-07,0.5406
2002-05-08,0.5418
2002-05-09,0.5427
2002-05-10,0.5445
2002-05-13,0.5462
2002-05-14,0.5457
2002-05-15,0.5488
2002-05-16,0.5482
2002-05-17,0.5528
2002-05-20,0.5523
2002-05-21,0.5545
2002-05-22,0.5575
2002-05-23,0.5567
2002-05-24,0.5563
2002-05-27,0.5571
2002-05-28,0.5615
2002-05-29,0.5647
2002-05-30,0.5652
2002-05-31,0.5661
2002-06-03,0.5710
2002-06-04,0.5748
2002-06-05,0.5707
2002-06-06,0.5748
2002-06-07,0.5735
2002-06-10,0.5697
2002-06-11,0.5677
2002-06-12,0.5701
2002-06-13,0.5700
2002-06-14,0.5602
2002-06-17,0.5578
2002-06-18,0.5625
2002-06-19,0.5662
2002-06-20,0.5709
2002-06-21,0.5741
2002-06-24,0.5743
2002-06-25,0.5693
2002-06-26,0.5629
2002-06-27,0.5631
2002-06-28,0.5614
2002-07-01,0.5613
2002-07-02,0.5636
2002-07-03,0.5586
2002-07-04,0.5550
2002-07-05,0.5574
2002-07-08,0.5641
2002-07-09,0.5678
2002-07-10,0.5663
2002-07-11,0.5572
2002-07-12,0.5575
2002-07-15,0.5598
2002-07-16,0.5589
2002-07-17,0.5513
2002-07-18,0.5520
2002-07-19,0.5553
2002-07-22,0.5517
2002-07-23,0.5457
2002-07-24,0.5378
2002-07-25,0.5402
2002-07-26,0.5388
2002-07-29,0.5390
2002-07-30,0.5450
2002-07-31,0.5443
2002-08-01,0.5383
2002-08-02,0.5375
2002-08-05,0.5310
2002-08-06,0.5270
2002-08-07,0.5361
2002-08-08,0.5331
2002-08-09,0.5343
2002-08-12,0.5397
2002-08-13,0.5385
2002-08-14,0.5389
2002-08-15,0.5435
2002-08-16,0.5462
2002-08-19,0.5425
2002-08-20,0.5461
2002-08-21,0.5436
2002-08-22,0.5417
2002-08-23,0.5441
2002-08-26,0.5438
2002-08-27,0.5531
2002-08-28,0.5516
2002-08-29,0.5510
2002-08-30,0.5509
2002-09-02,0.5525
2002-09-03,0.5474
2002-09-04,0.5446
2002-09-05,0.5415
2002-09-06,0.5454
2002-09-09,0.5477
2002-09-10,0.5474
2002-09-11,0.5475
2002-09-12,0.5517
2002-09-13,0.5506
2002-09-16,0.5482
2002-09-17,0.5477
2002-09-18,0.5478
2002-09-19,0.5504
2002-09-20,0.5466
2002-09-23,0.5434
2002-09-24,0.5446
2002-09-25,0.5442
2002-09-26,0.5439
2002-09-27,0.5440
2002-09-30,0.5434
2002-10-01,0.5427
2002-10-02,0.5446
2002-10-03,0.5463
2002-10-04,0.5459
2002-10-07,0.5499
2002-10-08,0.5471
2002-10-09,0.5487
2002-10-10,0.5473
2002-10-11,0.5492
2002-10-14,0.5467
2002-10-15,0.5468
2002-10-16,0.5485
2002-10-17,0.5507
2002-10-18,0.5505
2002-10-21,0.5537
2002-10-22,0.5535
2002-10-23,0.5527
2002-10-24,0.5559
2002-10-25,0.5544
2002-10-28,0.5587
2002-10-29,0.5570
2002-10-30,0.5521
2002-10-31,0.5550
2002-11-01,0.5574
2002-11-04,0.5603
2002-11-05,0.5616
2002-11-06,0.5612
2002-11-07,0.5666
2002-11-08,0.5667
2002-11-11,0.5606
2002-11-12,0.5615
2002-11-13,0.5599
2002-11-14,0.5631
2002-11-15,0.5621
2002-11-18,0.5632
2002-11-19,0.5611
2002-11-20,0.5589
2002-11-21,0.5621
2002-11-22,0.5643
2002-11-25,0.5587
2002-11-26,0.5610
2002-11-27,0.5557
2002-11-28,0.5614
2002-11-29,0.5614
2002-12-02,0.5603
2002-12-03,0.5594
2002-12-04,0.5603
2002-12-05,0.5613
2002-12-06,0.5612
2002-12-09,0.5636
2002-12-10,0.5612
2002-12-11,0.5608
2002-12-12,0.5651
2002-12-13,0.5652
2002-12-16,0.5652
2002-12-17,0.5675
2002-12-18,0.5645
2002-12-19,0.5648
2002-12-20,0.5611
2002-12-23,0.5622
2002-12-24,0.5629
2002-12-25,0.5629
2002-12-26,0.5629
2002-12-27,0.5609
2002-12-30,0.5634
2002-12-31,0.5631
2003-01-01,0.5631
2003-01-02,0.5627
2003-01-03,0.5650
2003-01-06,0.5763
2003-01-07,0.5758
2003-01-08,0.5735
2003-01-09,0.5770
2003-01-10,0.5821
2003-01-13,0.5825
2003-01-14,0.5845
2003-01-15,0.5852
2003-01-16,0.5869
2003-01-17,0.5911
2003-01-20,0.5903
2003-01-21,0.5874
2003-01-22,0.5855
2003-01-23,0.5904
2003-01-24,0.5919
2003-01-27,0.5897
2003-01-28,0.5880
2003-01-29,0.5909
2003-01-30,0.5871
2003-01-31,0.5862
2003-02-03,0.5833
2003-02-04,0.5906
2003-02-05,0.5909
2003-02-06,0.5907
2003-02-07,0.5913
2003-02-10,0.5920
2003-02-11,0.5884
2003-02-12,0.5910
2003-02-13,0.5952
2003-02-14,0.5916
2003-02-17,0.5906
2003-02-18,0.5916
2003-02-19,0.5936
2003-02-20,0.5982
2003-02-21,0.5982
2003-02-24,0.6040
2003-02-25,0.6042
2003-02-26,0.6063
2003-02-27,0.6057
2003-02-28,0.6069
2003-03-03,0.6139
2003-03-04,0.6146
2003-03-05,0.6168
2003-03-06,0.6155
2003-03-07,0.6147
2003-03-10,0.6162
2003-03-11,0.6050
2003-03-12,0.5942
2003-03-13,0.5944
2003-03-14,0.5961
2003-03-17,0.5951
2003-03-18,0.5925
2003-03-19,0.5927
2003-03-20,0.5931
2003-03-21,0.5909
2003-03-24,0.5947
2003-03-25,0.5973
2003-03-26,0.5975
2003-03-27,0.6007
2003-03-28,0.5997
2003-03-31,0.6043
2003-04-01,0.6034
2003-04-02,0.6004
2003-04-03,0.5989
2003-04-04,0.6003
2003-04-07,0.5971
2003-04-08,0.5994
2003-04-09,0.6020
2003-04-10,0.6068
2003-04-11,0.6048
2003-04-14,0.6039
2003-04-15,0.6053
2003-04-16,0.6120
2003-04-17,0.6152
2003-04-18,0.6152
2003-04-21,0.6138
2003-04-22,0.6209
2003-04-23,0.6179
2003-04-24,0.6188
2003-04-25,0.6162
2003-04-28,0.6186
2003-04-29,0.6198
2003-04-30,0.6255
2003-05-01,0.6317
2003-05-02,0.6301
2003-05-05,0.6343
2003-05-06,0.6373
2003-05-07,0.6354
2003-05-08,0.6437
2003-05-09,0.6441
2003-05-12,0.6471
2003-05-13,0.6463
2003-05-14,0.6469
2003-05-15,0.6445
2003-05-16,0.6502
2003-05-19,0.6559
2003-05-20,0.6548
2003-05-21,0.6563
2003-05-22,0.6573
2003-05-23,0.6569
2003-05-26,0.6597
2003-05-27,0.6594
2003-05-28,0.6483
2003-05-29,0.6472
2003-05-30,0.6516
2003-06-02,0.6568
2003-06-03,0.6578
2003-06-04,0.6648
2003-06-05,0.6674
2003-06-06,0.6608
2003-06-09,0.6583
2003-06-10,0.6570
2003-06-11,0.6632
2003-06-12,0.6641
2003-06-13,0.6668
2003-06-16,0.6673
2003-06-17,0.6704
2003-06-18,0.6731
2003-06-19,0.6684
2003-06-20,0.6685
2003-06-23,0.6639
2003-06-24,0.6635
2003-06-25,0.6711
2003-06-26,0.6667
2003-06-27,0.6652
2003-06-30,0.6706
2003-07-01,0.6772
2003-07-02,0.6794
2003-07-03,0.6833
2003-07-04,0.6806
2003-07-07,0.6806
2003-07-08,0.6638
2003-07-09,0.6540
2003-07-10,0.6563
2003-07-11,0.6582
2003-07-14,0.6604
2003-07-15,0.6524
2003-07-16,0.6572
2003-07-17,0.6523
2003-07-18,0.6447
2003-07-21,0.6506
2003-07-22,0.6515
2003-07-23,0.6581
2003-07-24,0.6661
2003-07-25,0.6655
2003-07-28,0.6654
2003-07-29,0.6663
2003-07-30,0.6545
2003-07-31,0.6481
2003-08-01,0.6530
2003-08-04,0.6492
2003-08-05,0.6445
2003-08-06,0.6481
2003-08-07,0.6506
2003-08-08,0.6526
2003-08-11,0.6572
2003-08-12,0.6574
2003-08-13,0.6573
2003-08-14,0.6568
2003-08-15,0.6592
2003-08-18,0.6558
2003-08-19,0.6548
2003-08-20,0.6611
2003-08-21,0.6547
2003-08-22,0.6503
2003-08-25,0.6519
2003-08-26,0.6462
2003-08-27,0.6400
2003-08-28,0.6396
2003-08-29,0.6472
2003-09-01,0.6455
2003-09-02,0.6425
2003-09-03,0.6401
2003-09-04,0.6393
2003-09-05,0.6442
2003-09-08,0.6473
2003-09-09,0.6567
2003-09-10,0.6583
2003-09-11,0.6589
2003-09-12,0.6627
2003-09-15,0.6645
2003-09-16,0.6625
2003-09-17,0.6639
2003-09-18,0.6667
2003-09-19,0.6717
2003-09-22,0.6812
2003-09-23,0.6789
2003-09-24,0.6772
2003-09-25,0.6815
2003-09-26,0.6750
2003-09-29,0.6738
2003-09-30,0.6768
2003-10-01,0.6824
2003-10-02,0.6833
2003-10-03,0.6832
2003-10-06,0.6822
2003-10-07,0.6907
2003-10-08,0.6908
2003-10-09,0.6924
2003-10-10,0.6920
2003-10-13,0.6902
2003-10-14,0.6893
2003-10-15,0.6896
2003-10-16,0.6921
2003-10-17,0.6929
2003-10-20,0.6935
2003-10-21,0.6988
2003-10-22,0.7044
2003-10-23,0.6994
2003-10-24,0.7011
2003-10-27,0.7052
2003-10-28,0.7051
2003-10-29,0.7046
2003-10-30,0.7068
2003-10-31,0.7095
2003-11-03,0.7039
2003-11-04,0.7004
2003-11-05,0.7111
2003-11-06,0.7092
2003-11-07,0.7082
2003-11-10,0.7164
2003-11-11,0.7162
2003-11-12,0.7169
2003-11-13,0.7202
2003-11-14,0.7195
2003-11-17,0.7143
2003-11-18,0.7212
2003-11-19,0.7224
2003-11-20,0.7231
2003-11-21,0.7238
2003-11-24,0.7178
2003-11-25,0.7178
2003-11-26,0.7236
2003-11-27,0.7216
2003-11-28,0.7236
2003-12-01,0.7266
2003-12-02,0.7323
2003-12-03,0.7355
2003-12-04,0.7338
2003-12-05,0.7350
2003-12-08,0.7399
2003-12-09,0.7378
2003-12-10,0.7404
2003-12-11,0.7358
2003-12-12,0.7424
2003-12-15,0.7428
2003-12-16,0.7444
2003-12-17,0.7414
2003-12-18,0.7370
2003-12-19,0.7363
2003-12-22,0.7344
2003-12-23,0.7366
2003-12-24,0.7431
2003-12-25,0.7431
2003-12-26,0.7416
2003-12-29,0.7425
2003-12-30,0.7487
2003-12-31,0.7534
2004-01-01,0.7534
2004-01-02,0.7572
2004-01-05,0.7673
2004-01-06,0.7703
2004-01-07,0.7691
2004-01-08,0.7738
2004-01-09,0.7778
2004-01-12,0.7771
2004-01-13,0.7787
2004-01-14,0.7768
2004-01-15,0.7697
2004-01-16,0.7662
2004-01-19,0.7540
2004-01-20,0.7674
2004-01-21,0.7738
2004-01-22,0.7779
2004-01-23,0.7766
2004-01-26,0.7742
2004-01-27,0.7775
2004-01-28,0.7766
2004-01-29,0.7602
2004-01-30,0.7610
2004-02-02,0.7579
2004-02-03,0.7661
2004-02-04,0.7601
2004-02-05,0.7651
2004-02-06,0.7689
2004-02-09,0.7759
2004-02-10,0.7786
2004-02-11,0.7786
2004-02-12,0.7885
2004-02-13,0.7899
2004-02-16,0.7925
2004-02-17,0.7976
2004-02-18,0.7946
2004-02-19,0.7888
2004-02-20,0.7768
2004-02-23,0.7728
2004-02-24,0.7783
2004-02-25,0.7749
2004-02-26,0.7686
2004-02-27,0.7715
2004-03-01,0.7734
2004-03-02,0.7683
2004-03-03,0.7464
2004-03-04,0.7509
2004-03-05,0.7622
2004-03-08,0.7568
2004-03-09,0.7620
2004-03-10,0.7467
2004-03-11,0.7337
2004-03-12,0.7292
2004-03-15,0.7313
2004-03-16,0.7434
2004-03-17,0.7373
2004-03-18,0.7501
2004-03-19,0.7498
2004-03-22,0.7531
2004-03-23,0.7526
2004-03-24,0.7478
2004-03-25,0.7405
2004-03-26,0.7437
2004-03-29,0.7473
2004-03-30,0.7552
2004-03-31,0.7634
2004-04-01,0.7671
2004-04-02,0.7601
2004-04-05,0.7535
2004-04-06,0.7609
2004-04-07,0.7659
2004-04-08,0.7623
2004-04-09,0.7623
2004-04-12,0.7662
2004-04-13,0.7543
2004-04-14,0.7323
2004-04-15,0.7395
2004-04-16,0.7446
2004-04-19,0.7466
2004-04-20,0.7376
2004-04-21,0.7331
2004-04-22,0.7285
2004-04-23,0.7302
2004-04-26,0.7320
2004-04-27,0.7316
2004-04-28,0.7234
2004-04-29,0.7197
2004-04-30,0.7222
2004-05-03,0.7194
2004-05-04,0.7291
2004-05-05,0.7308
2004-05-06,0.7268
2004-05-07,0.7052
2004-05-10,0.6926
2004-05-11,0.6936
2004-05-12,0.6972
2004-05-13,0.6898
2004-05-14,0.6891
2004-05-17,0.6898
2004-05-18,0.6861
2004-05-19,0.6995
2004-05-20,0.6930
2004-05-21,0.7023
2004-05-24,0.6991
2004-05-25,0.7056
2004-05-26,0.7064
2004-05-27,0.7185
2004-05-28,0.7136
2004-05-31,0.7136
2004-06-01,0.7099
2004-06-02,0.6990
2004-06-03,0.6903
2004-06-04,0.6931
2004-06-07,0.7040
2004-06-08,0.7007
2004-06-09,0.6918
2004-06-10,0.6977
2004-06-11,0.6930
2004-06-14,0.6927
2004-06-15,0.6896
2004-06-16,0.6885
2004-06-17,0.6835
2004-06-18,0.6895
2004-06-21,0.6904
2004-06-22,0.6871
2004-06-23,0.6876
2004-06-24,0.6999
2004-06-25,0.6982
2004-06-28,0.7003
2004-06-29,0.6908
2004-06-30,0.6966
2004-07-01,0.7037
2004-07-02,0.7131
2004-07-05,0.7122
2004-07-06,0.7144
2004-07-07,0.7226
2004-07-08,0.7224
2004-07-09,0.7213
2004-07-12,0.7277
2004-07-13,0.7248
2004-07-14,0.7243
2004-07-15,0.7228
2004-07-16,0.7314
2004-07-19,0.7326
2004-07-20,0.7292
2004-07-21,0.7130
2004-07-22,0.7163
2004-07-23,0.7089
2004-07-26,0.7090
2004-07-27,0.7029
2004-07-28,0.6984
2004-07-29,0.6975
2004-07-30,0.7003
2004-08-02,0.7042
2004-08-03,0.7051
2004-08-04,0.7043
2004-08-05,0.7025
2004-08-06,0.7145
2004-08-09,0.7167
2004-08-10,0.7169
2004-08-11,0.7126
2004-08-12,0.7136
2004-08-13,0.7168
2004-08-16,0.7185
2004-08-17,0.7133
2004-08-18,0.7142
2004-08-19,0.7247
2004-08-20,0.7249
2004-08-23,0.7195
2004-08-24,0.7074
2004-08-25,0.7077
2004-08-26,0.7032
2004-08-27,0.7041
2004-08-30,0.6991
2004-08-31,0.7061
2004-09-01,0.7038
2004-09-02,0.6943
2004-09-03,0.6903
2004-09-06,0.6920
2004-09-07,0.6931
2004-09-08,0.6938
2004-09-09,0.6864
2004-09-10,0.6988
2004-09-13,0.6954
2004-09-14,0.7039
2004-09-15,0.6951
2004-09-16,0.6989
2004-09-17,0.6963
2004-09-20,0.6996
2004-09-21,0.7006
2004-09-22,0.7061
2004-09-23,0.7156
2004-09-24,0.7127
2004-09-27,0.7139
2004-09-28,0.7181
2004-09-29,0.7148
2004-09-30,0.7243
2004-10-01,0.7237
2004-10-04,0.7188
2004-10-05,0.7236
2004-10-06,0.7243
2004-10-07,0.7266
2004-10-08,0.7350
2004-10-11,0.7339
2004-10-12,0.7309
2004-10-13,0.7235
2004-10-14,0.7323
2004-10-15,0.7319
2004-10-18,0.7270
2004-10-19,0.7291
2004-10-20,0.7366
2004-10-21,0.7384
2004-10-22,0.7389
2004-10-25,0.7465
2004-10-26,0.7455
2004-10-27,0.7484
2004-10-28,0.7452
2004-10-29,0.7469
2004-11-01,0.7474
2004-11-02,0.7453
2004-11-03,0.7550
2004-11-04,0.7580
2004-11-05,0.7606
2004-11-08,0.7578
2004-11-09,0.7582
2004-11-10,0.7594
2004-11-11,0.7626
2004-11-12,0.7681
2004-11-15,0.7710
2004-11-16,0.7732
2004-11-17,0.7823
2004-11-18,0.7765
2004-11-19,0.7836
2004-11-22,0.7846
2004-11-23,0.7856
2004-11-24,0.7880
2004-11-25,0.7929
2004-11-26,0.7885
2004-11-29,0.7850
2004-11-30,0.7759
2004-12-01,0.7759
2004-12-02,0.7762
2004-12-03,0.7762
2004-12-06,0.7758
2004-12-07,0.7747
2004-12-08,0.7535
2004-12-09,0.7513
2004-12-10,0.7508
2004-12-13,0.7580
2004-12-14,0.7577
2004-12-15,0.7650
2004-12-16,0.7566
2004-12-17,0.7582
2004-12-20,0.7653
2004-12-21,0.7652
2004-12-22,0.7656
2004-12-23,0.7667
2004-12-24,0.7710
2004-12-27,0.7763
2004-12-28,0.7767
2004-12-29,0.7739
2004-12-30,0.7773
2004-12-31,0.7839
2005-01-03,0.7768
2005-01-04,0.7685
2005-01-05,0.7666
2005-01-06,0.7610
2005-01-07,0.7577
2005-01-10,0.7588
2005-01-11,0.7629
2005-01-12,0.7686
2005-01-13,0.7655
2005-01-14,0.7597
2005-01-17,0.7586
2005-01-18,0.7558
2005-01-19,0.7603
2005-01-20,0.7606
2005-01-21,0.7670
2005-01-24,0.7689
2005-01-25,0.7646
2005-01-26,0.7744
2005-01-27,0.7754
2005-01-28,0.7739
2005-01-31,0.7749
2005-02-01,0.7719
2005-02-02,0.7742
2005-02-03,0.7692
2005-02-04,0.7723
2005-02-07,0.7734
2005-02-08,0.7650
2005-02-09,0.7679
2005-02-10,0.7823
2005-02-11,0.7834
2005-02-14,0.7884
2005-02-15,0.7844
2005-02-16,0.7815
2005-02-17,0.7872
2005-02-18,0.7873
2005-02-21,0.7892
2005-02-22,0.7935
2005-02-23,0.7856
2005-02-24,0.7853
2005-02-25,0.7847
2005-02-28,0.7938
2005-03-01,0.7860
2005-03-02,0.7828
2005-03-03,0.7838
2005-03-04,0.7923
2005-03-07,0.7918
2005-03-08,0.7984
2005-03-09,0.7919
2005-03-10,0.7901
2005-03-11,0.7937
2005-03-14,0.7873
2005-03-15,0.7900
2005-03-16,0.7944
2005-03-17,0.7935
2005-03-18,0.7923
2005-03-21,0.7878
2005-03-22,0.7912
2005-03-23,0.7754
2005-03-24,0.7719
2005-03-25,0.7719
2005-03-28,0.7692
2005-03-29,0.7710
2005-03-30,0.7729
2005-03-31,0.7735
2005-04-01,0.7727
2005-04-04,0.7663
2005-04-05,0.7662
2005-04-06,0.7644
2005-04-07,0.7686
2005-04-08,0.7692
2005-04-11,0.7742
2005-04-12,0.7731
2005-04-13,0.7776
2005-04-14,0.7720
2005-04-15,0.7710
2005-04-18,0.7654
2005-04-19,0.7685
2005-04-20,0.7741
2005-04-21,0.7764
2005-04-22,0.7826
2005-04-25,0.7786
2005-04-26,0.7772
2005-04-27,0.7766
2005-04-28,0.7788
2005-04-29,0.7808
2005-05-02,0.7792
2005-05-03,0.7740
2005-05-04,0.7778
2005-05-05,0.7812
2005-05-06,0.7769
2005-05-09,0.7726
2005-05-10,0.7761
2005-05-11,0.7754
2005-05-12,0.7676
2005-05-13,0.7627
2005-05-16,0.7576
2005-05-17,0.7572
2005-05-18,0.7580
2005-05-19,0.7571
2005-05-20,0.7548
2005-05-23,0.7594
2005-05-24,0.7618
2005-05-25,0.7622
2005-05-26,0.7603
2005-05-27,0.7614
2005-05-30,0.7613
2005-05-31,0.7578
2005-06-01,0.7513
2005-06-02,0.7551
2005-06-03,0.7578
2005-06-06,0.7658
2005-06-07,0.7683
2005-06-08,0.7696
2005-06-09,0.7666
2005-06-10,0.7622
2005-06-13,0.7615
2005-06-14,0.7654
2005-06-15,0.7673
2005-06-16,0.7721
2005-06-17,0.7777
2005-06-20,0.7760
2005-06-21,0.7772
2005-06-22,0.7791
2005-06-23,0.7725
2005-06-24,0.7675
2005-06-27,0.7687
2005-06-28,0.7659
2005-06-29,0.7618
2005-06-30,0.7622
2005-07-01,0.7512
2005-07-04,0.7507
2005-07-05,0.7403
2005-07-06,0.7424
2005-07-07,0.7403
2005-07-08,0.7426
2005-07-11,0.7467
2005-07-12,0.7564
2005-07-13,0.7479
2005-07-14,0.7534
2005-07-15,0.7497
2005-07-18,0.7528
2005-07-19,0.7499
2005-07-20,0.7535
2005-07-21,0.7635
2005-07-22,0.7674
2005-07-25,0.7630
2005-07-26,0.7581
2005-07-27,0.7551
2005-07-28,0.7563
2005-07-29,0.7600
2005-08-01,0.7615
2005-08-02,0.7647
2005-08-03,0.7715
2005-08-04,0.7729
2005-08-05,0.7678
2005-08-08,0.7653
2005-08-09,0.7597
2005-08-10,0.7643
2005-08-11,0.7734
2005-08-12,0.7720
2005-08-15,0.7676
2005-08-16,0.7679
2005-08-17,0.7628
2005-08-18,0.7547
2005-08-19,0.7503
2005-08-22,0.7555
2005-08-23,0.7547
2005-08-24,0.7558
2005-08-25,0.7592
2005-08-26,0.7588
2005-08-29,0.7534
2005-08-30,0.7480
2005-08-31,0.7511
2005-09-01,0.7617
2005-09-02,0.7636
2005-09-05,0.7676
2005-09-06,0.7670
2005-09-07,0.7682
2005-09-08,0.7717
2005-09-09,0.7745
2005-09-12,0.7721
2005-09-13,0.7689
2005-09-14,0.7723
2005-09-15,0.7671
2005-09-16,0.7669
2005-09-19,0.7671
2005-09-20,0.7697
2005-09-21,0.7719
2005-09-22,0.7639
2005-09-23,0.7582
2005-09-26,0.7564
2005-09-27,0.7539
2005-09-28,0.7560
2005-09-29,0.7591
2005-09-30,0.7636
2005-10-03,0.7616
2005-10-04,0.7629
2005-10-05,0.7562
2005-10-06,0.7576
2005-10-07,0.7567
2005-10-10,0.7578
2005-10-11,0.7526
2005-10-12,0.7546
2005-10-13,0.7474
2005-10-14,0.7531
2005-10-17,0.7514
2005-10-18,0.7461
2005-10-19,0.7495
2005-10-20,0.7535
2005-10-21,0.7497
2005-10-24,0.7499
2005-10-25,0.7549
2005-10-26,0.7544
2005-10-27,0.7576
2005-10-28,0.7507
2005-10-31,0.7471
2005-11-01,0.7446
2005-11-02,0.7411
2005-11-03,0.7410
2005-11-04,0.7319
2005-11-07,0.7327
2005-11-08,0.7338
2005-11-09,0.7337
2005-11-10,0.7312
2005-11-11,0.7325
2005-11-14,0.7282
2005-11-15,0.7295
2005-11-16,0.7297
2005-11-17,0.7337
2005-11-18,0.7310
2005-11-21,0.7352
2005-11-22,0.7341
2005-11-23,0.7383
2005-11-24,0.7400
2005-11-25,0.7356
2005-11-28,0.7368
2005-11-29,0.7387
2005-11-30,0.7401
2005-12-01,0.7410
2005-12-02,0.7460
2005-12-05,0.7498
2005-12-06,0.7535
2005-12-07,0.7479
2005-12-08,0.7493
2005-12-09,0.7518
2005-12-12,0.7548
2005-12-13,0.7543
2005-12-14,0.7568
2005-12-15,0.7478
2005-12-16,0.7429
2005-12-19,0.7429
2005-12-20,0.7354
2005-12-21,0.7330
2005-12-22,0.7316
2005-12-23,0.7284
2005-12-26,0.7284
2005-12-27,0.7266
2005-12-28,0.7311
2005-12-29,0.7320
2005-12-30,0.7335
2006-01-02,0.7335
2006-01-03,0.7368
2006-01-04,0.7450
2006-01-05,0.7468
2006-01-06,0.7511
2006-01-09,0.7514
2006-01-10,0.7505
2006-01-11,0.7539
2006-01-12,0.7516
2006-01-13,0.7522
2006-01-16,0.7536
2006-01-17,0.7512
2006-01-18,0.7482
2006-01-19,0.7466
2006-01-20,0.7475
2006-01-23,0.7524
2006-01-24,0.7503
2006-01-25,0.7523
2006-01-26,0.7544
2006-01-27,0.7509
2006-01-30,0.7487
2006-01-31,0.7564
2006-02-01,0.7552
2006-02-02,0.7539
2006-02-03,0.7477
2006-02-06,0.7430
2006-02-07,0.7413
2006-02-08,0.7392
2006-02-09,0.7396
2006-02-10,0.7380
2006-02-13,0.7396
2006-02-14,0.7381
2006-02-15,0.7418
2006-02-16,0.7372
2006-02-17,0.7381
2006-02-20,0.7415
2006-02-21,0.7389
2006-02-22,0.7351
2006-02-23,0.7389
2006-02-24,0.7393
2006-02-27,0.7380
2006-02-28,0.7428
2006-03-01,0.7443
2006-03-02,0.7467
2006-03-03,0.7435
2006-03-06,0.7421
2006-03-07,0.7347
2006-03-08,0.7338
2006-03-09,0.7355
2006-03-10,0.7306
2006-03-13,0.7320
2006-03-14,0.7359
2006-03-15,0.7381
2006-03-16,0.7342
2006-03-17,0.7275
2006-03-20,0.7218
2006-03-21,0.7156
2006-03-22,0.7192
2006-03-23,0.7139
2006-03-24,0.7104
2006-03-27,0.7060
2006-03-28,0.7092
2006-03-29,0.7035
2006-03-30,0.7137
2006-03-31,0.7130
2006-04-03,0.7177
2006-04-04,0.7204
2006-04-05,0.7269
2006-04-06,0.7314
2006-04-07,0.7286
2006-04-10,0.7290
2006-04-11,0.7329
2006-04-12,0.7313
2006-04-13,0.7257
2006-04-14,0.7257
2006-04-17,0.7384
2006-04-18,0.7376
2006-04-19,0.7454
2006-04-20,0.7368
2006-04-21,0.7443
2006-04-24,0.7434
2006-04-25,0.7458
2006-04-26,0.7528
2006-04-27,0.7570
2006-04-28,0.7587
2006-05-01,0.7610
2006-05-02,0.7626
2006-05-03,0.7694
2006-05-04,0.7721
2006-05-05,0.7709
2006-05-08,0.7690
2006-05-09,0.7731
2006-05-10,0.7752
2006-05-11,0.7765
2006-05-12,0.7743
2006-05-15,0.7635
2006-05-16,0.7675
2006-05-17,0.7635
2006-05-18,0.7667
2006-05-19,0.7542
2006-05-22,0.7504
2006-05-23,0.7552
2006-05-24,0.7515
2006-05-25,0.7561
2006-05-26,0.7564
2006-05-29,0.7592
2006-05-30,0.7632
2006-05-31,0.7536
2006-06-01,0.7472
2006-06-02,0.7517
2006-06-05,0.7517
2006-06-06,0.7425
2006-06-07,0.7404
2006-06-08,0.7425
2006-06-09,0.7499
2006-06-12,0.7473
2006-06-13,0.7400
2006-06-14,0.7392
2006-06-15,0.7376
2006-06-16,0.7383
2006-06-19,0.7366
2006-06-20,0.7377
2006-06-21,0.7349
2006-06-22,0.7336
2006-06-23,0.7321
2006-06-26,0.7303
2006-06-27,0.7339
2006-06-28,0.7284
2006-06-29,0.7312
2006-06-30,0.7429
2006-07-03,0.7438
2006-07-04,0.7467
2006-07-05,0.7405
2006-07-06,0.7455
2006-07-07,0.7519
2006-07-10,0.7480
2006-07-11,0.7516
2006-07-12,0.7522
2006-07-13,0.7547
2006-07-14,0.7529
2006-07-17,0.7482
2006-07-18,0.7477
2006-07-19,0.7482
2006-07-20,0.7519
2006-07-21,0.7537
2006-07-24,0.7533
2006-07-25,0.7552
2006-07-26,0.7592
2006-07-27,0.7645
2006-07-28,0.7667
2006-07-31,0.7663
2006-08-01,0.7621
2006-08-02,0.7652
2006-08-03,0.7604
2006-08-04,0.7657
2006-08-07,0.7644
2006-08-08,0.7607
2006-08-09,0.7655
2006-08-10,0.7674
2006-08-11,0.7678
2006-08-14,0.7608
2006-08-15,0.7647
2006-08-16,0.7689
2006-08-17,0.7628
2006-08-18,0.7582
2006-08-21,0.7635
2006-08-22,0.7626
2006-08-23,0.7627
2006-08-24,0.7637
2006-08-25,0.7561
2006-08-28,0.7589
2006-08-29,0.7606
2006-08-30,0.7644
2006-08-31,0.7636
2006-09-01,0.7645
2006-09-04,0.7708
2006-09-05,0.7699
2006-09-06,0.7657
2006-09-07,0.7585
2006-09-08,0.7538
2006-09-11,0.7507
2006-09-12,0.7535
2006-09-13,0.7518
2006-09-14,0.7542
2006-09-15,0.7518
2006-09-18,0.7524
2006-09-19,0.7565
2006-09-20,0.7541
2006-09-21,0.7560
2006-09-22,0.7516
2006-09-25,0.7504
2006-09-26,0.7512
2006-09-27,0.7501
2006-09-28,0.7476
2006-09-29,0.7462
2006-10-02,0.7474
2006-10-03,0.7446
2006-10-04,0.7434
2006-10-05,0.7457
2006-10-06,0.7426
2006-10-09,0.7440
2006-10-10,0.7434
2006-10-11,0.7448
2006-10-12,0.7500
2006-10-13,0.7502
2006-10-16,0.7533
2006-10-17,0.7532
2006-10-18,0.7537
2006-10-19,0.7579
2006-10-20,0.7576
2006-10-23,0.7576
2006-10-24,0.7570
2006-10-25,0.7601
2006-10-26,0.7625
2006-10-27,0.7681
2006-10-30,0.7690
2006-10-31,0.7738
2006-11-01,0.7751
2006-11-02,0.7735
2006-11-03,0.7693
2006-11-06,0.7706
2006-11-07,0.7755
2006-11-08,0.7683
2006-11-09,0.7652
2006-11-10,0.7667
2006-11-13,0.7628
2006-11-14,0.7653
2006-11-15,0.7651
2006-11-16,0.7682
2006-11-17,0.7679
2006-11-20,0.7678
2006-11-21,0.7695
2006-11-22,0.7751
2006-11-23,0.7747
2006-11-24,0.7781
2006-11-27,0.7788
2006-11-28,0.7811
2006-11-29,0.7845
2006-11-30,0.7894
2006-12-01,0.7919
2006-12-04,0.7879
2006-12-05,0.7847
2006-12-06,0.7879
2006-12-07,0.7903
2006-12-08,0.7902
2006-12-11,0.7837
2006-12-12,0.7850
2006-12-13,0.7867
2006-12-14,0.7831
2006-12-15,0.7817
2006-12-18,0.7788
2006-12-19,0.7834
2006-12-20,0.7872
2006-12-21,0.7841
2006-12-22,0.7843
2006-12-25,0.7843
2006-12-26,0.7827
2006-12-27,0.7838
2006-12-28,0.7878
2006-12-29,0.7882
2007-01-01,0.7882
2007-01-02,0.7961
2007-01-03,0.7935
2007-01-04,0.7857
2007-01-05,0.7794
2007-01-08,0.7813
2007-01-09,0.7806
2007-01-10,0.7767
2007-01-11,0.7806
2007-01-12,0.7824
2007-01-15,0.7838
2007-01-16,0.7824
2007-01-17,0.7867
2007-01-18,0.7886
2007-01-19,0.7886
2007-01-22,0.7893
2007-01-23,0.7926
2007-01-24,0.7809
2007-01-25,0.7784
2007-01-26,0.7728
2007-01-29,0.7719
2007-01-30,0.7725
2007-01-31,0.7746
2007-02-01,0.7749
2007-02-02,0.7749
2007-02-05,0.7759
2007-02-06,0.7767
2007-02-07,0.7783
2007-02-08,0.7805
2007-02-09,0.7762
2007-02-12,0.7722
2007-02-13,0.7757
2007-02-14,0.7835
2007-02-15,0.7848
2007-02-16,0.7847
2007-02-19,0.7863
2007-02-20,0.7856
2007-02-21,0.7894
2007-02-22,0.7890
2007-02-23,0.7908
2007-02-26,0.7932
2007-02-27,0.7925
2007-02-28,0.7879
2007-03-01,0.7853
2007-03-02,0.7835
2007-03-05,0.7734
2007-03-06,0.7734
2007-03-07,0.7765
2007-03-08,0.7757
2007-03-09,0.7800
2007-03-12,0.7836
2007-03-13,0.7872
2007-03-14,0.7859
2007-03-15,0.7882
2007-03-16,0.7948
2007-03-19,0.7994
2007-03-20,0.8015
2007-03-21,0.8014
2007-03-22,0.8082
2007-03-23,0.8061
2007-03-26,0.8104
2007-03-27,0.8091
2007-03-28,0.8069
2007-03-29,0.8076
2007-03-30,0.8078
2007-04-02,0.8169
2007-04-03,0.8138
2007-04-04,0.8176
2007-04-05,0.8194
2007-04-06,0.8194
2007-04-09,0.8165
2007-04-10,0.8246
2007-04-11,0.8257
2007-04-12,0.8275
2007-04-13,0.8317
2007-04-16,0.8328
2007-04-17,0.8372
2007-04-18,0.8359
2007-04-19,0.8349
2007-04-20,0.8356
2007-04-23,0.8334
2007-04-24,0.8280
2007-04-25,0.8339
2007-04-26,0.8258
2007-04-27,0.8317
2007-04-30,0.8323
2007-05-01,0.8275
2007-05-02,0.8245
2007-05-03,0.8235
2007-05-04,0.8202
2007-05-07,0.8257
2007-05-08,0.8282
2007-05-09,0.8287
2007-05-10,0.8324
2007-05-11,0.8317
2007-05-14,0.8332
2007-05-15,0.8336
2007-05-16,0.8254
2007-05-17,0.8213
2007-05-18,0.8232
2007-05-21,0.8201
2007-05-22,0.8211
2007-05-23,0.8259
2007-05-24,0.8213
2007-05-25,0.8203
2007-05-28,0.8203
2007-05-29,0.8198
2007-05-30,0.8216
2007-05-31,0.8276
2007-06-01,0.8312
2007-06-04,0.8331
2007-06-05,0.8372
2007-06-06,0.8416
2007-06-07,0.8458
2007-06-08,0.8436
2007-06-11,0.8415
2007-06-12,0.8419
2007-06-13,0.8401
2007-06-14,0.8355
2007-06-15,0.8405
2007-06-18,0.8423
2007-06-19,0.8451
2007-06-20,0.8463
2007-06-21,0.8467
2007-06-22,0.8484
2007-06-25,0.8484
2007-06-26,0.8478
2007-06-27,0.8372
2007-06-28,0.8469
2007-06-29,0.8484
2007-07-02,0.8580
2007-07-03,0.8545
2007-07-04,0.8584
2007-07-05,0.8574
2007-07-06,0.8576
2007-07-09,0.8595
2007-07-10,0.8615
2007-07-11,0.8630
2007-07-12,0.8641
2007-07-13,0.8684
2007-07-16,0.8718
2007-07-17,0.8739
2007-07-18,0.8782
2007-07-19,0.8800
2007-07-20,0.8815
2007-07-23,0.8838
2007-07-24,0.8842
2007-07-25,0.8826
2007-07-26,0.8773
2007-07-27,0.8559
2007-07-30,0.8506
2007-07-31,0.8568
2007-08-01,0.8517
2007-08-02,0.8570
2007-08-03,0.8570
2007-08-06,0.8561
2007-08-07,0.8538
2007-08-08,0.8621
2007-08-09,0.8531
2007-08-10,0.8439
2007-08-13,0.8417
2007-08-14,0.8373
2007-08-15,0.8249
2007-08-16,0.7839
2007-08-17,0.7877
2007-08-20,0.8004
2007-08-21,0.8011
2007-08-22,0.8032
2007-08-23,0.8182
2007-08-24,0.8222
2007-08-27,0.8293
2007-08-28,0.8233
2007-08-29,0.8168
2007-08-30,0.8183
2007-08-31,0.8135
2007-09-03,0.8196
2007-09-04,0.8244
2007-09-05,0.8234
2007-09-06,0.8274
2007-09-07,0.8264
2007-09-10,0.8224
2007-09-11,0.8296
2007-09-12,0.8387
2007-09-13,0.8386
2007-09-14,0.8414
2007-09-17,0.8376
2007-09-18,0.8360
2007-09-19,0.8567
2007-09-20,0.8656
2007-09-21,0.8651
2007-09-24,0.8676
2007-09-25,0.8680
2007-09-26,0.8754
2007-09-27,0.8791
2007-09-28,0.8849
2007-10-01,0.8902
2007-10-02,0.8831
2007-10-03,0.8880
2007-10-04,0.8888
2007-10-05,0.8989
2007-10-08,0.8960
2007-10-09,0.8976
2007-10-10,0.8992
2007-10-11,0.9052
2007-10-12,0.9035
2007-10-15,0.9042
2007-10-16,0.8846
2007-10-17,0.8922
2007-10-18,0.8945
2007-10-19,0.8912
2007-10-22,0.8775
2007-10-23,0.8931
2007-10-24,0.8987
2007-10-25,0.9068
2007-10-26,0.9164
2007-10-29,0.9212
2007-10-30,0.9185
2007-10-31,0.9267
2007-11-01,0.9185
2007-11-02,0.9179
2007-11-05,0.9198
2007-11-06,0.9255
2007-11-07,0.9367
2007-11-08,0.9288
2007-11-09,0.9141
2007-11-12,0.8792
2007-11-13,0.8918
2007-11-14,0.9007
2007-11-15,0.8913
2007-11-16,0.8883
2007-11-19,0.8854
2007-11-20,0.8896
2007-11-21,0.8688
2007-11-22,0.8709
2007-11-23,0.8708
2007-11-26,0.8770
2007-11-27,0.8755
2007-11-28,0.8831
2007-11-29,0.8801
2007-11-30,0.8844
2007-12-03,0.8837
2007-12-04,0.8743
2007-12-05,0.8697
2007-12-06,0.8718
2007-12-07,0.8792
2007-12-10,0.8824
2007-12-11,0.8848
2007-12-12,0.8852
2007-12-13,0.8760
2007-12-14,0.8634
2007-12-17,0.8576
2007-12-18,0.8603
2007-12-19,0.8593
2007-12-20,0.8581
2007-12-21,0.8693
2007-12-24,0.8711
2007-12-25,0.8711
2007-12-26,0.8735
2007-12-27,0.8768
2007-12-28,0.8767
2007-12-31,0.8780
2008-01-01,0.8780
2008-01-02,0.8801
2008-01-03,0.8820
2008-01-04,0.8739
2008-01-07,0.8695
2008-01-08,0.8817
2008-01-09,0.8817
2008-01-10,0.8880
2008-01-11,0.8937
2008-01-14,0.8997
2008-01-15,0.8917
2008-01-16,0.8772
2008-01-17,0.8847
2008-01-18,0.8799
2008-01-21,0.8622
2008-01-22,0.8681
2008-01-23,0.8655
2008-01-24,0.8784
2008-01-25,0.8825
2008-01-28,0.8841
2008-01-29,0.8868
2008-01-30,0.8889
2008-01-31,0.8924
2008-02-01,0.9011
2008-02-04,0.9095
2008-02-05,0.8976
2008-02-06,0.8975
2008-02-07,0.8939
2008-02-08,0.8977
2008-02-11,0.9030
2008-02-12,0.9072
2008-02-13,0.8946
2008-02-14,0.9037
2008-02-15,0.9068
2008-02-18,0.9126
2008-02-19,0.9204
2008-02-20,0.9140
2008-02-21,0.9181
2008-02-22,0.9195
2008-02-25,0.9248
2008-02-26,0.9294
2008-02-27,0.9384
2008-02-28,0.9474
2008-02-29,0.9354
2008-03-03,0.9379
2008-03-04,0.9310
2008-03-05,0.9325
2008-03-06,0.9317
2008-03-07,0.9300
2008-03-10,0.9176
2008-03-11,0.9248
2008-03-12,0.9322
2008-03-13,0.9409
2008-03-14,0.9373
2008-03-17,0.9181
2008-03-18,0.9271
2008-03-19,0.9211
2008-03-20,0.8958
2008-03-21,0.8958
2008-03-24,0.9062
2008-03-25,0.9136
2008-03-26,0.9196
2008-03-27,0.9200
2008-03-28,0.9185
2008-03-31,0.9128
2008-04-01,0.9037
2008-04-02,0.9120
2008-04-03,0.9146
2008-04-04,0.9204
2008-04-07,0.9263
2008-04-08,0.9276
2008-04-09,0.9287
2008-04-10,0.9317
2008-04-11,0.9303
2008-04-14,0.9233
2008-04-15,0.9243
2008-04-16,0.9393
2008-04-17,0.9353
2008-04-18,0.9273
2008-04-21,0.9418
2008-04-22,0.9440
2008-04-23,0.9480
2008-04-24,0.9410
2008-04-25,0.9346
2008-04-28,0.9387
2008-04-29,0.9338
2008-04-30,0.9423
2008-05-01,0.9327
2008-05-02,0.9370
2008-05-05,0.9460
2008-05-06,0.9478
2008-05-07,0.9443
2008-05-08,0.9432
2008-05-09,0.9406
2008-05-12,0.9451
2008-05-13,0.9407
2008-05-14,0.9349
2008-05-15,0.9382
2008-05-16,0.9500
2008-05-19,0.9526
2008-05-20,0.9587
2008-05-21,0.9636
2008-05-22,0.9574
2008-05-23,0.9616
2008-05-26,0.9607
2008-05-27,0.9599
2008-05-28,0.9616
2008-05-29,0.9561
2008-05-30,0.9534
2008-06-02,0.9548
2008-06-03,0.9534
2008-06-04,0.9615
2008-06-05,0.9552
2008-06-06,0.9610
2008-06-09,0.9528
2008-06-10,0.9466
2008-06-11,0.9462
2008-06-12,0.9328
2008-06-13,0.9387
2008-06-16,0.9392
2008-06-17,0.9420
2008-06-18,0.9436
2008-06-19,0.9491
2008-06-20,0.9538
2008-06-23,0.9500
2008-06-24,0.9568
2008-06-25,0.9548
2008-06-26,0.9576
2008-06-27,0.9615
2008-06-30,0.9596
2008-07-01,0.9535
2008-07-02,0.9624
2008-07-03,0.9607
2008-07-04,0.9638
2008-07-07,0.9546
2008-07-08,0.9528
2008-07-09,0.9569
2008-07-10,0.9628
2008-07-11,0.9682
2008-07-14,0.9715
2008-07-15,0.9824
2008-07-16,0.9734
2008-07-17,0.9775
2008-07-18,0.9719
2008-07-21,0.9747
2008-07-22,0.9735
2008-07-23,0.9628
2008-07-24,0.9594
2008-07-25,0.9551
2008-07-28,0.9563
2008-07-29,0.9511
2008-07-30,0.9433
2008-07-31,0.9405
2008-08-01,0.9313
2008-08-04,0.9326
2008-08-05,0.9170
2008-08-06,0.9094
2008-08-07,0.9076
2008-08-08,0.8903
2008-08-11,0.8897
2008-08-12,0.8761
2008-08-13,0.8669
2008-08-14,0.8729
2008-08-15,0.8649
2008-08-18,0.8697
2008-08-19,0.8680
2008-08-20,0.8700
2008-08-21,0.8791
2008-08-22,0.8692
2008-08-25,0.8660
2008-08-26,0.8556
2008-08-27,0.8581
2008-08-28,0.8653
2008-08-29,0.8612
2008-09-01,0.8488
2008-09-02,0.8364
2008-09-03,0.8322
2008-09-04,0.8316
2008-09-05,0.8081
2008-09-08,0.8208
2008-09-09,0.8083
2008-09-10,0.8059
2008-09-11,0.7939
2008-09-12,0.8173
2008-09-15,0.8097
2008-09-16,0.7889
2008-09-17,0.7864
2008-09-18,0.7982
2008-09-19,0.8244
2008-09-22,0.8449
2008-09-23,0.8401
2008-09-24,0.8380
2008-09-25,0.8358
2008-09-26,0.8296
2008-09-29,0.8145
2008-09-30,0.7888
2008-10-01,0.7904
2008-10-02,0.7740
2008-10-03,0.7799
2008-10-06,0.7140
2008-10-07,0.7184
2008-10-08,0.6665
2008-10-09,0.7021
2008-10-10,0.6527
2008-10-13,0.6732
2008-10-14,0.6996
2008-10-15,0.6856
2008-10-16,0.6625
2008-10-17,0.6898
2008-10-20,0.6978
2008-10-21,0.6900
2008-10-22,0.6765
2008-10-23,0.6653
2008-10-24,0.6149
2008-10-27,0.6072
2008-10-28,0.6248
2008-10-29,0.6681
2008-10-30,0.6697
2008-10-31,0.6597
2008-11-03,0.6789
2008-11-04,0.6977
2008-11-05,0.7006
2008-11-06,0.6778
2008-11-07,0.6725
2008-11-10,0.6882
2008-11-11,0.6532
2008-11-12,0.6441
2008-11-13,0.6411
2008-11-14,0.6585
2008-11-17,0.6493
2008-11-18,0.6536
2008-11-19,0.6521
2008-11-20,0.6165
2008-11-21,0.6186
2008-11-24,0.6496
2008-11-25,0.6458
2008-11-26,0.6486
2008-11-27,0.6593
2008-11-28,0.6512
2008-12-01,0.6442
2008-12-02,0.6424
2008-12-03,0.6475
2008-12-04,0.6493
2008-12-05,0.6358
2008-12-08,0.6619
2008-12-09,0.6567
2008-12-10,0.6610
2008-12-11,0.6728
2008-12-12,0.6616
2008-12-15,0.6718
2008-12-16,0.6736
2008-12-17,0.6966
2008-12-18,0.7059
2008-12-19,0.6849
2008-12-22,0.6831
2008-12-23,0.6816
2008-12-24,0.6836
2008-12-25,0.6836
2008-12-26,0.6814
2008-12-29,0.6939
2008-12-30,0.6914
2008-12-31,0.6972
2009-01-01,0.6972
2009-01-02,0.7057
2009-01-05,0.7155
2009-01-06,0.7144
2009-01-07,0.7157
2009-01-08,0.7100
2009-01-09,0.7046
2009-01-12,0.6846
2009-01-13,0.6659
2009-01-14,0.6603
2009-01-15,0.6565
2009-01-16,0.6719
2009-01-19,0.6689
2009-01-20,0.6567
2009-01-21,0.6482
2009-01-22,0.6533
2009-01-23,0.6508
2009-01-26,0.6592
2009-01-27,0.6609
2009-01-28,0.6674
2009-01-29,0.6587
2009-01-30,0.6359
2009-02-02,0.6310
2009-02-03,0.6439
2009-02-04,0.6510
2009-02-05,0.6512
2009-02-06,0.6693
2009-02-09,0.6834
2009-02-10,0.6701
2009-02-11,0.6521
2009-02-12,0.6481
2009-02-13,0.6626
2009-02-16,0.6493
2009-02-17,0.6384
2009-02-18,0.6357
2009-02-19,0.6462
2009-02-20,0.6408
2009-02-23,0.6439
2009-02-24,0.6436
2009-02-25,0.6461
2009-02-26,0.6529
2009-02-27,0.6388
2009-03-02,0.6320
2009-03-03,0.6383
2009-03-04,0.6434
2009-03-05,0.6419
2009-03-06,0.6391
2009-03-09,0.6311
2009-03-10,0.6473
2009-03-11,0.6496
2009-03-12,0.6472
2009-03-13,0.6575
2009-03-16,0.6610
2009-03-17,0.6590
2009-03-18,0.6588
2009-03-19,0.6924
2009-03-20,0.6891
2009-03-23,0.6993
2009-03-24,0.7016
2009-03-25,0.7007
2009-03-26,0.7020
2009-03-27,0.6944
2009-03-30,0.6804
2009-03-31,0.6948
2009-04-01,0.6941
2009-04-02,0.7166
2009-04-03,0.7091
2009-04-06,0.7104
2009-04-07,0.7136
2009-04-08,0.7089
2009-04-09,0.7171
2009-04-10,0.7171
2009-04-13,0.7272
2009-04-14,0.7278
2009-04-15,0.7211
2009-04-16,0.7199
2009-04-17,0.7199
2009-04-20,0.7041
2009-04-21,0.7045
2009-04-22,0.7082
2009-04-23,0.7122
2009-04-24,0.7210
2009-04-27,0.7160
2009-04-28,0.7047
2009-04-29,0.7233
2009-04-30,0.7347
2009-05-01,0.7270
2009-05-04,0.7388
2009-05-05,0.7419
2009-05-06,0.7439
2009-05-07,0.7577
2009-05-08,0.7588
2009-05-11,0.7641
2009-05-12,0.7651
2009-05-13,0.7592
2009-05-14,0.7551
2009-05-15,0.7563
2009-05-18,0.7588
2009-05-19,0.7743
2009-05-20,0.7785
2009-05-21,0.7704
2009-05-22,0.7845
2009-05-25,0.7812
2009-05-26,0.7811
2009-05-27,0.7875
2009-05-28,0.7837
2009-05-29,0.8004
2009-06-01,0.8088
2009-06-02,0.8201
2009-06-03,0.8108
2009-06-04,0.8005
2009-06-05,0.8006
2009-06-08,0.7851
2009-06-09,0.7979
2009-06-10,0.8044
2009-06-11,0.8167
2009-06-12,0.8119
2009-06-15,0.7955
2009-06-16,0.8004
2009-06-17,0.7877
2009-06-18,0.8016
2009-06-19,0.8063
2009-06-22,0.7924
2009-06-23,0.7877
2009-06-24,0.8042
2009-06-25,0.7959
2009-06-26,0.8069
2009-06-29,0.8043
2009-06-30,0.8084
2009-07-01,0.8078
2009-07-02,0.7954
2009-07-03,0.7995
2009-07-06,0.7915
2009-07-07,0.7993
2009-07-08,0.7855
2009-07-09,0.7820
2009-07-10,0.7769
2009-07-13,0.7770
2009-07-14,0.7872
2009-07-15,0.8016
2009-07-16,0.8025
2009-07-17,0.8010
2009-07-20,0.8115
2009-07-21,0.8152
2009-07-22,0.8154
2009-07-23,0.8197
2009-07-24,0.8149
2009-07-27,0.8204
2009-07-28,0.8286
2009-07-29,0.8184
2009-07-30,0.8274
2009-07-31,0.8313
2009-08-03,0.8429
2009-08-04,0.8419
2009-08-05,0.8384
2009-08-06,0.8402
2009-08-07,0.8383
2009-08-10,0.8379
2009-08-11,0.8301
2009-08-12,0.8310
2009-08-13,0.8434
2009-08-14,0.8352
2009-08-17,0.8206
2009-08-18,0.8233
2009-08-19,0.8257
2009-08-20,0.8302
2009-08-21,0.8345
2009-08-24,0.8404
2009-08-25,0.8389
2009-08-26,0.8292
2009-08-27,0.8306
2009-08-28,0.8448
2009-08-31,0.8430
2009-09-01,0.8376
2009-09-02,0.8328
2009-09-03,0.8371
2009-09-04,0.8453
2009-09-07,0.8560
2009-09-08,0.8655
2009-09-09,0.8656
2009-09-10,0.8595
2009-09-11,0.8661
2009-09-14,0.8606
2009-09-15,0.8590
2009-09-16,0.8701
2009-09-17,0.8743
2009-09-18,0.8673
2009-09-21,0.8604
2009-09-22,0.8741
2009-09-23,0.8729
2009-09-24,0.8688
2009-09-25,0.8658
2009-09-28,0.8684
2009-09-29,0.8696
2009-09-30,0.8825
2009-10-01,0.8775
2009-10-02,0.8667
2009-10-05,0.8748
2009-10-06,0.8913
2009-10-07,0.8885
2009-10-08,0.9036
2009-10-09,0.9043
2009-10-12,0.9073
2009-10-13,0.9058
2009-10-14,0.9129
2009-10-15,0.9189
2009-10-16,0.9151
2009-10-19,0.9246
2009-10-20,0.9235
2009-10-21,0.9273
2009-10-22,0.9229
2009-10-23,0.9247
2009-10-26,0.9200
2009-10-27,0.9162
2009-10-28,0.9014
2009-10-29,0.9143
2009-10-30,0.9036
2009-11-02,0.9073
2009-11-03,0.9020
2009-11-04,0.9097
2009-11-05,0.9108
2009-11-06,0.9179
2009-11-09,0.9292
2009-11-10,0.9280
2009-11-11,0.9289
2009-11-12,0.9280
2009-11-13,0.9309
2009-11-16,0.9370
2009-11-17,0.9249
2009-11-18,0.9295
2009-11-19,0.9140
2009-11-20,0.9132
2009-11-23,0.9258
2009-11-24,0.9176
2009-11-25,0.9257
2009-11-26,0.9111
2009-11-27,0.9088
2009-11-30,0.9153
2009-12-01,0.9225
2009-12-02,0.9281
2009-12-03,0.9263
2009-12-04,0.9156
2009-12-07,0.9127
2009-12-08,0.9073
2009-12-09,0.9080
2009-12-10,0.9165
2009-12-11,0.9115
2009-12-14,0.9140
2009-12-15,0.9089
2009-12-16,0.8995
2009-12-17,0.8874
2009-12-18,0.8867
2009-12-21,0.8839
2009-12-22,0.8761
2009-12-23,0.8810
2009-12-24,0.8823
2009-12-25,0.8823
2009-12-28,0.8873
2009-12-29,0.8972
2009-12-30,0.8934
2009-12-31,0.8993
2010-01-01,0.8993
2010-01-04,0.9135
2010-01-05,0.9144
2010-01-06,0.9167
2010-01-07,0.9188
2010-01-08,0.9195
2010-01-11,0.9309
2010-01-12,0.9255
2010-01-13,0.9227
2010-01-14,0.9300
2010-01-15,0.9236
2010-01-18,0.9266
2010-01-19,0.9236
2010-01-20,0.9107
2010-01-21,0.9056
2010-01-22,0.9050
2010-01-25,0.9035
2010-01-26,0.8987
2010-01-27,0.8967
2010-01-28,0.8972
2010-01-29,0.8888
2010-02-01,0.8858
2010-02-02,0.8840
2010-02-03,0.8832
2010-02-04,0.8714
2010-02-05,0.8647
2010-02-08,0.8700
2010-02-09,0.8728
2010-02-10,0.8726
2010-02-11,0.8843
2010-02-12,0.8818
2010-02-15,0.8874
2010-02-16,0.8984
2010-02-17,0.8995
2010-02-18,0.9012
2010-02-19,0.8938
2010-02-22,0.8995
2010-02-23,0.8961
2010-02-24,0.8943
2010-02-25,0.8832
2010-02-26,0.8955
2010-03-01,0.8989
2010-03-02,0.9032
2010-03-03,0.9058
2010-03-04,0.9006
2010-03-05,0.9084
2010-03-08,0.9111
2010-03-09,0.9125
2010-03-10,0.9185
2010-03-11,0.9145
2010-03-12,0.9162
2010-03-15,0.9115
2010-03-16,0.9146
2010-03-17,0.9224
2010-03-18,0.9199
2010-03-19,0.9162
2010-03-22,0.9152
2010-03-23,0.9184
2010-03-24,0.9090
2010-03-25,0.9118
2010-03-26,0.9041
2010-03-29,0.9154
2010-03-30,0.9186
2010-03-31,0.9178
2010-04-01,0.9208
2010-04-02,0.9208
2010-04-05,0.9203
2010-04-06,0.9245
2010-04-07,0.9264
2010-04-08,0.9264
2010-04-09,0.9313
2010-04-12,0.9290
2010-04-13,0.9246
2010-04-14,0.9346
2010-04-15,0.9337
2010-04-16,0.9275
2010-04-19,0.9199
2010-04-20,0.9301
2010-04-21,0.9288
2010-04-22,0.9260
2010-04-23,0.9217
2010-04-26,0.9271
2010-04-27,0.9249
2010-04-28,0.9227
2010-04-29,0.9278
2010-04-30,0.9308
2010-05-03,0.9241
2010-05-04,0.9106
2010-05-05,0.9072
2010-05-06,0.8994
2010-05-07,0.8831
2010-05-10,0.8997
2010-05-11,0.8963
2010-05-12,0.8945
2010-05-13,0.8993
2010-05-14,0.8909
2010-05-17,0.8790
2010-05-18,0.8745
2010-05-19,0.8421
2010-05-20,0.8193
2010-05-21,0.8257
2010-05-24,0.8306
2010-05-25,0.8146
2010-05-26,0.8324
2010-05-27,0.8435
2010-05-28,0.8477
2010-05-31,0.8387
2010-06-01,0.8413
2010-06-02,0.8330
2010-06-03,0.8439
2010-06-04,0.8300
2010-06-07,0.8149
2010-06-08,0.8176
2010-06-09,0.8340
2010-06-10,0.8466
2010-06-11,0.8491
2010-06-14,0.8648
2010-06-15,0.8607
2010-06-16,0.8643
2010-06-17,0.8626
2010-06-18,0.8697
2010-06-21,0.8813
2010-06-22,0.8786
2010-06-23,0.8694
2010-06-24,0.8661
2010-06-25,0.8644
2010-06-28,0.8734
2010-06-29,0.8534
2010-06-30,0.8446
2010-07-01,0.8364
2010-07-02,0.8458
2010-07-05,0.8375
2010-07-06,0.8542
2010-07-07,0.8583
2010-07-08,0.8738
2010-07-09,0.8748
2010-07-12,0.8740
2010-07-13,0.8775
2010-07-14,0.8825
2010-07-15,0.8775
2010-07-16,0.8730
2010-07-19,0.8671
2010-07-20,0.8760
2010-07-21,0.8820
2010-07-22,0.8922
2010-07-23,0.8940
2010-07-26,0.8987
2010-07-27,0.9023
2010-07-28,0.8930
2010-07-29,0.9020
2010-07-30,0.9052
2010-08-02,0.9133
2010-08-03,0.9133
2010-08-04,0.9146
2010-08-05,0.9120
2010-08-06,0.9154
2010-08-09,0.9155
2010-08-10,0.9088
2010-08-11,0.9001
2010-08-12,0.8953
2010-08-13,0.8966
2010-08-16,0.8957
2010-08-17,0.9038
2010-08-18,0.8987
2010-08-19,0.8955
2010-08-20,0.8878
2010-08-23,0.8929
2010-08-24,0.8853
2010-08-25,0.8784
2010-08-26,0.8889
2010-08-27,0.8947
2010-08-30,0.8957
2010-08-31,0.8900
2010-09-01,0.9083
2010-09-02,0.9110
2010-09-03,0.9143
2010-09-06,0.9166
2010-09-07,0.9136
2010-09-08,0.9186
2010-09-09,0.9258
2010-09-10,0.9265
2010-09-13,0.9360
2010-09-14,0.9398
2010-09-15,0.9411
2010-09-16,0.9380
2010-09-17,0.9371
2010-09-20,0.9485
2010-09-21,0.9475
2010-09-22,0.9567
2010-09-23,0.9518
2010-09-24,0.9590
2010-09-27,0.9619
2010-09-28,0.9649
2010-09-29,0.9687
2010-09-30,0.9682
2010-10-01,0.9701
2010-10-04,0.9672
2010-10-05,0.9686
2010-10-06,0.9755
2010-10-07,0.9828
2010-10-08,0.9835
2010-10-11,0.9850
2010-10-12,0.9835
2010-10-13,0.9916
2010-10-14,0.9957
2010-10-15,0.9890
2010-10-18,0.9915
2010-10-19,0.9723
2010-10-20,0.9853
2010-10-21,0.9863
2010-10-22,0.9800
2010-10-25,0.9937
2010-10-26,0.9862
2010-10-27,0.9684
2010-10-28,0.9778
2010-10-29,0.9802
2010-11-01,0.9877
2010-11-02,0.9989
2010-11-03,0.9966
2010-11-04,1.0143
2010-11-05,1.0138
2010-11-08,1.0102
2010-11-09,1.0152
2010-11-10,0.9993
2010-11-11,0.9975
2010-11-12,0.9886
2010-11-15,0.9876
2010-11-16,0.9769
2010-11-17,0.9818
2010-11-18,0.9878
2010-11-19,0.9842
2010-11-22,0.9865
2010-11-23,0.9770
2010-11-24,0.9835
2010-11-25,0.9816
2010-11-26,0.9637
2010-11-29,0.9578
2010-11-30,0.9590
2010-12-01,0.9630
2010-12-02,0.9733
2010-12-03,0.9882
2010-12-06,0.9894
2010-12-07,0.9912
2010-12-08,0.9762
2010-12-09,0.9827
2010-12-10,0.9849
2010-12-13,0.9942
2010-12-14,0.9991
2010-12-15,0.9923
2010-12-16,0.9839
2010-12-17,0.9852
2010-12-20,0.9918
2010-12-21,0.9976
2010-12-22,1.0008
2010-12-23,1.0038
2010-12-24,1.0037
2010-12-27,1.0031
2010-12-28,1.0114
2010-12-29,1.0134
2010-12-30,1.0122
2010-12-31,1.0250
2011-01-03,1.0186
2011-01-04,1.0065
2011-01-05,0.9977
2011-01-06,0.9946
2011-01-07,0.9984
2011-01-10,0.9908
2011-01-11,0.9847
2011-01-12,0.9929
2011-01-13,0.9979
2011-01-14,0.9886
2011-01-17,0.9950
2011-01-18,0.9970
2011-01-19,1.0029
2011-01-20,0.9838
2011-01-21,0.9907
2011-01-24,0.9981
2011-01-25,0.9943
2011-01-26,0.9958
2011-01-27,0.9942
2011-01-28,0.9932
2011-01-31,0.9970
2011-02-01,1.0115
2011-02-02,1.0072
2011-02-03,1.0107
2011-02-04,1.0143
2011-02-07,1.0154
2011-02-08,1.0171
2011-02-09,1.0110
2011-02-10,1.0036
2011-02-11,1.0019
2011-02-14,1.0015
2011-02-15,0.9994
2011-02-16,0.9990
2011-02-17,1.0082
2011-02-18,1.0114
2011-02-21,1.0094
2011-02-22,1.0028
2011-02-23,1.0012
2011-02-24,1.0086
2011-02-25,1.0161
2011-02-28,1.0183
2011-03-01,1.0168
2011-03-02,1.0172
2011-03-03,1.0139
2011-03-04,1.0118
2011-03-07,1.0155
2011-03-08,1.0090
2011-03-09,1.0106
2011-03-10,0.9995
2011-03-11,1.0056
2011-03-14,1.0073
2011-03-15,0.9900
2011-03-16,0.9841
2011-03-17,0.9823
2011-03-18,0.9949
2011-03-21,1.0043
2011-03-22,1.0117
2011-03-23,1.0105
2011-03-24,1.0218
2011-03-25,1.0282
2011-03-28,1.0271
2011-03-29,1.0244
2011-03-30,1.0311
2011-03-31,1.0341
2011-04-01,1.0366
2011-04-04,1.0348
2011-04-05,1.0343
2011-04-06,1.0438
2011-04-07,1.0472
2011-04-08,1.0536
2011-04-11,1.0552
2011-04-12,1.0467
2011-04-13,1.0527
2011-04-14,1.0532
2011-04-15,1.0549
2011-04-18,1.0468
2011-04-19,1.0507
2011-04-20,1.0678
2011-04-21,1.0743
2011-04-22,1.0743
2011-04-25,1.0704
2011-04-26,1.0765
2011-04-27,1.0787
2011-04-28,1.0916
2011-04-29,1.0943
2011-05-02,1.1003
2011-05-03,1.0900
2011-05-04,1.0791
2011-05-05,1.0650
2011-05-06,1.0770
2011-05-09,1.0728
2011-05-10,1.0817
2011-05-11,1.0766
2011-05-12,1.0617
2011-05-13,1.0610
2011-05-16,1.0624
2011-05-17,1.0555
2011-05-18,1.0606
2011-05-19,1.0614
2011-05-20,1.0625
2011-05-23,1.0507
2011-05-24,1.0556
2011-05-25,1.0510
2011-05-26,1.0584
2011-05-27,1.0688
2011-05-30,1.0688
2011-05-31,1.0655
2011-06-01,1.0704
2011-06-02,1.0643
2011-06-03,1.0692
2011-06-06,1.0724
2011-06-07,1.0722
2011-06-08,1.0624
2011-06-09,1.0614
2011-06-10,1.0551
2011-06-13,1.0567
2011-06-14,1.0691
2011-06-15,1.0670
2011-06-16,1.0539
2011-06-17,1.0615
2011-06-20,1.0575
2011-06-21,1.0606
2011-06-22,1.0632
2011-06-23,1.0472
2011-06-24,1.0507
2011-06-27,1.0443
2011-06-28,1.0517
2011-06-29,1.0645
2011-06-30,1.0706
2011-07-01,1.0735
2011-07-04,1.0733
2011-07-05,1.0697
2011-07-06,1.0686
2011-07-07,1.0769
2011-07-08,1.0728
2011-07-11,1.0634
2011-07-12,1.0598
2011-07-13,1.0764
2011-07-14,1.0731
2011-07-15,1.0642
2011-07-18,1.0569
2011-07-19,1.0704
2011-07-20,1.0742
2011-07-21,1.0840
2011-07-22,1.0857
2011-07-25,1.0841
2011-07-26,1.0940
2011-07-27,1.1030
2011-07-28,1.1020
2011-07-29,1.0984
2011-08-01,1.0967
2011-08-02,1.0840
2011-08-03,1.0700
2011-08-04,1.0568
2011-08-05,1.0439
2011-08-08,1.0307
2011-08-09,1.0167
2011-08-10,1.0221
2011-08-11,1.0270
2011-08-12,1.0328
2011-08-15,1.0473
2011-08-16,1.0491
2011-08-17,1.0586
2011-08-18,1.0397
2011-08-19,1.0445
2011-08-22,1.0427
2011-08-23,1.0483
2011-08-24,1.0490
2011-08-25,1.0455
2011-08-26,1.0530
2011-08-29,1.0634
2011-08-30,1.0671
2011-08-31,1.0709
2011-09-01,1.0740
2011-09-02,1.0665
2011-09-05,1.0576
2011-09-06,1.0514
2011-09-07,1.0597
2011-09-08,1.0651
2011-09-09,1.0468
2011-09-12,1.0327
2011-09-13,1.0319
2011-09-14,1.0194
2011-09-15,1.0288
2011-09-16,1.0371
2011-09-19,1.0186
2011-09-20,1.0299
2011-09-21,1.0199
2011-09-22,0.9789
2011-09-23,0.9798
2011-09-26,0.9719
2011-09-27,0.9972
2011-09-28,0.9892
2011-09-29,0.9820
2011-09-30,0.9719
2011-10-03,0.9607
2011-10-04,0.9438
2011-10-05,0.9608
2011-10-06,0.9685
2011-10-07,0.9846
2011-10-10,0.9983
2011-10-11,0.9957
2011-10-12,1.0177
2011-10-13,1.0124
2011-10-14,1.0319
2011-10-17,1.0249
2011-10-18,1.0191
2011-10-19,1.0305
2011-10-20,1.0193
2011-10-21,1.0334
2011-10-24,1.0431
2011-10-25,1.0447
2011-10-26,1.0337
2011-10-27,1.0682
2011-10-28,1.0720
2011-10-31,1.0609
2011-11-01,1.0301
2011-11-02,1.0364
2011-11-03,1.0351
2011-11-04,1.0358
2011-11-07,1.0340
2011-11-08,1.0342
2011-11-09,1.0182
2011-11-10,1.0100
2011-11-11,1.0257
2011-11-14,1.0208
2011-11-15,1.0157
2011-11-16,1.0136
2011-11-17,1.0065
2011-11-18,1.0054
2011-11-21,0.9813
2011-11-22,0.9827
2011-11-23,0.9686
2011-11-24,0.9718
2011-11-25,0.9753
2011-11-28,0.9934
2011-11-29,1.0010
2011-11-30,1.0273
2011-12-01,1.0221
2011-12-02,1.0261
2011-12-05,1.0292
2011-12-06,1.0217
2011-12-07,1.0259
2011-12-08,1.0212
2011-12-09,1.0172
2011-12-12,1.0087
2011-12-13,1.0083
2011-12-14,0.9894
2011-12-15,0.9924
2011-12-16,0.9990
2011-12-19,0.9928
2011-12-20,1.0077
2011-12-21,1.0076
2011-12-22,1.0132
2011-12-23,1.0151
2011-12-26,1.0151
2011-12-27,1.0156
2011-12-28,1.0107
2011-12-29,1.0115
2011-12-30,1.0252
2012-01-02,1.0252
2012-01-03,1.0379
2012-01-04,1.0331
2012-01-05,1.0246
2012-01-06,1.0225
2012-01-09,1.0225
2012-01-10,1.0329
2012-01-11,1.0284
2012-01-12,1.0310
2012-01-13,1.0284
2012-01-16,1.0330
2012-01-17,1.0395
2012-01-18,1.0385
2012-01-19,1.0416
2012-01-20,1.0454
2012-01-23,1.0549
2012-01-24,1.0464
2012-01-25,1.0475
2012-01-26,1.0647
2012-01-27,1.0628
2012-01-30,1.0570
2012-01-31,1.0627
2012-02-01,1.0734
2012-02-02,1.0732
2012-02-03,1.0773
2012-02-06,1.0727
2012-02-07,1.0808
2012-02-08,1.0806
2012-02-09,1.0806
2012-02-10,1.0681
2012-02-13,1.0736
2012-02-14,1.0679
2012-02-15,1.0719
2012-02-16,1.0716
2012-02-17,1.0715
2012-02-20,1.0775
2012-02-21,1.0697
2012-02-22,1.0636
2012-02-23,1.0690
2012-02-24,1.0708
2012-02-27,1.0728
2012-02-28,1.0758
2012-02-29,1.0804
2012-03-01,1.0794
2012-03-02,1.0755
2012-03-05,1.0669
2012-03-06,1.0554
2012-03-07,1.0541
2012-03-08,1.0603
2012-03-09,1.0618
2012-03-12,1.0491
2012-03-13,1.0539
2012-03-14,1.0444
2012-03-15,1.0527
2012-03-16,1.0584
2012-03-19,1.0608
2012-03-20,1.0484
2012-03-21,1.0440
2012-03-22,1.0369
2012-03-23,1.0456
2012-03-26,1.0522
2012-03-27,1.0484
2012-03-28,1.0376
2012-03-29,1.0325
2012-03-30,1.0359
2012-04-02,1.0403
2012-04-03,1.0380
2012-04-04,1.0254
2012-04-05,1.0309
2012-04-06,1.0309
2012-04-09,1.0312
2012-04-10,1.0265
2012-04-11,1.0311
2012-04-12,1.0433
2012-04-13,1.0369
2012-04-16,1.0348
2012-04-17,1.0398
2012-04-18,1.0382
2012-04-19,1.0339
2012-04-20,1.0372
2012-04-23,1.0291
2012-04-24,1.0306
2012-04-25,1.0331
2012-04-26,1.0371
2012-04-27,1.0441
2012-04-30,1.0410
2012-05-01,1.0348
2012-05-02,1.0305
2012-05-03,1.0268
2012-05-04,1.0193
2012-05-07,1.0183
2012-05-08,1.0104
2012-05-09,1.0037
2012-05-10,1.0114
2012-05-11,1.0063
2012-05-14,0.9980
2012-05-15,0.9976
2012-05-16,0.9943
2012-05-17,0.9935
2012-05-18,0.9864
2012-05-21,0.9856
2012-05-22,0.9897
2012-05-23,0.9719
2012-05-24,0.9770
2012-05-25,0.9770
2012-05-28,0.9846
2012-05-29,0.9867
2012-05-30,0.9728
2012-05-31,0.9699
2012-06-01,0.9651
2012-06-04,0.9720
2012-06-05,0.9741
2012-06-06,0.9888
2012-06-07,0.9937
2012-06-08,0.9875
2012-06-11,0.9930
2012-06-12,0.9899
2012-06-13,0.9994
2012-06-14,0.9984
2012-06-15,1.0057
2012-06-18,1.0089
2012-06-19,1.0183
2012-06-20,1.0188
2012-06-21,1.0127
2012-06-22,1.0048
2012-06-25,0.9985
2012-06-26,1.0029
2012-06-27,1.0071
2012-06-28,1.0024
2012-06-29,1.0250
2012-07-02,1.0239
2012-07-03,1.0270
2012-07-04,1.0277
2012-07-05,1.0288
2012-07-06,1.0216
2012-07-09,1.0184
2012-07-10,1.0207
2012-07-11,1.0240
2012-07-12,1.0107
2012-07-13,1.0217
2012-07-16,1.0235
2012-07-17,1.0249
2012-07-18,1.0341
2012-07-19,1.0420
2012-07-20,1.0382
2012-07-23,1.0268
2012-07-24,1.0268
2012-07-25,1.0263
2012-07-26,1.0386
2012-07-27,1.0442
2012-07-30,1.0491
2012-07-31,1.0523
2012-08-01,1.0514
2012-08-02,1.0471
2012-08-03,1.0553
2012-08-06,1.0582
2012-08-07,1.0561
2012-08-08,1.0567
2012-08-09,1.0582
2012-08-10,1.0560
2012-08-13,1.0515
2012-08-14,1.0494
2012-08-15,1.0504
2012-08-16,1.0497
2012-08-17,1.0424
2012-08-20,1.0450
2012-08-21,1.0500
2012-08-22,1.0442
2012-08-23,1.0484
2012-08-24,1.0400
2012-08-27,1.0383
2012-08-28,1.0379
2012-08-29,1.0360
2012-08-30,1.0310
2012-08-31,1.0334
2012-09-03,1.0233
2012-09-04,1.0227
2012-09-05,1.0180
2012-09-06,1.0282
2012-09-07,1.0382
2012-09-10,1.0362
2012-09-11,1.0431
2012-09-12,1.0449
2012-09-13,1.0448
2012-09-14,1.0574
2012-09-17,1.0503
2012-09-18,1.0446
2012-09-19,1.0467
2012-09-20,1.0407
2012-09-21,1.0470
2012-09-24,1.0422
2012-09-25,1.0450
2012-09-26,1.0342
2012-09-27,1.0416
2012-09-28,1.0399
2012-10-01,1.0382
2012-10-02,1.0296
2012-10-03,1.0209
2012-10-04,1.0234
2012-10-05,1.0238
2012-10-08,1.0208
2012-10-09,1.0203
2012-10-10,1.0246
2012-10-11,1.0272
2012-10-12,1.0234
2012-10-15,1.0229
2012-10-16,1.0262
2012-10-17,1.0369
2012-10-18,1.0382
2012-10-19,1.0343
2012-10-22,1.0321
2012-10-23,1.0259
2012-10-24,1.0334
2012-10-25,1.0363
2012-10-26,1.0361
2012-10-29,1.0327
2012-10-30,1.0369
2012-10-31,1.0369
2012-11-01,1.0401
2012-11-02,1.0368
2012-11-05,1.0366
2012-11-06,1.0424
2012-11-07,1.0409
2012-11-08,1.0415
2012-11-09,1.0378
2012-11-12,1.0427
2012-11-13,1.0434
2012-11-14,1.0384
2012-11-15,1.0327
2012-11-16,1.0307
2012-11-19,1.0408
2012-11-20,1.0373
2012-11-21,1.0346
2012-11-22,1.0392
2012-11-23,1.0442
2012-11-26,1.0452
2012-11-27,1.0450
2012-11-28,1.0456
2012-11-29,1.0442
2012-11-30,1.0432
2012-12-03,1.0424
2012-12-04,1.0481
2012-12-05,1.0449
2012-12-06,1.0502
2012-12-07,1.0489
2012-12-10,1.0497
2012-12-11,1.0515
2012-12-12,1.0543
2012-12-13,1.0547
2012-12-14,1.0543
2012-12-17,1.0542
2012-12-18,1.0540
2012-12-19,1.0495
2012-12-20,1.0473
2012-12-21,1.0427
2012-12-24,1.0375
2012-12-25,1.0375
2012-12-26,1.0357
2012-12-27,1.0360
2012-12-28,1.0381
2012-12-31,1.0382
2013-01-01,1.0382
2013-01-02,1.0497
2013-01-03,1.0522
2013-01-04,1.0453
2013-01-07,1.0480
2013-01-08,1.0485
2013-01-09,1.0508
2013-01-10,1.0568
2013-01-11,1.0549
2013-01-14,1.0555
2013-01-15,1.0550
2013-01-16,1.0553
2013-01-17,1.0529
2013-01-18,1.0495
2013-01-21,1.0505
2013-01-22,1.0555
2013-01-23,1.0549
2013-01-24,1.0473
2013-01-25,1.0438
2013-01-28,1.0407
2013-01-29,1.0453
2013-01-30,1.0426
2013-01-31,1.0430
2013-02-01,1.0400
2013-02-04,1.0418
2013-02-05,1.0381
2013-02-06,1.0318
2013-02-07,1.0312
2013-02-08,1.0324
2013-02-11,1.0274
2013-02-12,1.0309
2013-02-13,1.0342
2013-02-14,1.0357
2013-02-15,1.0304
2013-02-18,1.0308
2013-02-19,1.0349
2013-02-20,1.0290
2013-02-21,1.0252
2013-02-22,1.0305
2013-02-25,1.0279
2013-02-26,1.0211
2013-02-27,1.0207
2013-02-28,1.0237
2013-03-01,1.0208
2013-03-04,1.0161
2013-03-05,1.0232
2013-03-06,1.0261
2013-03-07,1.0270
2013-03-08,1.0226
2013-03-11,1.0263
2013-03-12,1.0317
2013-03-13,1.0292
2013-03-14,1.0384
2013-03-15,1.0407
2013-03-18,1.0393
2013-03-19,1.0362
2013-03-20,1.0388
2013-03-21,1.0438
2013-03-22,1.0447
2013-03-25,1.0451
2013-03-26,1.0484
2013-03-27,1.0434
2013-03-28,1.0425
2013-03-29,1.0425
2013-04-01,1.0414
2013-04-02,1.0459
2013-04-03,1.0486
2013-04-04,1.0406
2013-04-05,1.0378
2013-04-08,1.0392
2013-04-09,1.0482
2013-04-10,1.0539
2013-04-11,1.0561
2013-04-12,1.0501
2013-04-15,1.0393
2013-04-16,1.0351
2013-04-17,1.0307
2013-04-18,1.0311
2013-04-19,1.0304
2013-04-22,1.0249
2013-04-23,1.0258
2013-04-24,1.0257
2013-04-25,1.0312
2013-04-26,1.0286
2013-04-29,1.0346
2013-04-30,1.0380
2013-05-01,1.0288
2013-05-02,1.0248
2013-05-03,1.0307
2013-05-06,1.0235
2013-05-07,1.0166
2013-05-08,1.0193
2013-05-09,1.0185
2013-05-10,1.0000
2013-05-13,0.9970
2013-05-14,0.9916
2013-05-15,0.9884
2013-05-16,0.9856
2013-05-17,0.9736
2013-05-20,0.9792
2013-05-21,0.9772
2013-05-22,0.9678
2013-05-23,0.9704
2013-05-24,0.9677
2013-05-27,0.9638
2013-05-28,0.9625
2013-05-29,0.9627
2013-05-30,0.9690
2013-05-31,0.9587
2013-06-03,0.9710
2013-06-04,0.9643
2013-06-05,0.9525
2013-06-06,0.9528
2013-06-07,0.9483
2013-06-10,0.9443
2013-06-11,0.9401
2013-06-12,0.9505
2013-06-13,0.9591
2013-06-14,0.9623
2013-06-17,0.9573
2013-06-18,0.9466
2013-06-19,0.9536
2013-06-20,0.9183
2013-06-21,0.9208
2013-06-24,0.9269
2013-06-25,0.9243
2013-06-26,0.9315
2013-06-27,0.9277
2013-06-28,0.9153
2013-07-01,0.9219
2013-07-02,0.9163
2013-07-03,0.9068
2013-07-04,0.9176
2013-07-05,0.9065
2013-07-08,0.9126
2013-07-09,0.9150
2013-07-10,0.9175
2013-07-11,0.9146
2013-07-12,0.9059
2013-07-15,0.9092
2013-07-16,0.9231
2013-07-17,0.9216
2013-07-18,0.9159
2013-07-19,0.9199
2013-07-22,0.9247
2013-07-23,0.9249
2013-07-24,0.9205
2013-07-25,0.9190
2013-07-26,0.9233
2013-07-29,0.9204
2013-07-30,0.9062
2013-07-31,0.8974
2013-08-01,0.8926
2013-08-02,0.8910
2013-08-05,0.8905
2013-08-06,0.8978
2013-08-07,0.8988
2013-08-08,0.9118
2013-08-09,0.9202
2013-08-12,0.9175
2013-08-13,0.9089
2013-08-14,0.9148
2013-08-15,0.9082
2013-08-16,0.9200
2013-08-19,0.9148
2013-08-20,0.9080
2013-08-21,0.9019
2013-08-22,0.9022
2013-08-23,0.9031
2013-08-26,0.9049
2013-08-27,0.8965
2013-08-28,0.8943
2013-08-29,0.8926
2013-08-30,0.8906
2013-09-02,0.8981
2013-09-03,0.9061
2013-09-04,0.9177
2013-09-05,0.9126
2013-09-06,0.9194
2013-09-09,0.9219
2013-09-10,0.9302
2013-09-11,0.9315
2013-09-12,0.9276
2013-09-13,0.9242
2013-09-16,0.9341
2013-09-17,0.9356
2013-09-18,0.9349
2013-09-19,0.9462
2013-09-20,0.9387
2013-09-23,0.9444
2013-09-24,0.9393
2013-09-25,0.9367
2013-09-26,0.9358
2013-09-27,0.9315
2013-09-30,0.9350
2013-10-01,0.9385
2013-10-02,0.9367
2013-10-03,0.9383
2013-10-04,0.9448
2013-10-07,0.9424
2013-10-08,0.9456
2013-10-09,0.9442
2013-10-10,0.9456
2013-10-11,0.9463
2013-10-14,0.9479
2013-10-15,0.9527
2013-10-16,0.9529
2013-10-17,0.9632
2013-10-18,0.9664
2013-10-21,0.9669
2013-10-22,0.9710
2013-10-23,0.9627
2013-10-24,0.9591
2013-10-25,0.9586
2013-10-28,0.9568
2013-10-29,0.9496
2013-10-30,0.9490
2013-10-31,0.9469
2013-11-01,0.9436
2013-11-04,0.9496
2013-11-05,0.9495
2013-11-06,0.9525
2013-11-07,0.9450
2013-11-08,0.9373
2013-11-11,0.9360
2013-11-12,0.9316
2013-11-13,0.9298
2013-11-14,0.9323
2013-11-15,0.9362
2013-11-18,0.9396
2013-11-19,0.9418
2013-11-20,0.9397
2013-11-21,0.9249
2013-11-22,0.9162
2013-11-25,0.9154
2013-11-26,0.9126
2013-11-27,0.9085
2013-11-28,0.9092
2013-11-29,0.9138
2013-12-02,0.9111
2013-12-03,0.9135
2013-12-04,0.9015
2013-12-05,0.9036
2013-12-06,0.9098
2013-12-09,0.9091
2013-12-10,0.9141
2013-12-11,0.9062
2013-12-12,0.8932
2013-12-13,0.8955
2013-12-16,0.8960
2013-12-17,0.8888
2013-12-18,0.8883
2013-12-19,0.8853
2013-12-20,0.8914
2013-12-23,0.8940
2013-12-24,0.8925
2013-12-25,0.8925
2013-12-26,0.8882
2013-12-27,0.8891
2013-12-30,0.8910
2013-12-31,0.8946
2014-01-01,0.8946
2014-01-02,0.8930
2014-01-03,0.8982
2014-01-06,0.8961
2014-01-07,0.8915
2014-01-08,0.8930
2014-01-09,0.8886
2014-01-10,0.8968
2014-01-13,0.9055
2014-01-14,0.8996
2014-01-15,0.8924
2014-01-16,0.8806
2014-01-17,0.8786
2014-01-20,0.8800
2014-01-21,0.8802
2014-01-22,0.8858
2014-01-23,0.8781
2014-01-24,0.8720
2014-01-27,0.8747
2014-01-28,0.8772
2014-01-29,0.8752
2014-01-30,0.8759
2014-01-31,0.8725
2014-02-03,0.8810
2014-02-04,0.8895
2014-02-05,0.8917
2014-02-06,0.8961
2014-02-07,0.8952
2014-02-10,0.8942
2014-02-11,0.9031
2014-02-12,0.9033
2014-02-13,0.8982
2014-02-14,0.9018
2014-02-17,0.9025
2014-02-18,0.9032
2014-02-19,0.9033
2014-02-20,0.8981
2014-02-21,0.8961
2014-02-24,0.9017
2014-02-25,0.9027
2014-02-26,0.8961
2014-02-27,0.8953
2014-02-28,0.8948
2014-03-03,0.8933
2014-03-04,0.8947
2014-03-05,0.8980
2014-03-06,0.9074
2014-03-07,0.9077
2014-03-10,0.9020
2014-03-11,0.9019
2014-03-12,0.8971
2014-03-13,0.9058
2014-03-14,0.9038
2014-03-17,0.9091
2014-03-18,0.9132
2014-03-19,0.9101
2014-03-20,0.9041
2014-03-21,0.9089
2014-03-24,0.9123
2014-03-25,0.9146
2014-03-26,0.9224
2014-03-27,0.9257
2014-03-28,0.9238
2014-03-31,0.9268
2014-04-01,0.9245
2014-04-02,0.9240
2014-04-03,0.9231
2014-04-04,0.9294
2014-04-07,0.9270
2014-04-08,0.9335
2014-04-09,0.9352
2014-04-10,0.9416
2014-04-11,0.9402
2014-04-14,0.9413
2014-04-15,0.9355
2014-04-16,0.9368
2014-04-17,0.9341
2014-04-18,0.9341
2014-04-21,0.9343
2014-04-22,0.9365
2014-04-23,0.9288
2014-04-24,0.9267
2014-04-25,0.9281
2014-04-28,0.9263
2014-04-29,0.9268
2014-04-30,0.9265
2014-05-01,0.9272
2014-05-02,0.9263
2014-05-05,0.9270
2014-05-06,0.9353
2014-05-07,0.9334
2014-05-08,0.9372
2014-05-09,0.9348
2014-05-12,0.9358
2014-05-13,0.9361
2014-05-14,0.9371
2014-05-15,0.9349
2014-05-16,0.9363
2014-05-19,0.9349
2014-05-20,0.9267
2014-05-21,0.9217
2014-05-22,0.9235
2014-05-23,0.9241
2014-05-26,0.9249
2014-05-27,0.9246
2014-05-28,0.9218
2014-05-29,0.9288
2014-05-30,0.9307
2014-06-02,0.9254
2014-06-03,0.9251
2014-06-04,0.9270
2014-06-05,0.9308
2014-06-06,0.9331
2014-06-09,0.9340
2014-06-10,0.9361
2014-06-11,0.9389
2014-06-12,0.9424
2014-06-13,0.9392
2014-06-16,0.9396
2014-06-17,0.9337
2014-06-18,0.9337
2014-06-19,0.9407
2014-06-20,0.9381
2014-06-23,0.9420
2014-06-24,0.9380
2014-06-25,0.9390
2014-06-26,0.9400
2014-06-27,0.9417
2014-06-30,0.9438
2014-07-01,0.9481
2014-07-02,0.9436
2014-07-03,0.9362
2014-07-04,0.9359
2014-07-07,0.9372
2014-07-08,0.9399
2014-07-09,0.9404
2014-07-10,0.9384
2014-07-11,0.9380
2014-07-14,0.9394
2014-07-15,0.9363
2014-07-16,0.9362
2014-07-17,0.9372
2014-07-18,0.9381
2014-07-21,0.9372
2014-07-22,0.9390
2014-07-23,0.9439
2014-07-24,0.9423
2014-07-25,0.9413
2014-07-28,0.9405
2014-07-29,0.9386
2014-07-30,0.9325
2014-07-31,0.9297
2014-08-01,0.9320
2014-08-04,0.9328
2014-08-05,0.9312
2014-08-06,0.9325
2014-08-07,0.9276
2014-08-08,0.9273
2014-08-11,0.9263
2014-08-12,0.9271
2014-08-13,0.9306
2014-08-14,0.9315
2014-08-15,0.9300
2014-08-18,0.9321
2014-08-19,0.9313
2014-08-20,0.9311
2014-08-21,0.9308
2014-08-22,0.9301
2014-08-25,0.9298
2014-08-26,0.9321
2014-08-27,0.9337
2014-08-28,0.9354
2014-08-29,0.9353
2014-09-01,0.9341
2014-09-02,0.9276
2014-09-03,0.9342
2014-09-04,0.9372
2014-09-05,0.9375
2014-09-08,0.9314
2014-09-09,0.9221
2014-09-10,0.9156
2014-09-11,0.9109
2014-09-12,0.9043
2014-09-13,0.9000
2014-09-14,0.9000
2014-09-15,0.9029
2014-09-16,0.9027
2014-09-17,0.9047
2014-09-18,0.8984
2014-09-19,0.8941
2014-09-20,0.8900
2014-09-21,0.8900
2014-09-22,0.8868
2014-09-23,0.8846
2014-09-24,0.8871
2014-09-25,0.8816
2014-09-26,0.8775
2014-09-27,0.8700
2014-09-28,0.8700
2014-09-29,0.8722
2014-09-30,0.8750
2014-10-01,0.8706
2014-10-02,0.8773
2014-10-03,0.8660
2014-10-04,0.8600
2014-10-05,0.8600
2014-10-06,0.8729
2014-10-07,0.8812
2014-10-08,0.8750
2014-10-09,0.8824
2014-10-10,0.8719
2014-10-11,0.8600
2014-10-12,0.8600
2014-10-13,0.8751
2014-10-14,0.8726
2014-10-15,0.8784
2014-10-16,0.8765
2014-10-17,0.8754
2014-10-18,0.8700
2014-10-19,0.8700
2014-10-20,0.8783
2014-10-21,0.8808
2014-10-22,0.8803
2014-10-23,0.8763
2014-10-24,0.8797
2014-10-25,0.8700
2014-10-26,0.8800
2014-10-27,0.8797
2014-10-28,0.8846
2014-10-29,0.8902
2014-10-30,0.8824
2014-10-31,0.8790
2014-11-01,0.8700
2014-11-02,0.8700
2014-11-03,0.8703
2014-11-04,0.8726
2014-11-05,0.8593
2014-11-06,0.8590
2014-11-07,0.8611
2014-11-08,0.8600
2014-11-09,0.8600
2014-11-10,0.8642
2014-11-11,0.8657
2014-11-12,0.8732
2014-11-13,0.8738
2014-11-14,0.8730
2014-11-16,0.8700
2014-11-17,0.8712
2014-11-18,0.8730
2014-11-19,0.8627
2014-11-20,0.8621
2014-11-21,0.8683
2014-11-22,0.8600
2014-11-23,0.8600
2014-11-24,0.8614
2014-11-25,0.8538
2014-11-26,0.8538
2014-11-27,0.8549
2014-11-28,0.8535
2014-12-01,0.8491
2014-12-02,0.8457
2014-12-03,0.8424
2014-12-04,0.8399
2014-12-05,0.8332
2014-12-08,0.8312
2014-12-09,0.8351
2014-12-10,0.8306
2014-12-11,0.8253
2014-12-12,0.8249
2014-12-15,0.8208
2014-12-16,0.8216
2014-12-17,0.8165
2014-12-18,0.8158
2014-12-19,0.8149
2014-12-22,0.8143
2014-12-23,0.8099
2014-12-24,0.8105
2014-12-25,0.8105
2014-12-26,0.8112
2014-12-29,0.8147
2014-12-30,0.8197
2014-12-31,0.8183
2015-01-01,0.8183
2015-01-02,0.8124
2015-01-05,0.8097
2015-01-06,0.8113
2015-01-07,0.8041
2015-01-08,0.8108
2015-01-09,0.8187
2015-01-12,0.8158
2015-01-13,0.8154
2015-01-14,0.8159
2015-01-15,0.8227
2015-01-16,0.8200
2015-01-19,0.8218
2015-01-20,0.8178
2015-01-21,0.8148
2015-01-22,0.8108
2015-01-23,0.7946
2015-01-26,0.7923
2015-01-27,0.7952
2015-01-28,0.7960
2015-01-29,0.7787
2015-01-30,0.7787
2015-02-02,0.7819
2015-02-03,0.7690
2015-02-04,0.7750
2015-02-05,0.7807
2015-02-06,0.7807
2015-02-09,0.7821
2015-02-10,0.7779
2015-02-11,0.7713
2015-02-12,0.7713
2015-02-13,0.7774
2015-02-16,0.7776
2015-02-17,0.7802
2015-02-18,0.7793
2015-02-19,0.7791
2015-02-20,0.7831
2015-02-23,0.7805
2015-02-24,0.7815
2015-02-25,0.7889
2015-02-26,0.7825
2015-02-27,0.7827
2015-03-02,0.7782
2015-03-03,0.7831
2015-03-04,0.7820
2015-03-05,0.7775
2015-03-06,0.7732
2015-03-09,0.7715
2015-03-10,0.7637
2015-03-11,0.7581
2015-03-12,0.7705
2015-03-13,0.7630
2015-03-16,0.7656
2015-03-17,0.7613
2015-03-18,0.7653
2015-03-19,0.7618
2015-03-20,0.7760
2015-03-23,0.7847
2015-03-24,0.7869
2015-03-25,0.7857
2015-03-26,0.7833
2015-03-27,0.7752
2015-03-30,0.7639
2015-03-31,0.7639
2015-04-01,0.7619
2015-04-02,0.7577
2015-04-03,0.7577
2015-04-06,0.7664
2015-04-07,0.7652
2015-04-08,0.7697
2015-04-09,0.7698
2015-04-10,0.7682
2015-04-13,0.7567
2015-04-14,0.7647
2015-04-15,0.7617
2015-04-16,0.7770
2015-04-17,0.7769
2015-04-20,0.7726
2015-04-21,0.7741
2015-04-22,0.7761
2015-04-23,0.7767
2015-04-24,0.7824
2015-04-27,0.7866
2015-04-28,0.8003
2015-04-29,0.8055
2015-04-30,0.7887
2015-05-01,0.7835
2015-05-04,0.7843
2015-05-05,0.7937
2015-05-06,0.8018
2015-05-07,0.7915
2015-05-08,0.7903
2015-05-11,0.7915
2015-05-12,0.7977
2015-05-13,0.8098
2015-05-14,0.8082
2015-05-15,0.8053
2015-05-18,0.8008
2015-05-19,0.7909
2015-05-20,0.7877
2015-05-21,0.7877
2015-05-22,0.7825
2015-05-25,0.7825
2015-05-26,0.7741
2015-05-27,0.7713
2015-05-28,0.7639
2015-05-29,0.7654
2015-06-01,0.7615
2015-06-02,0.7747
2015-06-03,0.7803
2015-06-04,0.7676
2015-06-05,0.7626
2015-06-08,0.7632
2015-06-09,0.7674
2015-06-10,0.7753
2015-06-11,0.7719
2015-06-12,0.7739
2015-06-15,0.7766
2015-06-16,0.7754
2015-06-17,0.7666
2015-06-18,0.7825
2015-06-19,0.7755
2015-06-22,0.7757
2015-06-23,0.7726
2015-06-24,0.7689
2015-06-25,0.7741
2015-06-26,0.7643
2015-06-29,0.7652
2015-06-30,0.7686
2015-07-01,0.7666
2015-07-02,0.7633
2015-07-03,0.7517
2015-07-04,0.7400
2015-07-06,0.7528
2015-07-07,0.7426
2015-07-08,0.7431
2015-07-09,0.7457
2015-07-10,0.7447
2015-07-13,0.7398
2015-07-14,0.7452
2015-07-15,0.7382
2015-07-16,0.7412
2015-07-17,0.7375
2015-07-20,0.7373
2015-07-21,0.7427
2015-07-22,0.7383
2015-07-23,0.7361
2015-07-24,0.7284
2015-07-27,0.7271
2015-07-28,0.7342
2015-07-29,0.7299
2015-07-30,0.7292
2015-07-31,0.7307
2015-08-01,0.7307
2015-08-03,0.7274
2015-08-04,0.7418
2015-08-05,0.7353
2015-08-06,0.7343
2015-08-07,0.7419
2015-08-10,0.7413
2015-08-11,0.7306
2015-08-12,0.7384
2015-08-13,0.7365
2015-08-14,0.7377
2015-08-17,0.7376
2015-08-18,0.7335
2015-08-19,0.7349
2015-08-20,0.7336
2015-08-21,0.7319
2015-08-24,0.7150
2015-08-25,0.7119
2015-08-26,0.7121
2015-08-27,0.7171
2015-08-28,0.7165
2015-08-31,0.7117
2015-09-01,0.7024
2015-09-02,0.7050
2015-09-03,0.7017
2015-09-04,0.6911
2015-09-07,0.6934
2015-09-08,0.7024
2015-09-09,0.6980
2015-09-10,0.7073
2015-09-11,0.7093
2015-09-14,0.7137
2015-09-15,0.7133
2015-09-16,0.7186
2015-09-17,0.7178
2015-09-18,0.7191
2015-09-21,0.7129
2015-09-22,0.7075
2015-09-23,0.6994
2015-09-24,0.7015
2015-09-25,0.7024
2015-09-26,0.7024
2015-09-28,0.6977
2015-09-29,0.6992
2015-09-30,0.6999
2015-10-01,0.7035
2015-10-02,0.7053
2015-10-05,0.7083
2015-10-06,0.7166
2015-10-07,0.7208
2015-10-08,0.7260
2015-10-09,0.7336
2015-10-12,0.7362
2015-10-13,0.7245
2015-10-14,0.7300
2015-10-15,0.7329
2015-10-16,0.7264
2015-10-19,0.7248
2015-10-20,0.7260
2015-10-21,0.7210
2015-10-22,0.7208
2015-10-23,0.7216
2015-10-26,0.7249
2015-10-27,0.7193
2015-10-28,0.7115
2015-10-29,0.7074
2015-10-30,0.7138
2015-11-02,0.7147
2015-11-03,0.7186
2015-11-04,0.7149
2015-11-05,0.7144
2015-11-06,0.7043
2015-11-08,0.7039
2015-11-09,0.7047
2015-11-10,0.7032
2015-11-11,0.7062
2015-11-12,0.7126
2015-11-13,0.7127
2015-11-16,0.7096
2015-11-17,0.7111
2015-11-18,0.7111
2015-11-19,0.7194
2015-11-20,0.7239
2015-11-23,0.7192
2015-11-24,0.7257
2015-11-25,0.7252
2015-11-26,0.7225
2015-11-27,0.7193
2015-11-28,0.7194
2015-11-30,0.7227
2015-12-01,0.7323
2015-12-02,0.7309
2015-12-03,0.7341
2015-12-04,0.7339
2015-12-06,0.7337
2015-12-07,0.7267
2015-12-08,0.7215
2015-12-09,0.7229
2015-12-10,0.7281
2015-12-11,0.7189
2015-12-14,0.7242
2015-12-15,0.7192
2015-12-16,0.7233
2015-12-17,0.7129
2015-12-18,0.7176
2015-12-21,0.7190
2015-12-22,0.7236
2015-12-23,0.7234
2015-12-24,0.7263
2015-12-25,0.7280
2015-12-28,0.7249
2015-12-29,0.7296
2015-12-30,0.7287
2015-12-31,0.7286
2016-01-01,0.7303
2016-01-04,0.7191
2016-01-05,0.7161
2016-01-06,0.7072
2016-01-07,0.7012
2016-01-08,0.6953
2016-01-11,0.6995
2016-01-12,0.6986
2016-01-13,0.6955
2016-01-14,0.6985
2016-01-15,0.6864
2016-01-18,0.6866
2016-01-19,0.6909
2016-01-20,0.6938
2016-01-21,0.7015
2016-01-22,0.7004
2016-01-25,0.6937
2016-01-26,0.7004
2016-01-27,0.7012
2016-01-28,0.7082
2016-01-29,0.7082
2016-02-01,0.7111
2016-02-02,0.7025
2016-02-03,0.7128
2016-02-04,0.7198
2016-02-05,0.7071
2016-02-08,0.7076
2016-02-09,0.7064
2016-02-10,0.7101
2016-02-11,0.7122
2016-02-12,0.7104
2016-02-15,0.7146
2016-02-16,0.7116
2016-02-17,0.7175
2016-02-18,0.7148
2016-02-19,0.7148
2016-02-22,0.7226
2016-02-23,0.7195
2016-02-24,0.7190
2016-02-25,0.7235
2016-02-26,0.7130
2016-02-29,0.7139
2016-03-01,0.7181
2016-03-02,0.7285
2016-03-03,0.7356
2016-03-04,0.7432
2016-03-07,0.7456
2016-03-08,0.7434

